"Project","Script","LibraryPath"
"infrastructure","index.ts","library/infrastructure_index.ts"
"infrastructure","worker-configuration.d.ts","library/infrastructure_worker-configuration.d.ts"
"infrastructure","create-launcher.sh","library/infrastructure_create-launcher.sh"
"infrastructure","check-bios.sh","library/infrastructure_check-bios.sh"
"infrastructure","rom-import.sh","library/infrastructure_rom-import.sh"
"infrastructure","Starkos full install.sh","library/infrastructure_Starkos full install.sh"
"infrastructure","fix_structure.sh","library/infrastructure_fix_structure.sh"
"infrastructure","install.sh","library/infrastructure_install.sh"
"infrastructure","system_monitor.sh","library/infrastructure_system_monitor.sh"
"infrastructure","example.sh","library/infrastructure_example.sh"
"infrastructure","plugin_api.sh","library/infrastructure_plugin_api.sh"
"infrastructure","plugin_manager.sh","library/infrastructure_plugin_manager.sh"
"infrastructure","setup.sh","library/infrastructure_setup.sh"
"infrastructure","app.js","library/infrastructure_app.js"
"infrastructure","install_web_gui.sh","library/infrastructure_install_web_gui.sh"
"infrastructure","integrate_web_gui.sh","library/infrastructure_integrate_web_gui.sh"
"infrastructure","server.js","library/infrastructure_server.js"
"infrastructure","backup.sh","library/infrastructure_backup.sh"
"infrastructure","cleanup.sh","library/infrastructure_cleanup.sh"
"infrastructure","diagnostics.sh","library/infrastructure_diagnostics.sh"
"infrastructure","fzf_theme.sh","library/infrastructure_fzf_theme.sh"
"infrastructure","git_sync.sh","library/infrastructure_git_sync.sh"
"infrastructure","changelog.sh","library/infrastructure_changelog.sh"
"infrastructure","install_fzf.sh","library/infrastructure_install_fzf.sh"
"infrastructure","manager.sh","library/infrastructure_manager.sh"
"infrastructure","restore.sh","library/infrastructure_restore.sh"
"infrastructure","switch.sh","library/infrastructure_switch.sh"
"infrastructure","system_backup.sh","library/infrastructure_system_backup.sh"
"infrastructure","upgrade.sh","library/infrastructure_upgrade.sh"
"infrastructure","fix_structure.sh","library/infrastructure_fix_structure.sh"
"infrastructure","md_installer.sh","library/infrastructure_md_installer.sh"
"infrastructure","md_super_installer_linux5.sh","library/infrastructure_md_super_installer_linux5.sh"
"infrastructure","md_super_installer_termux5.sh","library/infrastructure_md_super_installer_termux5.sh"
"infrastructure","md_super_installer_win5.ps1","library/infrastructure_md_super_installer_win5.ps1"
"infrastructure","shares.py","library/infrastructure_shares.py"
"infrastructure","snapshots.py","library/infrastructure_snapshots.py"
"infrastructure","storage.py","library/infrastructure_storage.py"
"infrastructure","app.py","library/infrastructure_app.py"
"infrastructure","app.py","library/infrastructure_app.py"
"infrastructure","nas_install.sh","library/infrastructure_nas_install.sh"
"infrastructure","nas_minimal_install.sh","library/infrastructure_nas_minimal_install.sh"
"infrastructure","project_analyzer.ps1","library/infrastructure_project_analyzer.ps1"
"infrastructure","project_audit.ps1","library/infrastructure_project_audit.ps1"
"infrastructure","project_classifier.ps1","library/infrastructure_project_classifier.ps1"
"infrastructure","actions.py","library/infrastructure_actions.py"
"infrastructure","ai.py","library/infrastructure_ai.py"
"infrastructure","backup_docs.sh","library/infrastructure_backup_docs.sh"
"infrastructure","docs_menu.sh","library/infrastructure_docs_menu.sh"
"infrastructure","generate_docs.sh","library/infrastructure_generate_docs.sh"
"infrastructure","restore.sh","library/infrastructure_restore.sh"
"infrastructure","backend.py","library/infrastructure_backend.py"
"infrastructure","logger.sh","library/infrastructure_logger.sh"
"infrastructure","modules.sh","library/infrastructure_modules.sh"
"infrastructure","system.sh","library/infrastructure_system.sh"
"infrastructure","ui.sh","library/infrastructure_ui.sh"
"infrastructure","android.sh","library/infrastructure_android.sh"
"infrastructure","backup.sh","library/infrastructure_backup.sh"
"infrastructure","docker.sh","library/infrastructure_docker.sh"
"infrastructure","k3s.sh","library/infrastructure_k3s.sh"
"infrastructure","monitoring.sh","library/infrastructure_monitoring.sh"
"infrastructure","nas.sh","library/infrastructure_nas.sh"
"infrastructure","pentest.sh","library/infrastructure_pentest.sh"
"infrastructure","security.sh","library/infrastructure_security.sh"
"infrastructure","apparmor.sh","library/infrastructure_apparmor.sh"
"infrastructure","audit.sh","library/infrastructure_audit.sh"
"infrastructure","auto_updates.sh","library/infrastructure_auto_updates.sh"
"infrastructure","fail2ban.sh","library/infrastructure_fail2ban.sh"
"infrastructure","firewall.sh","library/infrastructure_firewall.sh"
"infrastructure","integrity_check.sh","library/infrastructure_integrity_check.sh"
"infrastructure","security_install.sh","library/infrastructure_security_install.sh"
"infrastructure","security_menu.sh","library/infrastructure_security_menu.sh"
"infrastructure","ssh_hardening.sh","library/infrastructure_ssh_hardening.sh"
"infrastructure","gui_update_menu.sh","library/infrastructure_gui_update_menu.sh"
"infrastructure","rollback.sh","library/infrastructure_rollback.sh"
"infrastructure","updater.sh","library/infrastructure_updater.sh"
"infrastructure","verify.sh","library/infrastructure_verify.sh"
"infrastructure","dashboard.js","library/infrastructure_dashboard.js"
"infrastructure","app.py","library/infrastructure_app.py"
"infrastructure","install.sh","library/infrastructure_install.sh"
"infrastructure","install_powershell_pro_max.ps1","library/infrastructure_install_powershell_pro_max.ps1"
"infrastructure","install_pro_max_extreme.ps1","library/infrastructure_install_pro_max_extreme.ps1"
"infrastructure","PSLauncher.ps1","library/infrastructure_PSLauncher.ps1"
"infrastructure","starko_dashboard_server.ps1","library/infrastructure_starko_dashboard_server.ps1"
"infrastructure","prepare-proxmox-usb.sh","library/infrastructure_prepare-proxmox-usb.sh"
"infrastructure","proxmox-post-install.sh","library/infrastructure_proxmox-post-install.sh"
"infrastructure","conf.py","library/infrastructure_conf.py"
"infrastructure","__init__.py","library/infrastructure___init__.py"
"infrastructure","api_listing.py","library/infrastructure_api_listing.py"
"infrastructure","api_meta_data.py","library/infrastructure_api_meta_data.py"
"infrastructure","exceptions.py","library/infrastructure_exceptions.py"
"infrastructure","measurement_tagging.py","library/infrastructure_measurement_tagging.py"
"infrastructure","measurement.py","library/infrastructure_measurement.py"
"infrastructure","request.py","library/infrastructure_request.py"
"infrastructure","source.py","library/infrastructure_source.py"
"infrastructure","stream.py","library/infrastructure_stream.py"
"infrastructure","version.py","library/infrastructure_version.py"
"infrastructure","__init__.py","library/infrastructure___init__.py"
"infrastructure","__init__.py","library/infrastructure___init__.py"
"infrastructure","__init__.py","library/infrastructure___init__.py"
"infrastructure","test_api_listing.py","library/infrastructure_test_api_listing.py"
"infrastructure","test_api_meta_data.py","library/infrastructure_test_api_meta_data.py"
"infrastructure","test_measurement_types.py","library/infrastructure_test_measurement_types.py"
"infrastructure","test_measurements.py","library/infrastructure_test_measurements.py"
"infrastructure","test_real_server.py","library/infrastructure_test_real_server.py"
"infrastructure","test_requests.py","library/infrastructure_test_requests.py"
"infrastructure","test_source.py","library/infrastructure_test_source.py"
"infrastructure","setup.py","library/infrastructure_setup.py"
"infrastructure","Installer.ps1","library/infrastructure_Installer.ps1"
"infrastructure","SpustitVM-v6.ps1","library/infrastructure_SpustitVM-v6.ps1"
"infrastructure","deploy_chatbot_wifi.sh","library/infrastructure_deploy_chatbot_wifi.sh"
"infrastructure","android_gui.py","library/infrastructure_android_gui.py"
"infrastructure","install_vnc.sh","library/infrastructure_install_vnc.sh"
"infrastructure","vnc-auto-resize-ultimate-v3.sh","library/infrastructure_vnc-auto-resize-ultimate-v3.sh"
"infrastructure","install gui vnc server.sh","library/infrastructure_install gui vnc server.sh"
"infrastructure","backup-config.sh","library/infrastructure_backup-config.sh"
"infrastructure","lcd-off.sh","library/infrastructure_lcd-off.sh"
"infrastructure","lcd-on.sh","library/infrastructure_lcd-on.sh"
"infrastructure","hdmi_hotplug_switch.sh","library/infrastructure_hdmi_hotplug_switch.sh"
"infrastructure","setup_mhs35_auto_dpi.sh","library/infrastructure_setup_mhs35_auto_dpi.sh"
"infrastructure","setup_mhs35.sh","library/infrastructure_setup_mhs35.sh"
"infrastructure","format_ssd.sh","library/infrastructure_format_ssd.sh"
"infrastructure","setup_devlab.sh","library/infrastructure_setup_devlab.sh"
"infrastructure","setup_stardroid.sh","library/infrastructure_setup_stardroid.sh"
"infrastructure","create-launcher.sh","library/infrastructure_create-launcher.sh"
"infrastructure","check-bios.sh","library/infrastructure_check-bios.sh"
"infrastructure","rom-import.sh","library/infrastructure_rom-import.sh"
"infrastructure","Starkos full install.sh","library/infrastructure_Starkos full install.sh"
"infrastructure","Installer.ps1","library/infrastructure_Installer.ps1"
"infrastructure","SpustitVM-v6.ps1","library/infrastructure_SpustitVM-v6.ps1"
"infrastructure","ai_advisor.sh","library/infrastructure_ai_advisor.sh"
"infrastructure","backup-config.sh","library/infrastructure_backup-config.sh"
"infrastructure","build.sh","library/infrastructure_build.sh"
"infrastructure","detect_device.sh","library/infrastructure_detect_device.sh"
"infrastructure","frp_samsung.sh","library/infrastructure_frp_samsung.sh"
"infrastructure","gui.sh","library/infrastructure_gui.sh"
"infrastructure","install_starkos_lab.sh","library/infrastructure_install_starkos_lab.sh"
"infrastructure","lcd-off.sh","library/infrastructure_lcd-off.sh"
"infrastructure","lcd-on.sh","library/infrastructure_lcd-on.sh"
"infrastructure","udrzba.sh","library/infrastructure_udrzba.sh"
"infrastructure","ai_advisor.sh","library/infrastructure_ai_advisor.sh"
"infrastructure","detect_device.sh","library/infrastructure_detect_device.sh"
"infrastructure","frp_samsung.sh","library/infrastructure_frp_samsung.sh"
"infrastructure","ajax.js","library/infrastructure_ajax.js"
"infrastructure","gui.sh","library/infrastructure_gui.sh"
"infrastructure","customize_ultraos_desktop.sh","library/infrastructure_customize_ultraos_desktop.sh"
"infrastructure","mini_OS_term.sh","library/infrastructure_mini_OS_term.sh"
"infrastructure","starko_final_srtup.sh","library/infrastructure_starko_final_srtup.sh"
"infrastructure","pg9157_android.sh","library/infrastructure_pg9157_android.sh"
"infrastructure","pg9157_game.sh","library/infrastructure_pg9157_game.sh"
"infrastructure","pg9157_keyboard.sh","library/infrastructure_pg9157_keyboard.sh"
"infrastructure","pg9157_mouse.sh","library/infrastructure_pg9157_mouse.sh"
"infrastructure","instal_run_mapp_autorun_ovladac.sh","library/infrastructure_instal_run_mapp_autorun_ovladac.sh"
"infrastructure","pg9157_abo.sh","library/infrastructure_pg9157_abo.sh"
"infrastructure","pg9157_auto_connect.sh","library/infrastructure_pg9157_auto_connect.sh"
"infrastructure","_wd.sh","library/infrastructure__wd.sh"
"infrastructure","00-base.sh","library/infrastructure_00-base.sh"
"infrastructure","01-dev.sh","library/infrastructure_01-dev.sh"
"infrastructure","02-ai.sh","library/infrastructure_02-ai.sh"
"infrastructure","03-re.sh","library/infrastructure_03-re.sh"
"infrastructure","04-gui.sh","library/infrastructure_04-gui.sh"
"infrastructure","05-cleaner.sh","library/infrastructure_05-cleaner.sh"
"infrastructure","06-diagnostics.sh","library/infrastructure_06-diagnostics.sh"
"infrastructure","50-systemd-user.sh","library/infrastructure_50-systemd-user.sh"
"infrastructure","adb_tools.sh","library/infrastructure_adb_tools.sh"
"infrastructure","add_macos_jna.sh","library/infrastructure_add_macos_jna.sh"
"infrastructure","add_system_icons.sh","library/infrastructure_add_system_icons.sh"
"infrastructure","ai_cli.sh","library/infrastructure_ai_cli.sh"
"infrastructure","ai_dev_autonomous_push.sh","library/infrastructure_ai_dev_autonomous_push.sh"
"infrastructure","ai_dev_codechat.sh","library/infrastructure_ai_dev_codechat.sh"
"infrastructure","ai_dev_codespace_full.sh","library/infrastructure_ai_dev_codespace_full.sh"
"infrastructure","ai_dev_interactive.sh","library/infrastructure_ai_dev_interactive.sh"
"infrastructure","ai_dev_setup.sh","library/infrastructure_ai_dev_setup.sh"
"infrastructure","ai_engine.sh","library/infrastructure_ai_engine.sh"
"infrastructure","ai_helper.sh","library/infrastructure_ai_helper.sh"
"infrastructure","ai_plugin_workspace.sh","library/infrastructure_ai_plugin_workspace.sh"
"infrastructure","ai.sh","library/infrastructure_ai.sh"
"infrastructure","android.sh","library/infrastructure_android.sh"
"infrastructure","apk_manager.sh","library/infrastructure_apk_manager.sh"
"infrastructure","apk_to_waydroid.sh","library/infrastructure_apk_to_waydroid.sh"
"infrastructure","askpass-empty.sh","library/infrastructure_askpass-empty.sh"
"infrastructure","askpass.sh","library/infrastructure_askpass.sh"
"infrastructure","authselect-completion.sh","library/infrastructure_authselect-completion.sh"
"infrastructure","auto-ai-github.sh","library/infrastructure_auto-ai-github.sh"
"infrastructure","auto-updater.sh","library/infrastructure_auto-updater.sh"
"infrastructure","autogen.sh","library/infrastructure_autogen.sh"
"infrastructure","autoinstall.sh","library/infrastructure_autoinstall.sh"
"infrastructure","autopsy-solr.in.sh","library/infrastructure_autopsy-solr.in.sh"
"infrastructure","B2N-0-347C-e2p.sh","library/infrastructure_B2N-0-347C-e2p.sh"
"infrastructure","backup_restore.sh","library/infrastructure_backup_restore.sh"
"infrastructure","backup_sh_file.sh","library/infrastructure_backup_sh_file.sh"
"infrastructure","backup-data.sh","library/infrastructure_backup-data.sh"
"infrastructure","backup-manager.sh","library/infrastructure_backup-manager.sh"
"infrastructure","browser-darwin.sh","library/infrastructure_browser-darwin.sh"
"infrastructure","browser-linux.sh","library/infrastructure_browser-linux.sh"
"infrastructure","build_deb.sh","library/infrastructure_build_deb.sh"
"infrastructure","build.sh","library/infrastructure_build.sh"
"infrastructure","build32.sh","library/infrastructure_build32.sh"
"infrastructure","build64.sh","library/infrastructure_build64.sh"
"infrastructure","catimg.sh","library/infrastructure_catimg.sh"
"infrastructure","ci_setup_clang.sh","library/infrastructure_ci_setup_clang.sh"
"infrastructure","code-darwin.sh","library/infrastructure_code-darwin.sh"
"infrastructure","code-linux.sh","library/infrastructure_code-linux.sh"
"infrastructure","color-test.sh","library/infrastructure_color-test.sh"
"infrastructure","colorgrep.sh","library/infrastructure_colorgrep.sh"
"infrastructure","colorls.sh","library/infrastructure_colorls.sh"
"infrastructure","colorxzgrep.sh","library/infrastructure_colorxzgrep.sh"
"infrastructure","colorzgrep.sh","library/infrastructure_colorzgrep.sh"
"infrastructure","completion.sh","library/infrastructure_completion.sh"
"infrastructure","config_reset.sh","library/infrastructure_config_reset.sh"
"infrastructure","configure-backup.sh","library/infrastructure_configure-backup.sh"
"infrastructure","cpuUsage.sh","library/infrastructure_cpuUsage.sh"
"infrastructure","de-yum-kde.sh","library/infrastructure_de-yum-kde.sh"
"infrastructure","deploy_chatbot_wifi.sh","library/infrastructure_deploy_chatbot_wifi.sh"
"infrastructure","detect_mhs.sh","library/infrastructure_detect_mhs.sh"
"infrastructure","disk_tools.sh","library/infrastructure_disk_tools.sh"
"infrastructure","dpl4hydra.sh","library/infrastructure_dpl4hydra.sh"
"infrastructure","drush.complete.sh","library/infrastructure_drush.complete.sh"
"infrastructure","emacsclient.sh","library/infrastructure_emacsclient.sh"
"infrastructure","emulator_manager.sh","library/infrastructure_emulator_manager.sh"
"infrastructure","export-rules.sh","library/infrastructure_export-rules.sh"
"infrastructure","fastboot_tools.sh","library/infrastructure_fastboot_tools.sh"
"infrastructure","fix_scripts.sh","library/infrastructure_fix_scripts.sh"
"infrastructure","flash_debian.sh","library/infrastructure_flash_debian.sh"
"infrastructure","flash_fixed.sh","library/infrastructure_flash_fixed.sh"
"infrastructure","format.sh","library/infrastructure_format.sh"
"infrastructure","fsck_module.sh","library/infrastructure_fsck_module.sh"
"infrastructure","full-auto-github-upload.sh","library/infrastructure_full-auto-github-upload.sh"
"infrastructure","full-install-skript.sh","library/infrastructure_full-install-skript.sh"
"infrastructure","gawk.sh","library/infrastructure_gawk.sh"
"infrastructure","generate_recovery.sh","library/infrastructure_generate_recovery.sh"
"infrastructure","git-editor-empty.sh","library/infrastructure_git-editor-empty.sh"
"infrastructure","git-editor.sh","library/infrastructure_git-editor.sh"
"infrastructure","git-prompt.sh","library/infrastructure_git-prompt.sh"
"infrastructure","gnupg2.sh","library/infrastructure_gnupg2.sh"
"infrastructure","grepconf.sh","library/infrastructure_grepconf.sh"
"infrastructure","headless_full_deploy_rpi5.sh","library/infrastructure_headless_full_deploy_rpi5.sh"
"infrastructure","hydra-wizard.sh","library/infrastructure_hydra-wizard.sh"
"infrastructure","changelog.sh","library/infrastructure_changelog.sh"
"infrastructure","check_for_upgrade.sh","library/infrastructure_check_for_upgrade.sh"
"infrastructure","check_project.sh","library/infrastructure_check_project.sh"
"infrastructure","check-requirements.sh","library/infrastructure_check-requirements.sh"
"infrastructure","chroot.sh","library/infrastructure_chroot.sh"
"infrastructure","import_roms.sh","library/infrastructure_import_roms.sh"
"infrastructure","import-rules.sh","library/infrastructure_import-rules.sh"
"infrastructure","install_ai_dev_env.sh","library/infrastructure_install_ai_dev_env.sh"
"infrastructure","install_ai_station.sh","library/infrastructure_install_ai_station.sh"
"infrastructure","install_all.sh","library/infrastructure_install_all.sh"
"infrastructure","install_application.sh","library/infrastructure_install_application.sh"
"infrastructure","install_codegpt.sh","library/infrastructure_install_codegpt.sh"
"infrastructure","install_from_github.sh","library/infrastructure_install_from_github.sh"
"infrastructure","install_gui.sh","library/infrastructure_install_gui.sh"
"infrastructure","install_prereqs_macos.sh","library/infrastructure_install_prereqs_macos.sh"
"infrastructure","install_prereqs_ubuntu.sh","library/infrastructure_install_prereqs_ubuntu.sh"
"infrastructure","install_smarthome_allinone.sh","library/infrastructure_install_smarthome_allinone.sh"
"infrastructure","install_solr_service.sh","library/infrastructure_install_solr_service.sh"
"infrastructure","Install_starkos_lab.sh","library/infrastructure_Install_starkos_lab.sh"
"infrastructure","install_universal_ai_analyzer.sh","library/infrastructure_install_universal_ai_analyzer.sh"
"infrastructure","install_v7_termux.sh","library/infrastructure_install_v7_termux.sh"
"infrastructure","install-all.sh","library/infrastructure_install-all.sh"
"infrastructure","install-temurin17.sh","library/infrastructure_install-temurin17.sh"
"infrastructure","kernel_selfheal.sh","library/infrastructure_kernel_selfheal.sh"
"infrastructure","Kompletní konfigurační skript.sh","library/infrastructure_Kompletní konfigurační skript.sh"
"infrastructure","lang.sh","library/infrastructure_lang.sh"
"infrastructure","make_xhydra.sh","library/infrastructure_make_xhydra.sh"
"infrastructure","menu.sh","library/infrastructure_menu.sh"
"infrastructure","mhs_detect.sh","library/infrastructure_mhs_detect.sh"
"infrastructure","nas_manager.sh","library/infrastructure_nas_manager.sh"
"infrastructure","plugin_ai_assistant.sh","library/infrastructure_plugin_ai_assistant.sh"
"infrastructure","plugin_disk_health.sh","library/infrastructure_plugin_disk_health.sh"
"infrastructure","plugin_iot_sensors.sh","library/infrastructure_plugin_iot_sensors.sh"
"infrastructure","plugin_loader.sh","library/infrastructure_plugin_loader.sh"
"infrastructure","plugin_log_monitoring.sh","library/infrastructure_plugin_log_monitoring.sh"
"infrastructure","plugin_system_stats.sh","library/infrastructure_plugin_system_stats.sh"
"infrastructure","plugin-dashboard.sh","library/infrastructure_plugin-dashboard.sh"
"infrastructure","plugin-fix_scripts.sh","library/infrastructure_plugin-fix_scripts.sh"
"infrastructure","plugin-fsck_module.sh","library/infrastructure_plugin-fsck_module.sh"
"infrastructure","plugin-mbr-gpt_module.sh","library/infrastructure_plugin-mbr-gpt_module.sh"
"infrastructure","plugin-network_check.sh","library/infrastructure_plugin-network_check.sh"
"infrastructure","plugin-retro_games.sh","library/infrastructure_plugin-retro_games.sh"
"infrastructure","postflash_nymea_kiosk.sh","library/infrastructure_postflash_nymea_kiosk.sh"
"infrastructure","postinstall.sh","library/infrastructure_postinstall.sh"
"infrastructure","ps.sh","library/infrastructure_ps.sh"
"infrastructure","recovery.sh","library/infrastructure_recovery.sh"
"infrastructure","repair_boot.sh","library/infrastructure_repair_boot.sh"
"infrastructure","repair_fs.sh","library/infrastructure_repair_fs.sh"
"infrastructure","require_tool.sh","library/infrastructure_require_tool.sh"
"infrastructure","run-workflow.sh","library/infrastructure_run-workflow.sh"
"infrastructure","service-monitor.sh","library/infrastructure_service-monitor.sh"
"infrastructure","setup_emulators.sh","library/infrastructure_setup_emulators.sh"
"infrastructure","setup_services.sh","library/infrastructure_setup_services.sh"
"infrastructure","setup-universal.sh","library/infrastructure_setup-universal.sh"
"infrastructure","setup.sh","library/infrastructure_setup.sh"
"infrastructure","shellIntegration-bash.sh","library/infrastructure_shellIntegration-bash.sh"
"infrastructure","smart_menu.sh","library/infrastructure_smart_menu.sh"
"infrastructure","smarthome_installer.sh","library/infrastructure_smarthome_installer.sh"
"infrastructure","solr.in.sh","library/infrastructure_solr.in.sh"
"infrastructure","starko_linux.sh","library/infrastructure_starko_linux.sh"
"infrastructure","starko_termux_full_v11.sh","library/infrastructure_starko_termux_full_v11.sh"
"infrastructure","starko_termux_full_v12.3-ultra.sh","library/infrastructure_starko_termux_full_v12.3-ultra.sh"
"infrastructure","starko_termux_full.sh","library/infrastructure_starko_termux_full.sh"
"infrastructure","start_twister_suite.sh","library/infrastructure_start_twister_suite.sh"
"infrastructure","stav_SSH_sluzby.sh","library/infrastructure_stav_SSH_sluzby.sh"
"infrastructure","supertermux_setup.sh","library/infrastructure_supertermux_setup.sh"
"infrastructure","sync_bios.sh","library/infrastructure_sync_bios.sh"
"infrastructure","sync_roms.sh","library/infrastructure_sync_roms.sh"
"infrastructure","sysusers.sh","library/infrastructure_sysusers.sh"
"infrastructure","termux_complete_installer.sh","library/infrastructure_termux_complete_installer.sh"
"infrastructure","termux_master_system_v5.sh","library/infrastructure_termux_master_system_v5.sh"
"infrastructure","test_run.sh","library/infrastructure_test_run.sh"
"infrastructure","theme_chooser.sh","library/infrastructure_theme_chooser.sh"
"infrastructure","theme_installer.sh","library/infrastructure_theme_installer.sh"
"infrastructure","twisteros_supermanager_full_installer.sh","library/infrastructure_twisteros_supermanager_full_installer.sh"
"infrastructure","uninstall.sh","library/infrastructure_uninstall.sh"
"infrastructure","universal-root.sh","library/infrastructure_universal-root.sh"
"infrastructure","unix_setup.sh","library/infrastructure_unix_setup.sh"
"infrastructure","upgrade.sh","library/infrastructure_upgrade.sh"
"infrastructure","usb.sh","library/infrastructure_usb.sh"
"infrastructure","watchdog_services.sh","library/infrastructure_watchdog_services.sh"
"infrastructure","wd.sh","library/infrastructure_wd.sh"
"infrastructure","web_api.sh","library/infrastructure_web_api.sh"
"infrastructure","diagnostika_udrzba.sh","library/infrastructure_diagnostika_udrzba.sh"
"infrastructure","disk_tool.py","library/infrastructure_disk_tool.py"
"infrastructure","problem s prihlasenim.sh","library/infrastructure_problem s prihlasenim.sh"
"infrastructure","setup_and_test.sh","library/infrastructure_setup_and_test.sh"
"infrastructure","udrzba.sh","library/infrastructure_udrzba.sh"
"infrastructure","Start-VMConsole.ps1","library/infrastructure_Start-VMConsole.ps1"
"infrastructure","TestGUI.ps1","library/infrastructure_TestGUI.ps1"
"infrastructure","VMConsoleAllinOne.ps1","library/infrastructure_VMConsoleAllinOne.ps1"
"infrastructure","VytvorVMConsole.ps1","library/infrastructure_VytvorVMConsole.ps1"
"infrastructure","backup_move.ps1","library/infrastructure_backup_move.ps1"
"infrastructure","master_loader.py","library/infrastructure_master_loader.py"
"infrastructure","pro-max-installer.sh","library/infrastructure_pro-max-installer.sh"
"infrastructure","setup_wsl_interactive.sh","library/infrastructure_setup_wsl_interactive.sh"
"infrastructure","ubuntu2204_full_setup.sh","library/infrastructure_ubuntu2204_full_setup.sh"
"infrastructure","WSL_FAZE1_FULL.ps1","library/infrastructure_WSL_FAZE1_FULL.ps1"
"infrastructure","wsl_ultimate_enhanced.sh","library/infrastructure_wsl_ultimate_enhanced.sh"
"infrastructure","wsl_ultimate_v2.ps1","library/infrastructure_wsl_ultimate_v2.ps1"
"infrastructure","wsl_ultimate.ps1","library/infrastructure_wsl_ultimate.ps1"
"infrastructure","wsl-autofix-pro.sh","library/infrastructure_wsl-autofix-pro.sh"
"infrastructure","wsl-final-pro-max-gui.sh","library/infrastructure_wsl-final-pro-max-gui.sh"
"infrastructure","wsl-pro-max.ps1","library/infrastructure_wsl-pro-max.ps1"
"infrastructure","wsl-pro-max.sh","library/infrastructure_wsl-pro-max.sh"
"infrastructure","wsl-pro.sh","library/infrastructure_wsl-pro.sh"
"infrastructure","Install_starkos_lab.sh","library/infrastructure_Install_starkos_lab.sh"
"infrastructure","install-kali-nethunter.sh","library/infrastructure_install-kali-nethunter.sh"
"infrastructure","install-temurin17.sh","library/infrastructure_install-temurin17.sh"
"infrastructure","ubuntu_server_setup.sh","library/infrastructure_ubuntu_server_setup.sh"
"infrastructure","install_starko_recovery.sh","library/infrastructure_install_starko_recovery.sh"
"infrastructure","starko_linux.sh","library/infrastructure_starko_linux.sh"
"infrastructure","Starko_Recovery_AIO_Generator.ps1","library/infrastructure_Starko_Recovery_AIO_Generator.ps1"
"infrastructure","Starko_Recovery_AIO_ULTIMATE.ps1","library/infrastructure_Starko_Recovery_AIO_ULTIMATE.ps1"
"infrastructure","Starko_Recovery_AIO_v5.ps1","library/infrastructure_Starko_Recovery_AIO_v5.ps1"
"infrastructure","starko_termux_full_v11.sh","library/infrastructure_starko_termux_full_v11.sh"
"infrastructure","starko_termux_full_v12.3_interactive.sh","library/infrastructure_starko_termux_full_v12.3_interactive.sh"
"infrastructure","starko_termux_full_v12.3-ultra.sh","library/infrastructure_starko_termux_full_v12.3-ultra.sh"
"infrastructure","config.sh","library/infrastructure_config.sh"
"infrastructure","functions.sh","library/infrastructure_functions.sh"
"infrastructure","00_system.sh","library/infrastructure_00_system.sh"
"infrastructure","01_database.sh","library/infrastructure_01_database.sh"
"infrastructure","02_core.sh","library/infrastructure_02_core.sh"
"infrastructure","03_dashboard.sh","library/infrastructure_03_dashboard.sh"
"infrastructure","04_gaming.sh","library/infrastructure_04_gaming.sh"
"infrastructure","10_security.sh","library/infrastructure_10_security.sh"
"infrastructure","11_performance.sh","library/infrastructure_11_performance.sh"
"infrastructure","12_docker.sh","library/infrastructure_12_docker.sh"
"infrastructure","13_monitoring.sh","library/infrastructure_13_monitoring.sh"
"infrastructure","14_backup.sh","library/infrastructure_14_backup.sh"
"infrastructure","20_linuxgsm.sh","library/infrastructure_20_linuxgsm.sh"
"infrastructure","21_filebrowser.sh","library/infrastructure_21_filebrowser.sh"
"infrastructure","22_voice.sh","library/infrastructure_22_voice.sh"
"infrastructure","23_desktop.sh","library/infrastructure_23_desktop.sh"
"infrastructure","24_vpn.sh","library/infrastructure_24_vpn.sh"
"infrastructure","25_maintenance.sh","library/infrastructure_25_maintenance.sh"
"infrastructure","32_game_engine.sh","library/infrastructure_32_game_engine.sh"
"infrastructure","33_web_features.sh","library/infrastructure_33_web_features.sh"
"infrastructure","40_wings.sh","library/infrastructure_40_wings.sh"
"infrastructure","41_streaming_pro.sh","library/infrastructure_41_streaming_pro.sh"
"infrastructure","42_library.sh","library/infrastructure_42_library.sh"
"infrastructure","50_automation.sh","library/infrastructure_50_automation.sh"
"infrastructure","51_advanced_gui.sh","library/infrastructure_51_advanced_gui.sh"
"infrastructure","60_drivers.sh","library/infrastructure_60_drivers.sh"
"infrastructure","61_bios.sh","library/infrastructure_61_bios.sh"
"infrastructure","62_roms.sh","library/infrastructure_62_roms.sh"
"infrastructure","63_system_boost.sh","library/infrastructure_63_system_boost.sh"
"infrastructure","70_modern_gui.sh","library/infrastructure_70_modern_gui.sh"
"infrastructure","71_game_manager.sh","library/infrastructure_71_game_manager.sh"
"infrastructure","72_scraper.sh","library/infrastructure_72_scraper.sh"
"infrastructure","80_cleanup.sh","library/infrastructure_80_cleanup.sh"
"infrastructure","81_docs.sh","library/infrastructure_81_docs.sh"
"infrastructure","90_mobile.sh","library/infrastructure_90_mobile.sh"
"infrastructure","91_discord.sh","library/infrastructure_91_discord.sh"
"infrastructure","92_workshop.sh","library/infrastructure_92_workshop.sh"
"infrastructure","advanced.sh","library/infrastructure_advanced.sh"
"infrastructure","backup_streaming.sh","library/infrastructure_backup_streaming.sh"
"infrastructure","cleanup_and_docs.sh","library/infrastructure_cleanup_and_docs.sh"
"infrastructure","dok.sh","library/infrastructure_dok.sh"
"infrastructure","extensions.sh","library/infrastructure_extensions.sh"
"infrastructure","final_addons.sh","library/infrastructure_final_addons.sh"
"infrastructure","gamehub_master.sh","library/infrastructure_gamehub_master.sh"
"infrastructure","gamehub.sh","library/infrastructure_gamehub.sh"
"infrastructure","gaming_experience.sh","library/infrastructure_gaming_experience.sh"
"infrastructure","hybrid_cloud.sh","library/infrastructure_hybrid_cloud.sh"
"infrastructure","module_manager.sh","library/infrastructure_module_manager.sh"
"infrastructure","web_and_games.sh","library/infrastructure_web_and_games.sh"
"infrastructure","gamehub-installer.sh","library/infrastructure_gamehub-installer.sh"
"infrastructure","install.sh","library/infrastructure_install.sh"
"infrastructure","script.js","library/infrastructure_script.js"
"infrastructure","app.py","library/infrastructure_app.py"
"infrastructure","basic.sh","library/infrastructure_basic.sh"
"infrastructure","core-ai-context.sh","library/infrastructure_core-ai-context.sh"
"infrastructure","core-ai-chat-cli.sh","library/infrastructure_core-ai-chat-cli.sh"
"infrastructure","core-ai-install.sh","library/infrastructure_core-ai-install.sh"
"infrastructure","core-ai-models.sh","library/infrastructure_core-ai-models.sh"
"infrastructure","core-ai-nginx.sh","library/infrastructure_core-ai-nginx.sh"
"infrastructure","core-ai-webui.sh","library/infrastructure_core-ai-webui.sh"
"infrastructure","core-aiops-analyzer.py","library/infrastructure_core-aiops-analyzer.py"
"infrastructure","core-aiops-engine.sh","library/infrastructure_core-aiops-engine.sh"
"infrastructure","core-aiops-webhook.sh","library/infrastructure_core-aiops-webhook.sh"
"infrastructure","core-backup-dr.sh","library/infrastructure_core-backup-dr.sh"
"infrastructure","core-backup-snapshots.sh","library/infrastructure_core-backup-snapshots.sh"
"infrastructure","core-ci-modules.sh","library/infrastructure_core-ci-modules.sh"
"infrastructure","core-gui-install.sh","library/infrastructure_core-gui-install.sh"
"infrastructure","core-ha-prep.sh","library/infrastructure_core-ha-prep.sh"
"infrastructure","core-install.sh","library/infrastructure_core-install.sh"
"infrastructure","core-logging-central.sh","library/infrastructure_core-logging-central.sh"
"infrastructure","core-monitoring-stack.sh","library/infrastructure_core-monitoring-stack.sh"
"infrastructure","core-os-postsetup.sh","library/infrastructure_core-os-postsetup.sh"
"infrastructure","core-platform-install.sh","library/infrastructure_core-platform-install.sh"
"infrastructure","core-roles-mfa.sh","library/infrastructure_core-roles-mfa.sh"
"infrastructure","core-run-all.sh","library/infrastructure_core-run-all.sh"
"infrastructure","core-security-hardening.sh","library/infrastructure_core-security-hardening.sh"
"infrastructure","core-selfcheck.sh","library/infrastructure_core-selfcheck.sh"
"infrastructure","core-thinlinc-full.sh","library/infrastructure_core-thinlinc-full.sh"
"infrastructure","core-user-profiles.sh","library/infrastructure_core-user-profiles.sh"
"infrastructure","core-web-rbac.sh","library/infrastructure_core-web-rbac.sh"
"infrastructure","core-webui-ai-link.sh","library/infrastructure_core-webui-ai-link.sh"
"infrastructure","core-webui-install.sh","library/infrastructure_core-webui-install.sh"
"infrastructure","core-webui-nginx.sh","library/infrastructure_core-webui-nginx.sh"
"infrastructure","core-webui-service.sh","library/infrastructure_core-webui-service.sh"
"infrastructure","core-wireguard-client.sh","library/infrastructure_core-wireguard-client.sh"
"infrastructure","core-wireguard-mfa.sh","library/infrastructure_core-wireguard-mfa.sh"
"infrastructure","check_zabbix_db.sh","library/infrastructure_check_zabbix_db.sh"
"infrastructure","install_enterprise.sh","library/infrastructure_install_enterprise.sh"
"infrastructure","ubuntu_server_setup.sh","library/infrastructure_ubuntu_server_setup.sh"
"rpi5","Příprava Raspberry Pi 5.sh","library/rpi5_Příprava Raspberry Pi 5.sh"
"rpi5","Spuštění inicializačního skriptu.sh","library/rpi5_Spuštění inicializačního skriptu.sh"
"rpi5","Stažení a příprava obrazu nymea-kiosk.sh","library/rpi5_Stažení a příprava obrazu nymea-kiosk.sh"
"rpi5","Stažení_instalace_instalačního_skriptu.sh","library/rpi5_Stažení_instalace_instalačního_skriptu.sh"
"rpi5","Výchozí přihlašovací údaje.sh","library/rpi5_Výchozí přihlašovací údaje.sh"
"rpi5","Hlavní instalační skript.sh","library/rpi5_Hlavní instalační skript.sh"
"rpi5","Instalace systému.sh","library/rpi5_Instalace systému.sh"
"rpi5","Stažení vzdělávacího systému.sh","library/rpi5_Stažení vzdělávacího systému.sh"
"rpi5","Kompletní konfigurační skript.sh","library/rpi5_Kompletní konfigurační skript.sh"
"rpi5","Aktualizace systému.sh","library/rpi5_Aktualizace systému.sh"
"rpi5","Diagnostika problémů.sh","library/rpi5_Diagnostika problémů.sh"
"rpi5","Instalace monitorovacích nástrojů.sh","library/rpi5_Instalace monitorovacích nástrojů.sh"
"rpi5","Kalibrace dotykového displeje.sh","library/rpi5_Kalibrace dotykového displeje.sh"
"rpi5","Konfigurace časového pásma a lokalizace.sh","library/rpi5_Konfigurace časového pásma a lokalizace.sh"
"rpi5","Konfigurace sítě a připojení.sh","library/rpi5_Konfigurace sítě a připojení.sh"
"rpi5","Konfigurace systému.sh","library/rpi5_Konfigurace systému.sh"
"rpi5","Monitorování výkonu.sh","library/rpi5_Monitorování výkonu.sh"
"rpi5","Nastavení kiosk režimu.sh","library/rpi5_Nastavení kiosk režimu.sh"
"rpi5","Nastavení monitorovacích nástrojů.sh","library/rpi5_Nastavení monitorovacích nástrojů.sh"
"rpi5","Nastavení notifikací.sh","library/rpi5_Nastavení notifikací.sh"
"rpi5","Nastavení otáčení obrazovky.sh","library/rpi5_Nastavení otáčení obrazovky.sh"
"rpi5","Nastavení vzdáleného přístupu.sh","library/rpi5_Nastavení vzdáleného přístupu.sh"
"rpi5","Nastavení zálohování.sh","library/rpi5_Nastavení zálohování.sh"
"rpi5","Nastavení zálohování2.sh","library/rpi5_Nastavení zálohování2.sh"
"rpi5","Nastavení zálohování3.sh","library/rpi5_Nastavení zálohování3.sh"
"rpi5","Optimalizace souborového systému.sh","library/rpi5_Optimalizace souborového systému.sh"
"rpi5","Připojení k síti.sh","library/rpi5_Připojení k síti.sh"
"rpi5","setup-network.sh","library/rpi5_setup-network.sh"
"rpi5","Skript pro automatické diagnostiku a opravy.sh","library/rpi5_Skript pro automatické diagnostiku a opravy.sh"
"rpi5","Spuštění kontejnerů.sh","library/rpi5_Spuštění kontejnerů.sh"
"rpi5","Statická IP adresa.sh","library/rpi5_Statická IP adresa.sh"
"rpi5","Testování funkcionality.sh","library/rpi5_Testování funkcionality.sh"
"rpi5","Testování základních funkcí.sh","library/rpi5_Testování základních funkcí.sh"
"rpi5","Vzdálený přístup a zálohování.sh","library/rpi5_Vzdálený přístup a zálohování.sh"
"rpi5","Zabezpeceni systemu.sh","library/rpi5_Zabezpeceni systemu.sh"
"rpi5","Zakázání nepotřebných služeb2.sh","library/rpi5_Zakázání nepotřebných služeb2.sh"
"rpi5","rpi5-advanced-auto-setup.sh","library/rpi5_rpi5-advanced-auto-setup.sh"
"rpi5","rpi5-advanced-setup.sh","library/rpi5_rpi5-advanced-setup.sh"
"rpi5","rpi5-setup_v2.sh","library/rpi5_rpi5-setup_v2.sh"
"rpi5","rpi5-setup.sh","library/rpi5_rpi5-setup.sh"
"rpi5","rpi5-ultra-advanced-auto-setup.sh","library/rpi5_rpi5-ultra-advanced-auto-setup.sh"
"rpi5","Instalace a konfigurace nymea pluginů.sh","library/rpi5_Instalace a konfigurace nymea pluginů.sh"
"rpi5","Instalace dalších pluginů.sh","library/rpi5_Instalace dalších pluginů.sh"
"rpi5","Integrace s Home Assistant.sh","library/rpi5_Integrace s Home Assistant.sh"
"rpi5","Konfigurace MQTT brokeru (pokud potřebujete).sh","library/rpi5_Konfigurace MQTT brokeru (pokud potřebujete).sh"
"rpi5","Nastavení vlastních skriptů a automatizací.sh","library/rpi5_Nastavení vlastních skriptů a automatizací.sh"
"rpi5","Nastavení vzdáleného přístupu a zálohování.sh","library/rpi5_Nastavení vzdáleného přístupu a zálohování.sh"
"rpi5","Optimalizace SWAP a paměti.sh","library/rpi5_Optimalizace SWAP a paměti.sh"
"rpi5","Optimalizace výkonu pro Raspberry Pi.sh","library/rpi5_Optimalizace výkonu pro Raspberry Pi.sh"
"rpi5","Pravidelné aktualizace.sh","library/rpi5_Pravidelné aktualizace.sh"
"rpi5","Přidání studenta.sh","library/rpi5_Přidání studenta.sh"
"rpi5","Přiřazení projektu.sh","library/rpi5_Přiřazení projektu.sh"
"rpi5","Úprava vzhledu a chování kiosku.sh","library/rpi5_Úprava vzhledu a chování kiosku.sh"
"rpi5","Vlastní dashboardy a rozhraní.sh","library/rpi5_Vlastní dashboardy a rozhraní.sh"
"rpi5","Vytvoření dokumentace a shrnutí.sh","library/rpi5_Vytvoření dokumentace a shrnutí.sh"
"rpi5","Vytvoření komplexního údržbového skriptu.sh","library/rpi5_Vytvoření komplexního údržbového skriptu.sh"
"rpi5","Vytvoření nového projektu.sh","library/rpi5_Vytvoření nového projektu.sh"
"rpi5","Zakázání nepotřebných služeb.sh","library/rpi5_Zakázání nepotřebných služeb.sh"
"rpi5","Základní zabezpečení systému.sh","library/rpi5_Základní zabezpečení systému.sh"
"rpi5","Zobrazení hodnocení.sh","library/rpi5_Zobrazení hodnocení.sh"
"rpi5","example.py","library/rpi5_example.py"
"rpi5","Chytrá meteorologická stanice.py","library/rpi5_Chytrá meteorologická stanice.py"
"rpi5","Implementace projektového managementu.py","library/rpi5_Implementace projektového managementu.py"
"rpi5","Systematické vyhodnocování studentských prací.py","library/rpi5_Systematické vyhodnocování studentských prací.py"
"rpi5","Testovací soubor.py","library/rpi5_Testovací soubor.py"
"rpi5","configure-backup.sh","library/rpi5_configure-backup.sh"
"rpi5","export-rules.sh","library/rpi5_export-rules.sh"
"rpi5","import-rules.sh","library/rpi5_import-rules.sh"
"rpi5","install-nodered.sh","library/rpi5_install-nodered.sh"
"rpi5","install-plugins.sh","library/rpi5_install-plugins.sh"
"rpi5","restore-backup.sh","library/rpi5_restore-backup.sh"
"rpi5","setup-kiosk.sh","library/rpi5_setup-kiosk.sh"
"rpi5","install-all.sh","library/rpi5_install-all.sh"
"rpi5","configure-backup.sh","library/rpi5_configure-backup.sh"
"rpi5","export-rules.sh","library/rpi5_export-rules.sh"
"rpi5","import-rules.sh","library/rpi5_import-rules.sh"
"rpi5","install-nodered.sh","library/rpi5_install-nodered.sh"
"rpi5","install-plugins.sh","library/rpi5_install-plugins.sh"
"rpi5","restore-backup.sh","library/rpi5_restore-backup.sh"
"rpi5","setup-kiosk.sh","library/rpi5_setup-kiosk.sh"
"rpi5","__init__.py","library/rpi5___init__.py"
"rpi5","config_manager.py","library/rpi5_config_manager.py"
"rpi5","project_manager.py","library/rpi5_project_manager.py"
"rpi5","utils.py","library/rpi5_utils.py"
"rpi5","backup.sh","library/rpi5_backup.sh"
"rpi5","install-all.sh","library/rpi5_install-all.sh"
"rpi5","setup-kiosk.sh","library/rpi5_setup-kiosk.sh"
"rpi5","__init__.py","library/rpi5___init__.py"
"rpi5","__init__.py","library/rpi5___init__.py"
"rpi5","test_config_manager.py","library/rpi5_test_config_manager.py"
"rpi5","test_project_manager.py","library/rpi5_test_project_manager.py"
"rpi5","__init__.py","library/rpi5___init__.py"
"rpi5","install-all.sh","library/rpi5_install-all.sh"
"rpi5","Aktualizace systému.sh","library/rpi5_Aktualizace systému.sh"
"rpi5","Diagnostika problémů.sh","library/rpi5_Diagnostika problémů.sh"
"rpi5","Hlavní instalační skript.sh","library/rpi5_Hlavní instalační skript.sh"
"rpi5","Chytrá meteorologická stanice.py","library/rpi5_Chytrá meteorologická stanice.py"
"rpi5","Implementace projektového managementu.py","library/rpi5_Implementace projektového managementu.py"
"rpi5","Instalace a konfigurace nymea pluginů.sh","library/rpi5_Instalace a konfigurace nymea pluginů.sh"
"rpi5","Instalace dalších pluginů.sh","library/rpi5_Instalace dalších pluginů.sh"
"rpi5","Instalace monitorovacích nástrojů.sh","library/rpi5_Instalace monitorovacích nástrojů.sh"
"rpi5","Instalace systému.sh","library/rpi5_Instalace systému.sh"
"rpi5","Integrace s Home Assistant.sh","library/rpi5_Integrace s Home Assistant.sh"
"rpi5","Kalibrace dotykového displeje.sh","library/rpi5_Kalibrace dotykového displeje.sh"
"rpi5","Kompletní konfigurační skript.sh","library/rpi5_Kompletní konfigurační skript.sh"
"rpi5","Konfigurace časového pásma a lokalizace.sh","library/rpi5_Konfigurace časového pásma a lokalizace.sh"
"rpi5","Konfigurace MQTT brokeru (pokud potřebujete).sh","library/rpi5_Konfigurace MQTT brokeru (pokud potřebujete).sh"
"rpi5","Konfigurace sítě a připojení.sh","library/rpi5_Konfigurace sítě a připojení.sh"
"rpi5","Konfigurace systému.sh","library/rpi5_Konfigurace systému.sh"
"rpi5","Monitorování výkonu.sh","library/rpi5_Monitorování výkonu.sh"
"rpi5","Nastavení kiosk režimu.sh","library/rpi5_Nastavení kiosk režimu.sh"
"rpi5","Nastavení monitorovacích nástrojů.sh","library/rpi5_Nastavení monitorovacích nástrojů.sh"
"rpi5","Nastavení notifikací.sh","library/rpi5_Nastavení notifikací.sh"
"rpi5","Nastavení otáčení obrazovky.sh","library/rpi5_Nastavení otáčení obrazovky.sh"
"rpi5","Nastavení vlastních skriptů a automatizací.sh","library/rpi5_Nastavení vlastních skriptů a automatizací.sh"
"rpi5","Nastavení vzdáleného přístupu.sh","library/rpi5_Nastavení vzdáleného přístupu.sh"
"rpi5","Nastavení zálohování.sh","library/rpi5_Nastavení zálohování.sh"
"rpi5","Nastavení zálohování2.sh","library/rpi5_Nastavení zálohování2.sh"
"rpi5","Nastavení zálohování3.sh","library/rpi5_Nastavení zálohování3.sh"
"rpi5","Optimalizace souborového systému.sh","library/rpi5_Optimalizace souborového systému.sh"
"rpi5","Optimalizace SWAP a paměti.sh","library/rpi5_Optimalizace SWAP a paměti.sh"
"rpi5","Pravidelné aktualizace.sh","library/rpi5_Pravidelné aktualizace.sh"
"rpi5","Přidání studenta.sh","library/rpi5_Přidání studenta.sh"
"rpi5","Připojení k síti.sh","library/rpi5_Připojení k síti.sh"
"rpi5","Příprava Raspberry Pi 5.sh","library/rpi5_Příprava Raspberry Pi 5.sh"
"rpi5","Přiřazení projektu.sh","library/rpi5_Přiřazení projektu.sh"
"rpi5","rpi5-ultra-advanced-auto-setup.sh","library/rpi5_rpi5-ultra-advanced-auto-setup.sh"
"rpi5","setup-network.sh","library/rpi5_setup-network.sh"
"rpi5","Skript pro automatické diagnostiku a opravy.sh","library/rpi5_Skript pro automatické diagnostiku a opravy.sh"
"rpi5","Spuštění inicializačního skriptu.sh","library/rpi5_Spuštění inicializačního skriptu.sh"
"rpi5","Spuštění kontejnerů.sh","library/rpi5_Spuštění kontejnerů.sh"
"rpi5","Stažení a příprava obrazu nymea-kiosk.sh","library/rpi5_Stažení a příprava obrazu nymea-kiosk.sh"
"rpi5","Stažení vzdělávacího systému.sh","library/rpi5_Stažení vzdělávacího systému.sh"
"rpi5","Systematické vyhodnocování studentských prací.py","library/rpi5_Systematické vyhodnocování studentských prací.py"
"rpi5","Testovací soubor.py","library/rpi5_Testovací soubor.py"
"rpi5","Testování funkcionality.sh","library/rpi5_Testování funkcionality.sh"
"rpi5","Testování základních funkcí.sh","library/rpi5_Testování základních funkcí.sh"
"rpi5","Úprava vzhledu a chování kiosku.sh","library/rpi5_Úprava vzhledu a chování kiosku.sh"
"rpi5","Vlastní dashboardy a rozhraní.sh","library/rpi5_Vlastní dashboardy a rozhraní.sh"
"rpi5","Výchozí přihlašovací údaje.sh","library/rpi5_Výchozí přihlašovací údaje.sh"
"rpi5","Vytvoření dokumentace a shrnutí.sh","library/rpi5_Vytvoření dokumentace a shrnutí.sh"
"rpi5","Vytvoření komplexního údržbového skriptu.sh","library/rpi5_Vytvoření komplexního údržbového skriptu.sh"
"rpi5","Vytvoření nového projektu.sh","library/rpi5_Vytvoření nového projektu.sh"
"rpi5","Vzdálený přístup a zálohování.sh","library/rpi5_Vzdálený přístup a zálohování.sh"
"rpi5","Zabezpeceni systemu.sh","library/rpi5_Zabezpeceni systemu.sh"
"rpi5","Zakázání nepotřebných služeb2.sh","library/rpi5_Zakázání nepotřebných služeb2.sh"
"rpi5","Zobrazení hodnocení.sh","library/rpi5_Zobrazení hodnocení.sh"
"rpi5","Příprava Raspberry Pi 5.sh","library/rpi5_Příprava Raspberry Pi 5.sh"
"rpi5","Spuštění inicializačního skriptu.sh","library/rpi5_Spuštění inicializačního skriptu.sh"
"rpi5","Stažení a příprava obrazu nymea-kiosk.sh","library/rpi5_Stažení a příprava obrazu nymea-kiosk.sh"
"rpi5","Stažení_instalace_instalačního_skriptu.sh","library/rpi5_Stažení_instalace_instalačního_skriptu.sh"
"rpi5","Výchozí přihlašovací údaje.sh","library/rpi5_Výchozí přihlašovací údaje.sh"
"rpi5","Hlavní instalační skript.sh","library/rpi5_Hlavní instalační skript.sh"
"rpi5","Instalace systému.sh","library/rpi5_Instalace systému.sh"
"rpi5","Stažení vzdělávacího systému.sh","library/rpi5_Stažení vzdělávacího systému.sh"
"rpi5","Kompletní konfigurační skript.sh","library/rpi5_Kompletní konfigurační skript.sh"
"rpi5","Aktualizace systému.sh","library/rpi5_Aktualizace systému.sh"
"rpi5","Diagnostika problémů.sh","library/rpi5_Diagnostika problémů.sh"
"rpi5","Instalace monitorovacích nástrojů.sh","library/rpi5_Instalace monitorovacích nástrojů.sh"
"rpi5","Kalibrace dotykového displeje.sh","library/rpi5_Kalibrace dotykového displeje.sh"
"rpi5","Konfigurace časového pásma a lokalizace.sh","library/rpi5_Konfigurace časového pásma a lokalizace.sh"
"rpi5","Konfigurace sítě a připojení.sh","library/rpi5_Konfigurace sítě a připojení.sh"
"rpi5","Konfigurace systému.sh","library/rpi5_Konfigurace systému.sh"
"rpi5","Monitorování výkonu.sh","library/rpi5_Monitorování výkonu.sh"
"rpi5","Nastavení kiosk režimu.sh","library/rpi5_Nastavení kiosk režimu.sh"
"rpi5","Nastavení monitorovacích nástrojů.sh","library/rpi5_Nastavení monitorovacích nástrojů.sh"
"rpi5","Nastavení notifikací.sh","library/rpi5_Nastavení notifikací.sh"
"rpi5","Nastavení otáčení obrazovky.sh","library/rpi5_Nastavení otáčení obrazovky.sh"
"rpi5","Nastavení vzdáleného přístupu.sh","library/rpi5_Nastavení vzdáleného přístupu.sh"
"rpi5","Nastavení zálohování.sh","library/rpi5_Nastavení zálohování.sh"
"rpi5","Nastavení zálohování2.sh","library/rpi5_Nastavení zálohování2.sh"
"rpi5","Nastavení zálohování3.sh","library/rpi5_Nastavení zálohování3.sh"
"rpi5","Optimalizace souborového systému.sh","library/rpi5_Optimalizace souborového systému.sh"
"rpi5","Připojení k síti.sh","library/rpi5_Připojení k síti.sh"
"rpi5","setup-network.sh","library/rpi5_setup-network.sh"
"rpi5","Skript pro automatické diagnostiku a opravy.sh","library/rpi5_Skript pro automatické diagnostiku a opravy.sh"
"rpi5","Spuštění kontejnerů.sh","library/rpi5_Spuštění kontejnerů.sh"
"rpi5","Statická IP adresa.sh","library/rpi5_Statická IP adresa.sh"
"rpi5","Testování funkcionality.sh","library/rpi5_Testování funkcionality.sh"
"rpi5","Testování základních funkcí.sh","library/rpi5_Testování základních funkcí.sh"
"rpi5","Vzdálený přístup a zálohování.sh","library/rpi5_Vzdálený přístup a zálohování.sh"
"rpi5","Zabezpeceni systemu.sh","library/rpi5_Zabezpeceni systemu.sh"
"rpi5","Zakázání nepotřebných služeb2.sh","library/rpi5_Zakázání nepotřebných služeb2.sh"
"rpi5","rpi5-advanced-auto-setup.sh","library/rpi5_rpi5-advanced-auto-setup.sh"
"rpi5","rpi5-advanced-setup.sh","library/rpi5_rpi5-advanced-setup.sh"
"rpi5","rpi5-setup_v2.sh","library/rpi5_rpi5-setup_v2.sh"
"rpi5","rpi5-setup.sh","library/rpi5_rpi5-setup.sh"
"rpi5","rpi5-ultra-advanced-auto-setup.sh","library/rpi5_rpi5-ultra-advanced-auto-setup.sh"
"rpi5","Instalace a konfigurace nymea pluginů.sh","library/rpi5_Instalace a konfigurace nymea pluginů.sh"
"rpi5","Instalace dalších pluginů.sh","library/rpi5_Instalace dalších pluginů.sh"
"rpi5","Integrace s Home Assistant.sh","library/rpi5_Integrace s Home Assistant.sh"
"rpi5","Konfigurace MQTT brokeru (pokud potřebujete).sh","library/rpi5_Konfigurace MQTT brokeru (pokud potřebujete).sh"
"rpi5","Nastavení vlastních skriptů a automatizací.sh","library/rpi5_Nastavení vlastních skriptů a automatizací.sh"
"rpi5","Nastavení vzdáleného přístupu a zálohování.sh","library/rpi5_Nastavení vzdáleného přístupu a zálohování.sh"
"rpi5","Optimalizace SWAP a paměti.sh","library/rpi5_Optimalizace SWAP a paměti.sh"
"rpi5","Optimalizace výkonu pro Raspberry Pi.sh","library/rpi5_Optimalizace výkonu pro Raspberry Pi.sh"
"rpi5","Pravidelné aktualizace.sh","library/rpi5_Pravidelné aktualizace.sh"
"rpi5","Přidání studenta.sh","library/rpi5_Přidání studenta.sh"
"rpi5","Přiřazení projektu.sh","library/rpi5_Přiřazení projektu.sh"
"rpi5","Úprava vzhledu a chování kiosku.sh","library/rpi5_Úprava vzhledu a chování kiosku.sh"
"rpi5","Vlastní dashboardy a rozhraní.sh","library/rpi5_Vlastní dashboardy a rozhraní.sh"
"rpi5","Vytvoření dokumentace a shrnutí.sh","library/rpi5_Vytvoření dokumentace a shrnutí.sh"
"rpi5","Vytvoření komplexního údržbového skriptu.sh","library/rpi5_Vytvoření komplexního údržbového skriptu.sh"
"rpi5","Vytvoření nového projektu.sh","library/rpi5_Vytvoření nového projektu.sh"
"rpi5","Zakázání nepotřebných služeb.sh","library/rpi5_Zakázání nepotřebných služeb.sh"
"rpi5","Základní zabezpečení systému.sh","library/rpi5_Základní zabezpečení systému.sh"
"rpi5","Zobrazení hodnocení.sh","library/rpi5_Zobrazení hodnocení.sh"
"rpi5","example.py","library/rpi5_example.py"
"rpi5","Chytrá meteorologická stanice.py","library/rpi5_Chytrá meteorologická stanice.py"
"rpi5","Implementace projektového managementu.py","library/rpi5_Implementace projektového managementu.py"
"rpi5","Systematické vyhodnocování studentských prací.py","library/rpi5_Systematické vyhodnocování studentských prací.py"
"rpi5","Testovací soubor.py","library/rpi5_Testovací soubor.py"
"rpi5","Activate.ps1","library/rpi5_Activate.ps1"
"rpi5","__init__.py","library/rpi5___init__.py"
"rpi5","override.py","library/rpi5_override.py"
"rpi5","__init__.py","library/rpi5___init__.py"
"rpi5","__main__.py","library/rpi5___main__.py"
"rpi5","core.py","library/rpi5_core.py"
"rpi5","__init__.py","library/rpi5___init__.py"
"rpi5","__main__.py","library/rpi5___main__.py"
"rpi5","__init__.py","library/rpi5___init__.py"
"rpi5","__main__.py","library/rpi5___main__.py"
"rpi5","api.py","library/rpi5_api.py"
"rpi5","cd.py","library/rpi5_cd.py"
"rpi5","constant.py","library/rpi5_constant.py"
"rpi5","legacy.py","library/rpi5_legacy.py"
"rpi5","md.py","library/rpi5_md.py"
"rpi5","models.py","library/rpi5_models.py"
"rpi5","utils.py","library/rpi5_utils.py"
"rpi5","version.py","library/rpi5_version.py"
"rpi5","__init__.py","library/rpi5___init__.py"
"rpi5","codec.py","library/rpi5_codec.py"
"rpi5","compat.py","library/rpi5_compat.py"
"rpi5","core.py","library/rpi5_core.py"
"rpi5","idnadata.py","library/rpi5_idnadata.py"
"rpi5","intranges.py","library/rpi5_intranges.py"
"rpi5","package_data.py","library/rpi5_package_data.py"
"rpi5","uts46data.py","library/rpi5_uts46data.py"
"rpi5","__init__.py","library/rpi5___init__.py"
"rpi5","autocompletion.py","library/rpi5_autocompletion.py"
"rpi5","base_command.py","library/rpi5_base_command.py"
"rpi5","cmdoptions.py","library/rpi5_cmdoptions.py"
"rpi5","command_context.py","library/rpi5_command_context.py"
"rpi5","main_parser.py","library/rpi5_main_parser.py"
"rpi5","main.py","library/rpi5_main.py"
"rpi5","parser.py","library/rpi5_parser.py"
"rpi5","progress_bars.py","library/rpi5_progress_bars.py"
"rpi5","req_command.py","library/rpi5_req_command.py"
"rpi5","spinners.py","library/rpi5_spinners.py"
"rpi5","status_codes.py","library/rpi5_status_codes.py"
"rpi5","__init__.py","library/rpi5___init__.py"
"rpi5","cache.py","library/rpi5_cache.py"
"rpi5","completion.py","library/rpi5_completion.py"
"rpi5","configuration.py","library/rpi5_configuration.py"
"rpi5","debug.py","library/rpi5_debug.py"
"rpi5","download.py","library/rpi5_download.py"
"rpi5","freeze.py","library/rpi5_freeze.py"
"rpi5","hash.py","library/rpi5_hash.py"
"rpi5","help.py","library/rpi5_help.py"
"rpi5","check.py","library/rpi5_check.py"
"rpi5","index.py","library/rpi5_index.py"
"rpi5","inspect.py","library/rpi5_inspect.py"
"rpi5","install.py","library/rpi5_install.py"
"rpi5","list.py","library/rpi5_list.py"
"rpi5","search.py","library/rpi5_search.py"
"rpi5","show.py","library/rpi5_show.py"
"rpi5","uninstall.py","library/rpi5_uninstall.py"
"rpi5","wheel.py","library/rpi5_wheel.py"
"rpi5","__init__.py","library/rpi5___init__.py"
"rpi5","base.py","library/rpi5_base.py"
"rpi5","installed.py","library/rpi5_installed.py"
"rpi5","sdist.py","library/rpi5_sdist.py"
"rpi5","wheel.py","library/rpi5_wheel.py"
"rpi5","__init__.py","library/rpi5___init__.py"
"rpi5","collector.py","library/rpi5_collector.py"
"rpi5","package_finder.py","library/rpi5_package_finder.py"
"rpi5","sources.py","library/rpi5_sources.py"
"rpi5","__init__.py","library/rpi5___init__.py"
"rpi5","_distutils.py","library/rpi5__distutils.py"
"rpi5","_sysconfig.py","library/rpi5__sysconfig.py"
"rpi5","base.py","library/rpi5_base.py"
"rpi5","__init__.py","library/rpi5___init__.py"
"rpi5","_compat.py","library/rpi5__compat.py"
"rpi5","_dists.py","library/rpi5__dists.py"
"rpi5","_envs.py","library/rpi5__envs.py"
"rpi5","__init__.py","library/rpi5___init__.py"
"rpi5","_json.py","library/rpi5__json.py"
"rpi5","base.py","library/rpi5_base.py"
"rpi5","pkg_resources.py","library/rpi5_pkg_resources.py"
"rpi5","__init__.py","library/rpi5___init__.py"
"rpi5","candidate.py","library/rpi5_candidate.py"
"rpi5","direct_url.py","library/rpi5_direct_url.py"
"rpi5","format_control.py","library/rpi5_format_control.py"
"rpi5","index.py","library/rpi5_index.py"
"rpi5","installation_report.py","library/rpi5_installation_report.py"
"rpi5","link.py","library/rpi5_link.py"
"rpi5","search_scope.py","library/rpi5_search_scope.py"
"rpi5","selection_prefs.py","library/rpi5_selection_prefs.py"
"rpi5","scheme.py","library/rpi5_scheme.py"
"rpi5","target_python.py","library/rpi5_target_python.py"
"rpi5","wheel.py","library/rpi5_wheel.py"
"rpi5","__init__.py","library/rpi5___init__.py"
"rpi5","auth.py","library/rpi5_auth.py"
"rpi5","cache.py","library/rpi5_cache.py"
"rpi5","download.py","library/rpi5_download.py"
"rpi5","lazy_wheel.py","library/rpi5_lazy_wheel.py"
"rpi5","session.py","library/rpi5_session.py"
"rpi5","utils.py","library/rpi5_utils.py"
"rpi5","xmlrpc.py","library/rpi5_xmlrpc.py"
"rpi5","__init__.py","library/rpi5___init__.py"
"rpi5","build_tracker.py","library/rpi5_build_tracker.py"
"rpi5","metadata_editable.py","library/rpi5_metadata_editable.py"
"rpi5","metadata_legacy.py","library/rpi5_metadata_legacy.py"
"rpi5","metadata.py","library/rpi5_metadata.py"
"rpi5","wheel_editable.py","library/rpi5_wheel_editable.py"
"rpi5","wheel_legacy.py","library/rpi5_wheel_legacy.py"
"rpi5","wheel.py","library/rpi5_wheel.py"
"rpi5","__init__.py","library/rpi5___init__.py"
"rpi5","editable_legacy.py","library/rpi5_editable_legacy.py"
"rpi5","legacy.py","library/rpi5_legacy.py"
"rpi5","wheel.py","library/rpi5_wheel.py"
"rpi5","__init__.py","library/rpi5___init__.py"
"rpi5","freeze.py","library/rpi5_freeze.py"
"rpi5","check.py","library/rpi5_check.py"
"rpi5","prepare.py","library/rpi5_prepare.py"
"rpi5","__init__.py","library/rpi5___init__.py"
"rpi5","constructors.py","library/rpi5_constructors.py"
"rpi5","req_file.py","library/rpi5_req_file.py"
"rpi5","req_install.py","library/rpi5_req_install.py"
"rpi5","req_set.py","library/rpi5_req_set.py"
"rpi5","req_uninstall.py","library/rpi5_req_uninstall.py"
"rpi5","__init__.py","library/rpi5___init__.py"
"rpi5","resolver.py","library/rpi5_resolver.py"
"rpi5","__init__.py","library/rpi5___init__.py"
"rpi5","base.py","library/rpi5_base.py"
"rpi5","candidates.py","library/rpi5_candidates.py"
"rpi5","factory.py","library/rpi5_factory.py"
"rpi5","found_candidates.py","library/rpi5_found_candidates.py"
"rpi5","provider.py","library/rpi5_provider.py"
"rpi5","reporter.py","library/rpi5_reporter.py"
"rpi5","requirements.py","library/rpi5_requirements.py"
"rpi5","resolver.py","library/rpi5_resolver.py"
"rpi5","__init__.py","library/rpi5___init__.py"
"rpi5","base.py","library/rpi5_base.py"
"rpi5","__init__.py","library/rpi5___init__.py"
"rpi5","_log.py","library/rpi5__log.py"
"rpi5","appdirs.py","library/rpi5_appdirs.py"
"rpi5","compat.py","library/rpi5_compat.py"
"rpi5","compatibility_tags.py","library/rpi5_compatibility_tags.py"
"rpi5","datetime.py","library/rpi5_datetime.py"
"rpi5","deprecation.py","library/rpi5_deprecation.py"
"rpi5","direct_url_helpers.py","library/rpi5_direct_url_helpers.py"
"rpi5","distutils_args.py","library/rpi5_distutils_args.py"
"rpi5","egg_link.py","library/rpi5_egg_link.py"
"rpi5","encoding.py","library/rpi5_encoding.py"
"rpi5","entrypoints.py","library/rpi5_entrypoints.py"
"rpi5","filesystem.py","library/rpi5_filesystem.py"
"rpi5","filetypes.py","library/rpi5_filetypes.py"
"rpi5","glibc.py","library/rpi5_glibc.py"
"rpi5","hashes.py","library/rpi5_hashes.py"
"rpi5","inject_securetransport.py","library/rpi5_inject_securetransport.py"
"rpi5","logging.py","library/rpi5_logging.py"
"rpi5","misc.py","library/rpi5_misc.py"
"rpi5","models.py","library/rpi5_models.py"
"rpi5","packaging.py","library/rpi5_packaging.py"
"rpi5","setuptools_build.py","library/rpi5_setuptools_build.py"
"rpi5","subprocess.py","library/rpi5_subprocess.py"
"rpi5","temp_dir.py","library/rpi5_temp_dir.py"
"rpi5","unpacking.py","library/rpi5_unpacking.py"
"rpi5","urls.py","library/rpi5_urls.py"
"rpi5","virtualenv.py","library/rpi5_virtualenv.py"
"rpi5","wheel.py","library/rpi5_wheel.py"
"rpi5","__init__.py","library/rpi5___init__.py"
"rpi5","bazaar.py","library/rpi5_bazaar.py"
"rpi5","git.py","library/rpi5_git.py"
"rpi5","mercurial.py","library/rpi5_mercurial.py"
"rpi5","subversion.py","library/rpi5_subversion.py"
"rpi5","versioncontrol.py","library/rpi5_versioncontrol.py"
"rpi5","__init__.py","library/rpi5___init__.py"
"rpi5","build_env.py","library/rpi5_build_env.py"
"rpi5","cache.py","library/rpi5_cache.py"
"rpi5","configuration.py","library/rpi5_configuration.py"
"rpi5","exceptions.py","library/rpi5_exceptions.py"
"rpi5","main.py","library/rpi5_main.py"
"rpi5","pyproject.py","library/rpi5_pyproject.py"
"rpi5","self_outdated_check.py","library/rpi5_self_outdated_check.py"
"rpi5","wheel_builder.py","library/rpi5_wheel_builder.py"
"rpi5","__init__.py","library/rpi5___init__.py"
"rpi5","file_cache.py","library/rpi5_file_cache.py"
"rpi5","redis_cache.py","library/rpi5_redis_cache.py"
"rpi5","__init__.py","library/rpi5___init__.py"
"rpi5","_cmd.py","library/rpi5__cmd.py"
"rpi5","adapter.py","library/rpi5_adapter.py"
"rpi5","cache.py","library/rpi5_cache.py"
"rpi5","compat.py","library/rpi5_compat.py"
"rpi5","controller.py","library/rpi5_controller.py"
"rpi5","filewrapper.py","library/rpi5_filewrapper.py"
"rpi5","heuristics.py","library/rpi5_heuristics.py"
"rpi5","serialize.py","library/rpi5_serialize.py"
"rpi5","wrapper.py","library/rpi5_wrapper.py"
"rpi5","__init__.py","library/rpi5___init__.py"
"rpi5","__main__.py","library/rpi5___main__.py"
"rpi5","core.py","library/rpi5_core.py"
"rpi5","__init__.py","library/rpi5___init__.py"
"rpi5","ansi_test.py","library/rpi5_ansi_test.py"
"rpi5","ansitowin32_test.py","library/rpi5_ansitowin32_test.py"
"rpi5","initialise_test.py","library/rpi5_initialise_test.py"
"rpi5","isatty_test.py","library/rpi5_isatty_test.py"
"rpi5","utils.py","library/rpi5_utils.py"
"rpi5","winterm_test.py","library/rpi5_winterm_test.py"
"rpi5","__init__.py","library/rpi5___init__.py"
"rpi5","ansi.py","library/rpi5_ansi.py"
"rpi5","ansitowin32.py","library/rpi5_ansitowin32.py"
"rpi5","initialise.py","library/rpi5_initialise.py"
"rpi5","win32.py","library/rpi5_win32.py"
"rpi5","winterm.py","library/rpi5_winterm.py"
"rpi5","__init__.py","library/rpi5___init__.py"
"rpi5","compat.py","library/rpi5_compat.py"
"rpi5","database.py","library/rpi5_database.py"
"rpi5","index.py","library/rpi5_index.py"
"rpi5","locators.py","library/rpi5_locators.py"
"rpi5","manifest.py","library/rpi5_manifest.py"
"rpi5","markers.py","library/rpi5_markers.py"
"rpi5","metadata.py","library/rpi5_metadata.py"
"rpi5","resources.py","library/rpi5_resources.py"
"rpi5","scripts.py","library/rpi5_scripts.py"
"rpi5","util.py","library/rpi5_util.py"
"rpi5","version.py","library/rpi5_version.py"
"rpi5","wheel.py","library/rpi5_wheel.py"
"rpi5","__init__.py","library/rpi5___init__.py"
"rpi5","__main__.py","library/rpi5___main__.py"
"rpi5","distro.py","library/rpi5_distro.py"
"rpi5","__init__.py","library/rpi5___init__.py"
"rpi5","chardetect.py","library/rpi5_chardetect.py"
"rpi5","__init__.py","library/rpi5___init__.py"
"rpi5","languages.py","library/rpi5_languages.py"
"rpi5","__init__.py","library/rpi5___init__.py"
"rpi5","big5freq.py","library/rpi5_big5freq.py"
"rpi5","big5prober.py","library/rpi5_big5prober.py"
"rpi5","codingstatemachine.py","library/rpi5_codingstatemachine.py"
"rpi5","codingstatemachinedict.py","library/rpi5_codingstatemachinedict.py"
"rpi5","cp949prober.py","library/rpi5_cp949prober.py"
"rpi5","enums.py","library/rpi5_enums.py"
"rpi5","escprober.py","library/rpi5_escprober.py"
"rpi5","escsm.py","library/rpi5_escsm.py"
"rpi5","eucjpprober.py","library/rpi5_eucjpprober.py"
"rpi5","euckrfreq.py","library/rpi5_euckrfreq.py"
"rpi5","euckrprober.py","library/rpi5_euckrprober.py"
"rpi5","euctwfreq.py","library/rpi5_euctwfreq.py"
"rpi5","euctwprober.py","library/rpi5_euctwprober.py"
"rpi5","gb2312freq.py","library/rpi5_gb2312freq.py"
"rpi5","gb2312prober.py","library/rpi5_gb2312prober.py"
"rpi5","hebrewprober.py","library/rpi5_hebrewprober.py"
"rpi5","chardistribution.py","library/rpi5_chardistribution.py"
"rpi5","charsetgroupprober.py","library/rpi5_charsetgroupprober.py"
"rpi5","charsetprober.py","library/rpi5_charsetprober.py"
"rpi5","jisfreq.py","library/rpi5_jisfreq.py"
"rpi5","johabfreq.py","library/rpi5_johabfreq.py"
"rpi5","johabprober.py","library/rpi5_johabprober.py"
"rpi5","jpcntx.py","library/rpi5_jpcntx.py"
"rpi5","langbulgarianmodel.py","library/rpi5_langbulgarianmodel.py"
"rpi5","langgreekmodel.py","library/rpi5_langgreekmodel.py"
"rpi5","langhebrewmodel.py","library/rpi5_langhebrewmodel.py"
"rpi5","langhungarianmodel.py","library/rpi5_langhungarianmodel.py"
"rpi5","langrussianmodel.py","library/rpi5_langrussianmodel.py"
"rpi5","langthaimodel.py","library/rpi5_langthaimodel.py"
"rpi5","langturkishmodel.py","library/rpi5_langturkishmodel.py"
"rpi5","latin1prober.py","library/rpi5_latin1prober.py"
"rpi5","macromanprober.py","library/rpi5_macromanprober.py"
"rpi5","mbcsgroupprober.py","library/rpi5_mbcsgroupprober.py"
"rpi5","mbcssm.py","library/rpi5_mbcssm.py"
"rpi5","mbcharsetprober.py","library/rpi5_mbcharsetprober.py"
"rpi5","resultdict.py","library/rpi5_resultdict.py"
"rpi5","sbcsgroupprober.py","library/rpi5_sbcsgroupprober.py"
"rpi5","sbcharsetprober.py","library/rpi5_sbcharsetprober.py"
"rpi5","sjisprober.py","library/rpi5_sjisprober.py"
"rpi5","universaldetector.py","library/rpi5_universaldetector.py"
"rpi5","utf1632prober.py","library/rpi5_utf1632prober.py"
"rpi5","utf8prober.py","library/rpi5_utf8prober.py"
"rpi5","version.py","library/rpi5_version.py"
"rpi5","__init__.py","library/rpi5___init__.py"
"rpi5","codec.py","library/rpi5_codec.py"
"rpi5","compat.py","library/rpi5_compat.py"
"rpi5","core.py","library/rpi5_core.py"
"rpi5","idnadata.py","library/rpi5_idnadata.py"
"rpi5","intranges.py","library/rpi5_intranges.py"
"rpi5","package_data.py","library/rpi5_package_data.py"
"rpi5","uts46data.py","library/rpi5_uts46data.py"
"rpi5","__init__.py","library/rpi5___init__.py"
"rpi5","exceptions.py","library/rpi5_exceptions.py"
"rpi5","ext.py","library/rpi5_ext.py"
"rpi5","fallback.py","library/rpi5_fallback.py"
"rpi5","__about__.py","library/rpi5___about__.py"
"rpi5","__init__.py","library/rpi5___init__.py"
"rpi5","_manylinux.py","library/rpi5__manylinux.py"
"rpi5","_musllinux.py","library/rpi5__musllinux.py"
"rpi5","_structures.py","library/rpi5__structures.py"
"rpi5","markers.py","library/rpi5_markers.py"
"rpi5","requirements.py","library/rpi5_requirements.py"
"rpi5","specifiers.py","library/rpi5_specifiers.py"
"rpi5","tags.py","library/rpi5_tags.py"
"rpi5","utils.py","library/rpi5_utils.py"
"rpi5","version.py","library/rpi5_version.py"
"rpi5","__init__.py","library/rpi5___init__.py"
"rpi5","py31compat.py","library/rpi5_py31compat.py"
"rpi5","__init__.py","library/rpi5___init__.py"
"rpi5","__main__.py","library/rpi5___main__.py"
"rpi5","android.py","library/rpi5_android.py"
"rpi5","api.py","library/rpi5_api.py"
"rpi5","macos.py","library/rpi5_macos.py"
"rpi5","unix.py","library/rpi5_unix.py"
"rpi5","version.py","library/rpi5_version.py"
"rpi5","windows.py","library/rpi5_windows.py"
"rpi5","__init__.py","library/rpi5___init__.py"
"rpi5","__init__.py","library/rpi5___init__.py"
"rpi5","_mapping.py","library/rpi5__mapping.py"
"rpi5","bbcode.py","library/rpi5_bbcode.py"
"rpi5","groff.py","library/rpi5_groff.py"
"rpi5","html.py","library/rpi5_html.py"
"rpi5","img.py","library/rpi5_img.py"
"rpi5","irc.py","library/rpi5_irc.py"
"rpi5","latex.py","library/rpi5_latex.py"
"rpi5","other.py","library/rpi5_other.py"
"rpi5","pangomarkup.py","library/rpi5_pangomarkup.py"
"rpi5","rtf.py","library/rpi5_rtf.py"
"rpi5","svg.py","library/rpi5_svg.py"
"rpi5","terminal.py","library/rpi5_terminal.py"
"rpi5","terminal256.py","library/rpi5_terminal256.py"
"rpi5","__init__.py","library/rpi5___init__.py"
"rpi5","_mapping.py","library/rpi5__mapping.py"
"rpi5","python.py","library/rpi5_python.py"
"rpi5","__init__.py","library/rpi5___init__.py"
"rpi5","__init__.py","library/rpi5___init__.py"
"rpi5","__main__.py","library/rpi5___main__.py"
"rpi5","cmdline.py","library/rpi5_cmdline.py"
"rpi5","console.py","library/rpi5_console.py"
"rpi5","filter.py","library/rpi5_filter.py"
"rpi5","formatter.py","library/rpi5_formatter.py"
"rpi5","lexer.py","library/rpi5_lexer.py"
"rpi5","modeline.py","library/rpi5_modeline.py"
"rpi5","plugin.py","library/rpi5_plugin.py"
"rpi5","regexopt.py","library/rpi5_regexopt.py"
"rpi5","scanner.py","library/rpi5_scanner.py"
"rpi5","sphinxext.py","library/rpi5_sphinxext.py"
"rpi5","style.py","library/rpi5_style.py"
"rpi5","token.py","library/rpi5_token.py"
"rpi5","unistring.py","library/rpi5_unistring.py"
"rpi5","util.py","library/rpi5_util.py"
"rpi5","__init__.py","library/rpi5___init__.py"
"rpi5","__init__.py","library/rpi5___init__.py"
"rpi5","actions.py","library/rpi5_actions.py"
"rpi5","common.py","library/rpi5_common.py"
"rpi5","core.py","library/rpi5_core.py"
"rpi5","exceptions.py","library/rpi5_exceptions.py"
"rpi5","helpers.py","library/rpi5_helpers.py"
"rpi5","results.py","library/rpi5_results.py"
"rpi5","testing.py","library/rpi5_testing.py"
"rpi5","unicode.py","library/rpi5_unicode.py"
"rpi5","util.py","library/rpi5_util.py"
"rpi5","__init__.py","library/rpi5___init__.py"
"rpi5","_in_process.py","library/rpi5__in_process.py"
"rpi5","__init__.py","library/rpi5___init__.py"
"rpi5","_compat.py","library/rpi5__compat.py"
"rpi5","_impl.py","library/rpi5__impl.py"
"rpi5","__init__.py","library/rpi5___init__.py"
"rpi5","__version__.py","library/rpi5___version__.py"
"rpi5","_internal_utils.py","library/rpi5__internal_utils.py"
"rpi5","adapters.py","library/rpi5_adapters.py"
"rpi5","api.py","library/rpi5_api.py"
"rpi5","auth.py","library/rpi5_auth.py"
"rpi5","certs.py","library/rpi5_certs.py"
"rpi5","compat.py","library/rpi5_compat.py"
"rpi5","cookies.py","library/rpi5_cookies.py"
"rpi5","exceptions.py","library/rpi5_exceptions.py"
"rpi5","help.py","library/rpi5_help.py"
"rpi5","hooks.py","library/rpi5_hooks.py"
"rpi5","models.py","library/rpi5_models.py"
"rpi5","packages.py","library/rpi5_packages.py"
"rpi5","sessions.py","library/rpi5_sessions.py"
"rpi5","status_codes.py","library/rpi5_status_codes.py"
"rpi5","structures.py","library/rpi5_structures.py"
"rpi5","utils.py","library/rpi5_utils.py"
"rpi5","__init__.py","library/rpi5___init__.py"
"rpi5","collections_abc.py","library/rpi5_collections_abc.py"
"rpi5","__init__.py","library/rpi5___init__.py"
"rpi5","providers.py","library/rpi5_providers.py"
"rpi5","reporters.py","library/rpi5_reporters.py"
"rpi5","resolvers.py","library/rpi5_resolvers.py"
"rpi5","structs.py","library/rpi5_structs.py"
"rpi5","__init__.py","library/rpi5___init__.py"
"rpi5","__main__.py","library/rpi5___main__.py"
"rpi5","_cell_widths.py","library/rpi5__cell_widths.py"
"rpi5","_emoji_codes.py","library/rpi5__emoji_codes.py"
"rpi5","_emoji_replace.py","library/rpi5__emoji_replace.py"
"rpi5","_export_format.py","library/rpi5__export_format.py"
"rpi5","_extension.py","library/rpi5__extension.py"
"rpi5","_inspect.py","library/rpi5__inspect.py"
"rpi5","_log_render.py","library/rpi5__log_render.py"
"rpi5","_loop.py","library/rpi5__loop.py"
"rpi5","_null_file.py","library/rpi5__null_file.py"
"rpi5","_palettes.py","library/rpi5__palettes.py"
"rpi5","_pick.py","library/rpi5__pick.py"
"rpi5","_ratio.py","library/rpi5__ratio.py"
"rpi5","_spinners.py","library/rpi5__spinners.py"
"rpi5","_stack.py","library/rpi5__stack.py"
"rpi5","_timer.py","library/rpi5__timer.py"
"rpi5","_win32_console.py","library/rpi5__win32_console.py"
"rpi5","_windows_renderer.py","library/rpi5__windows_renderer.py"
"rpi5","_windows.py","library/rpi5__windows.py"
"rpi5","_wrap.py","library/rpi5__wrap.py"
"rpi5","abc.py","library/rpi5_abc.py"
"rpi5","align.py","library/rpi5_align.py"
"rpi5","ansi.py","library/rpi5_ansi.py"
"rpi5","bar.py","library/rpi5_bar.py"
"rpi5","box.py","library/rpi5_box.py"
"rpi5","cells.py","library/rpi5_cells.py"
"rpi5","color_triplet.py","library/rpi5_color_triplet.py"
"rpi5","color.py","library/rpi5_color.py"
"rpi5","columns.py","library/rpi5_columns.py"
"rpi5","console.py","library/rpi5_console.py"
"rpi5","constrain.py","library/rpi5_constrain.py"
"rpi5","containers.py","library/rpi5_containers.py"
"rpi5","control.py","library/rpi5_control.py"
"rpi5","default_styles.py","library/rpi5_default_styles.py"
"rpi5","diagnose.py","library/rpi5_diagnose.py"
"rpi5","emoji.py","library/rpi5_emoji.py"
"rpi5","errors.py","library/rpi5_errors.py"
"rpi5","file_proxy.py","library/rpi5_file_proxy.py"
"rpi5","filesize.py","library/rpi5_filesize.py"
"rpi5","highlighter.py","library/rpi5_highlighter.py"
"rpi5","json.py","library/rpi5_json.py"
"rpi5","jupyter.py","library/rpi5_jupyter.py"
"rpi5","layout.py","library/rpi5_layout.py"
"rpi5","live_render.py","library/rpi5_live_render.py"
"rpi5","live.py","library/rpi5_live.py"
"rpi5","logging.py","library/rpi5_logging.py"
"rpi5","markup.py","library/rpi5_markup.py"
"rpi5","measure.py","library/rpi5_measure.py"
"rpi5","padding.py","library/rpi5_padding.py"
"rpi5","pager.py","library/rpi5_pager.py"
"rpi5","palette.py","library/rpi5_palette.py"
"rpi5","panel.py","library/rpi5_panel.py"
"rpi5","pretty.py","library/rpi5_pretty.py"
"rpi5","progress_bar.py","library/rpi5_progress_bar.py"
"rpi5","progress.py","library/rpi5_progress.py"
"rpi5","prompt.py","library/rpi5_prompt.py"
"rpi5","protocol.py","library/rpi5_protocol.py"
"rpi5","region.py","library/rpi5_region.py"
"rpi5","repr.py","library/rpi5_repr.py"
"rpi5","rule.py","library/rpi5_rule.py"
"rpi5","scope.py","library/rpi5_scope.py"
"rpi5","screen.py","library/rpi5_screen.py"
"rpi5","segment.py","library/rpi5_segment.py"
"rpi5","spinner.py","library/rpi5_spinner.py"
"rpi5","status.py","library/rpi5_status.py"
"rpi5","style.py","library/rpi5_style.py"
"rpi5","styled.py","library/rpi5_styled.py"
"rpi5","syntax.py","library/rpi5_syntax.py"
"rpi5","table.py","library/rpi5_table.py"
"rpi5","terminal_theme.py","library/rpi5_terminal_theme.py"
"rpi5","text.py","library/rpi5_text.py"
"rpi5","theme.py","library/rpi5_theme.py"
"rpi5","themes.py","library/rpi5_themes.py"
"rpi5","traceback.py","library/rpi5_traceback.py"
"rpi5","tree.py","library/rpi5_tree.py"
"rpi5","__init__.py","library/rpi5___init__.py"
"rpi5","_asyncio.py","library/rpi5__asyncio.py"
"rpi5","_utils.py","library/rpi5__utils.py"
"rpi5","after.py","library/rpi5_after.py"
"rpi5","before_sleep.py","library/rpi5_before_sleep.py"
"rpi5","before.py","library/rpi5_before.py"
"rpi5","nap.py","library/rpi5_nap.py"
"rpi5","retry.py","library/rpi5_retry.py"
"rpi5","stop.py","library/rpi5_stop.py"
"rpi5","tornadoweb.py","library/rpi5_tornadoweb.py"
"rpi5","wait.py","library/rpi5_wait.py"
"rpi5","__init__.py","library/rpi5___init__.py"
"rpi5","_parser.py","library/rpi5__parser.py"
"rpi5","_re.py","library/rpi5__re.py"
"rpi5","_types.py","library/rpi5__types.py"
"rpi5","__init__.py","library/rpi5___init__.py"
"rpi5","bindings.py","library/rpi5_bindings.py"
"rpi5","low_level.py","library/rpi5_low_level.py"
"rpi5","__init__.py","library/rpi5___init__.py"
"rpi5","_appengine_environ.py","library/rpi5__appengine_environ.py"
"rpi5","appengine.py","library/rpi5_appengine.py"
"rpi5","ntlmpool.py","library/rpi5_ntlmpool.py"
"rpi5","pyopenssl.py","library/rpi5_pyopenssl.py"
"rpi5","securetransport.py","library/rpi5_securetransport.py"
"rpi5","socks.py","library/rpi5_socks.py"
"rpi5","__init__.py","library/rpi5___init__.py"
"rpi5","makefile.py","library/rpi5_makefile.py"
"rpi5","__init__.py","library/rpi5___init__.py"
"rpi5","six.py","library/rpi5_six.py"
"rpi5","__init__.py","library/rpi5___init__.py"
"rpi5","connection.py","library/rpi5_connection.py"
"rpi5","proxy.py","library/rpi5_proxy.py"
"rpi5","queue.py","library/rpi5_queue.py"
"rpi5","request.py","library/rpi5_request.py"
"rpi5","response.py","library/rpi5_response.py"
"rpi5","retry.py","library/rpi5_retry.py"
"rpi5","ssl_.py","library/rpi5_ssl_.py"
"rpi5","ssl_match_hostname.py","library/rpi5_ssl_match_hostname.py"
"rpi5","ssltransport.py","library/rpi5_ssltransport.py"
"rpi5","timeout.py","library/rpi5_timeout.py"
"rpi5","url.py","library/rpi5_url.py"
"rpi5","wait.py","library/rpi5_wait.py"
"rpi5","__init__.py","library/rpi5___init__.py"
"rpi5","_collections.py","library/rpi5__collections.py"
"rpi5","_version.py","library/rpi5__version.py"
"rpi5","connection.py","library/rpi5_connection.py"
"rpi5","connectionpool.py","library/rpi5_connectionpool.py"
"rpi5","exceptions.py","library/rpi5_exceptions.py"
"rpi5","fields.py","library/rpi5_fields.py"
"rpi5","filepost.py","library/rpi5_filepost.py"
"rpi5","poolmanager.py","library/rpi5_poolmanager.py"
"rpi5","request.py","library/rpi5_request.py"
"rpi5","response.py","library/rpi5_response.py"
"rpi5","__init__.py","library/rpi5___init__.py"
"rpi5","labels.py","library/rpi5_labels.py"
"rpi5","mklabels.py","library/rpi5_mklabels.py"
"rpi5","tests.py","library/rpi5_tests.py"
"rpi5","x_user_defined.py","library/rpi5_x_user_defined.py"
"rpi5","__init__.py","library/rpi5___init__.py"
"rpi5","six.py","library/rpi5_six.py"
"rpi5","typing_extensions.py","library/rpi5_typing_extensions.py"
"rpi5","__init__.py","library/rpi5___init__.py"
"rpi5","__main__.py","library/rpi5___main__.py"
"rpi5","__pip-runner__.py","library/rpi5___pip-runner__.py"
"rpi5","__init__.py","library/rpi5___init__.py"
"rpi5","_adapters.py","library/rpi5__adapters.py"
"rpi5","_common.py","library/rpi5__common.py"
"rpi5","_compat.py","library/rpi5__compat.py"
"rpi5","_itertools.py","library/rpi5__itertools.py"
"rpi5","_legacy.py","library/rpi5__legacy.py"
"rpi5","abc.py","library/rpi5_abc.py"
"rpi5","readers.py","library/rpi5_readers.py"
"rpi5","simple.py","library/rpi5_simple.py"
"rpi5","__init__.py","library/rpi5___init__.py"
"rpi5","__init__.py","library/rpi5___init__.py"
"rpi5","context.py","library/rpi5_context.py"
"rpi5","functools.py","library/rpi5_functools.py"
"rpi5","__init__.py","library/rpi5___init__.py"
"rpi5","more.py","library/rpi5_more.py"
"rpi5","recipes.py","library/rpi5_recipes.py"
"rpi5","__about__.py","library/rpi5___about__.py"
"rpi5","__init__.py","library/rpi5___init__.py"
"rpi5","_manylinux.py","library/rpi5__manylinux.py"
"rpi5","_musllinux.py","library/rpi5__musllinux.py"
"rpi5","_structures.py","library/rpi5__structures.py"
"rpi5","markers.py","library/rpi5_markers.py"
"rpi5","requirements.py","library/rpi5_requirements.py"
"rpi5","specifiers.py","library/rpi5_specifiers.py"
"rpi5","tags.py","library/rpi5_tags.py"
"rpi5","utils.py","library/rpi5_utils.py"
"rpi5","version.py","library/rpi5_version.py"
"rpi5","__init__.py","library/rpi5___init__.py"
"rpi5","__main__.py","library/rpi5___main__.py"
"rpi5","android.py","library/rpi5_android.py"
"rpi5","api.py","library/rpi5_api.py"
"rpi5","macos.py","library/rpi5_macos.py"
"rpi5","unix.py","library/rpi5_unix.py"
"rpi5","version.py","library/rpi5_version.py"
"rpi5","windows.py","library/rpi5_windows.py"
"rpi5","__init__.py","library/rpi5___init__.py"
"rpi5","__init__.py","library/rpi5___init__.py"
"rpi5","actions.py","library/rpi5_actions.py"
"rpi5","common.py","library/rpi5_common.py"
"rpi5","core.py","library/rpi5_core.py"
"rpi5","exceptions.py","library/rpi5_exceptions.py"
"rpi5","helpers.py","library/rpi5_helpers.py"
"rpi5","results.py","library/rpi5_results.py"
"rpi5","testing.py","library/rpi5_testing.py"
"rpi5","unicode.py","library/rpi5_unicode.py"
"rpi5","util.py","library/rpi5_util.py"
"rpi5","__init__.py","library/rpi5___init__.py"
"rpi5","typing_extensions.py","library/rpi5_typing_extensions.py"
"rpi5","zipp.py","library/rpi5_zipp.py"
"rpi5","__init__.py","library/rpi5___init__.py"
"rpi5","__init__.py","library/rpi5___init__.py"
"rpi5","__init__.py","library/rpi5___init__.py"
"rpi5","__version__.py","library/rpi5___version__.py"
"rpi5","_internal_utils.py","library/rpi5__internal_utils.py"
"rpi5","adapters.py","library/rpi5_adapters.py"
"rpi5","api.py","library/rpi5_api.py"
"rpi5","auth.py","library/rpi5_auth.py"
"rpi5","certs.py","library/rpi5_certs.py"
"rpi5","compat.py","library/rpi5_compat.py"
"rpi5","cookies.py","library/rpi5_cookies.py"
"rpi5","exceptions.py","library/rpi5_exceptions.py"
"rpi5","help.py","library/rpi5_help.py"
"rpi5","hooks.py","library/rpi5_hooks.py"
"rpi5","models.py","library/rpi5_models.py"
"rpi5","packages.py","library/rpi5_packages.py"
"rpi5","sessions.py","library/rpi5_sessions.py"
"rpi5","status_codes.py","library/rpi5_status_codes.py"
"rpi5","structures.py","library/rpi5_structures.py"
"rpi5","utils.py","library/rpi5_utils.py"
"rpi5","__init__.py","library/rpi5___init__.py"
"rpi5","_framework_compat.py","library/rpi5__framework_compat.py"
"rpi5","bdist_dumb.py","library/rpi5_bdist_dumb.py"
"rpi5","bdist_rpm.py","library/rpi5_bdist_rpm.py"
"rpi5","bdist.py","library/rpi5_bdist.py"
"rpi5","build_clib.py","library/rpi5_build_clib.py"
"rpi5","build_ext.py","library/rpi5_build_ext.py"
"rpi5","build_py.py","library/rpi5_build_py.py"
"rpi5","build_scripts.py","library/rpi5_build_scripts.py"
"rpi5","build.py","library/rpi5_build.py"
"rpi5","clean.py","library/rpi5_clean.py"
"rpi5","config.py","library/rpi5_config.py"
"rpi5","check.py","library/rpi5_check.py"
"rpi5","install_data.py","library/rpi5_install_data.py"
"rpi5","install_egg_info.py","library/rpi5_install_egg_info.py"
"rpi5","install_headers.py","library/rpi5_install_headers.py"
"rpi5","install_lib.py","library/rpi5_install_lib.py"
"rpi5","install_scripts.py","library/rpi5_install_scripts.py"
"rpi5","install.py","library/rpi5_install.py"
"rpi5","py37compat.py","library/rpi5_py37compat.py"
"rpi5","register.py","library/rpi5_register.py"
"rpi5","sdist.py","library/rpi5_sdist.py"
"rpi5","upload.py","library/rpi5_upload.py"
"rpi5","__init__.py","library/rpi5___init__.py"
"rpi5","_collections.py","library/rpi5__collections.py"
"rpi5","_functools.py","library/rpi5__functools.py"
"rpi5","_log.py","library/rpi5__log.py"
"rpi5","_macos_compat.py","library/rpi5__macos_compat.py"
"rpi5","_msvccompiler.py","library/rpi5__msvccompiler.py"
"rpi5","archive_util.py","library/rpi5_archive_util.py"
"rpi5","bcppcompiler.py","library/rpi5_bcppcompiler.py"
"rpi5","ccompiler.py","library/rpi5_ccompiler.py"
"rpi5","cmd.py","library/rpi5_cmd.py"
"rpi5","config.py","library/rpi5_config.py"
"rpi5","core.py","library/rpi5_core.py"
"rpi5","cygwinccompiler.py","library/rpi5_cygwinccompiler.py"
"rpi5","debug.py","library/rpi5_debug.py"
"rpi5","dep_util.py","library/rpi5_dep_util.py"
"rpi5","dir_util.py","library/rpi5_dir_util.py"
"rpi5","dist.py","library/rpi5_dist.py"
"rpi5","errors.py","library/rpi5_errors.py"
"rpi5","extension.py","library/rpi5_extension.py"
"rpi5","fancy_getopt.py","library/rpi5_fancy_getopt.py"
"rpi5","file_util.py","library/rpi5_file_util.py"
"rpi5","filelist.py","library/rpi5_filelist.py"
"rpi5","log.py","library/rpi5_log.py"
"rpi5","msvc9compiler.py","library/rpi5_msvc9compiler.py"
"rpi5","msvccompiler.py","library/rpi5_msvccompiler.py"
"rpi5","py38compat.py","library/rpi5_py38compat.py"
"rpi5","py39compat.py","library/rpi5_py39compat.py"
"rpi5","spawn.py","library/rpi5_spawn.py"
"rpi5","sysconfig.py","library/rpi5_sysconfig.py"
"rpi5","text_file.py","library/rpi5_text_file.py"
"rpi5","unixccompiler.py","library/rpi5_unixccompiler.py"
"rpi5","util.py","library/rpi5_util.py"
"rpi5","version.py","library/rpi5_version.py"
"rpi5","versionpredicate.py","library/rpi5_versionpredicate.py"
"rpi5","__init__.py","library/rpi5___init__.py"
"rpi5","_adapters.py","library/rpi5__adapters.py"
"rpi5","_collections.py","library/rpi5__collections.py"
"rpi5","_compat.py","library/rpi5__compat.py"
"rpi5","_functools.py","library/rpi5__functools.py"
"rpi5","_itertools.py","library/rpi5__itertools.py"
"rpi5","_meta.py","library/rpi5__meta.py"
"rpi5","_text.py","library/rpi5__text.py"
"rpi5","__init__.py","library/rpi5___init__.py"
"rpi5","_adapters.py","library/rpi5__adapters.py"
"rpi5","_common.py","library/rpi5__common.py"
"rpi5","_compat.py","library/rpi5__compat.py"
"rpi5","_itertools.py","library/rpi5__itertools.py"
"rpi5","_legacy.py","library/rpi5__legacy.py"
"rpi5","abc.py","library/rpi5_abc.py"
"rpi5","readers.py","library/rpi5_readers.py"
"rpi5","simple.py","library/rpi5_simple.py"
"rpi5","__init__.py","library/rpi5___init__.py"
"rpi5","__init__.py","library/rpi5___init__.py"
"rpi5","context.py","library/rpi5_context.py"
"rpi5","functools.py","library/rpi5_functools.py"
"rpi5","__init__.py","library/rpi5___init__.py"
"rpi5","more.py","library/rpi5_more.py"
"rpi5","recipes.py","library/rpi5_recipes.py"
"rpi5","__about__.py","library/rpi5___about__.py"
"rpi5","__init__.py","library/rpi5___init__.py"
"rpi5","_manylinux.py","library/rpi5__manylinux.py"
"rpi5","_musllinux.py","library/rpi5__musllinux.py"
"rpi5","_structures.py","library/rpi5__structures.py"
"rpi5","markers.py","library/rpi5_markers.py"
"rpi5","requirements.py","library/rpi5_requirements.py"
"rpi5","specifiers.py","library/rpi5_specifiers.py"
"rpi5","tags.py","library/rpi5_tags.py"
"rpi5","utils.py","library/rpi5_utils.py"
"rpi5","version.py","library/rpi5_version.py"
"rpi5","__init__.py","library/rpi5___init__.py"
"rpi5","__init__.py","library/rpi5___init__.py"
"rpi5","actions.py","library/rpi5_actions.py"
"rpi5","common.py","library/rpi5_common.py"
"rpi5","core.py","library/rpi5_core.py"
"rpi5","exceptions.py","library/rpi5_exceptions.py"
"rpi5","helpers.py","library/rpi5_helpers.py"
"rpi5","results.py","library/rpi5_results.py"
"rpi5","testing.py","library/rpi5_testing.py"
"rpi5","unicode.py","library/rpi5_unicode.py"
"rpi5","util.py","library/rpi5_util.py"
"rpi5","__init__.py","library/rpi5___init__.py"
"rpi5","_parser.py","library/rpi5__parser.py"
"rpi5","_re.py","library/rpi5__re.py"
"rpi5","_types.py","library/rpi5__types.py"
"rpi5","__init__.py","library/rpi5___init__.py"
"rpi5","ordered_set.py","library/rpi5_ordered_set.py"
"rpi5","typing_extensions.py","library/rpi5_typing_extensions.py"
"rpi5","zipp.py","library/rpi5_zipp.py"
"rpi5","__init__.py","library/rpi5___init__.py"
"rpi5","alias.py","library/rpi5_alias.py"
"rpi5","bdist_egg.py","library/rpi5_bdist_egg.py"
"rpi5","bdist_rpm.py","library/rpi5_bdist_rpm.py"
"rpi5","build_clib.py","library/rpi5_build_clib.py"
"rpi5","build_ext.py","library/rpi5_build_ext.py"
"rpi5","build_py.py","library/rpi5_build_py.py"
"rpi5","build.py","library/rpi5_build.py"
"rpi5","develop.py","library/rpi5_develop.py"
"rpi5","dist_info.py","library/rpi5_dist_info.py"
"rpi5","easy_install.py","library/rpi5_easy_install.py"
"rpi5","editable_wheel.py","library/rpi5_editable_wheel.py"
"rpi5","egg_info.py","library/rpi5_egg_info.py"
"rpi5","install_egg_info.py","library/rpi5_install_egg_info.py"
"rpi5","install_lib.py","library/rpi5_install_lib.py"
"rpi5","install_scripts.py","library/rpi5_install_scripts.py"
"rpi5","install.py","library/rpi5_install.py"
"rpi5","py36compat.py","library/rpi5_py36compat.py"
"rpi5","register.py","library/rpi5_register.py"
"rpi5","rotate.py","library/rpi5_rotate.py"
"rpi5","saveopts.py","library/rpi5_saveopts.py"
"rpi5","sdist.py","library/rpi5_sdist.py"
"rpi5","setopt.py","library/rpi5_setopt.py"
"rpi5","test.py","library/rpi5_test.py"
"rpi5","upload_docs.py","library/rpi5_upload_docs.py"
"rpi5","upload.py","library/rpi5_upload.py"
"rpi5","__init__.py","library/rpi5___init__.py"
"rpi5","error_reporting.py","library/rpi5_error_reporting.py"
"rpi5","extra_validations.py","library/rpi5_extra_validations.py"
"rpi5","fastjsonschema_exceptions.py","library/rpi5_fastjsonschema_exceptions.py"
"rpi5","fastjsonschema_validations.py","library/rpi5_fastjsonschema_validations.py"
"rpi5","formats.py","library/rpi5_formats.py"
"rpi5","__init__.py","library/rpi5___init__.py"
"rpi5","_apply_pyprojecttoml.py","library/rpi5__apply_pyprojecttoml.py"
"rpi5","expand.py","library/rpi5_expand.py"
"rpi5","pyprojecttoml.py","library/rpi5_pyprojecttoml.py"
"rpi5","setupcfg.py","library/rpi5_setupcfg.py"
"rpi5","__init__.py","library/rpi5___init__.py"
"rpi5","__init__.py","library/rpi5___init__.py"
"rpi5","_deprecation_warning.py","library/rpi5__deprecation_warning.py"
"rpi5","_entry_points.py","library/rpi5__entry_points.py"
"rpi5","_imp.py","library/rpi5__imp.py"
"rpi5","_importlib.py","library/rpi5__importlib.py"
"rpi5","_itertools.py","library/rpi5__itertools.py"
"rpi5","_path.py","library/rpi5__path.py"
"rpi5","_reqs.py","library/rpi5__reqs.py"
"rpi5","archive_util.py","library/rpi5_archive_util.py"
"rpi5","build_meta.py","library/rpi5_build_meta.py"
"rpi5","dep_util.py","library/rpi5_dep_util.py"
"rpi5","depends.py","library/rpi5_depends.py"
"rpi5","discovery.py","library/rpi5_discovery.py"
"rpi5","dist.py","library/rpi5_dist.py"
"rpi5","errors.py","library/rpi5_errors.py"
"rpi5","extension.py","library/rpi5_extension.py"
"rpi5","glob.py","library/rpi5_glob.py"
"rpi5","installer.py","library/rpi5_installer.py"
"rpi5","launch.py","library/rpi5_launch.py"
"rpi5","logging.py","library/rpi5_logging.py"
"rpi5","monkey.py","library/rpi5_monkey.py"
"rpi5","msvc.py","library/rpi5_msvc.py"
"rpi5","namespaces.py","library/rpi5_namespaces.py"
"rpi5","package_index.py","library/rpi5_package_index.py"
"rpi5","py34compat.py","library/rpi5_py34compat.py"
"rpi5","sandbox.py","library/rpi5_sandbox.py"
"rpi5","unicode_utils.py","library/rpi5_unicode_utils.py"
"rpi5","version.py","library/rpi5_version.py"
"rpi5","wheel.py","library/rpi5_wheel.py"
"rpi5","windows_support.py","library/rpi5_windows_support.py"
"rpi5","__init__.py","library/rpi5___init__.py"
"rpi5","connection.py","library/rpi5_connection.py"
"rpi5","emscripten_fetch_worker.js","library/rpi5_emscripten_fetch_worker.js"
"rpi5","fetch.py","library/rpi5_fetch.py"
"rpi5","request.py","library/rpi5_request.py"
"rpi5","response.py","library/rpi5_response.py"
"rpi5","__init__.py","library/rpi5___init__.py"
"rpi5","pyopenssl.py","library/rpi5_pyopenssl.py"
"rpi5","socks.py","library/rpi5_socks.py"
"rpi5","__init__.py","library/rpi5___init__.py"
"rpi5","connection.py","library/rpi5_connection.py"
"rpi5","probe.py","library/rpi5_probe.py"
"rpi5","__init__.py","library/rpi5___init__.py"
"rpi5","connection.py","library/rpi5_connection.py"
"rpi5","proxy.py","library/rpi5_proxy.py"
"rpi5","request.py","library/rpi5_request.py"
"rpi5","response.py","library/rpi5_response.py"
"rpi5","retry.py","library/rpi5_retry.py"
"rpi5","ssl_.py","library/rpi5_ssl_.py"
"rpi5","ssl_match_hostname.py","library/rpi5_ssl_match_hostname.py"
"rpi5","ssltransport.py","library/rpi5_ssltransport.py"
"rpi5","timeout.py","library/rpi5_timeout.py"
"rpi5","url.py","library/rpi5_url.py"
"rpi5","util.py","library/rpi5_util.py"
"rpi5","wait.py","library/rpi5_wait.py"
"rpi5","__init__.py","library/rpi5___init__.py"
"rpi5","_base_connection.py","library/rpi5__base_connection.py"
"rpi5","_collections.py","library/rpi5__collections.py"
"rpi5","_request_methods.py","library/rpi5__request_methods.py"
"rpi5","_version.py","library/rpi5__version.py"
"rpi5","connection.py","library/rpi5_connection.py"
"rpi5","connectionpool.py","library/rpi5_connectionpool.py"
"rpi5","exceptions.py","library/rpi5_exceptions.py"
"rpi5","fields.py","library/rpi5_fields.py"
"rpi5","filepost.py","library/rpi5_filepost.py"
"rpi5","poolmanager.py","library/rpi5_poolmanager.py"
"rpi5","response.py","library/rpi5_response.py"
"rpi5","crawler.py","library/rpi5_crawler.py"
"rpi5","reader.py","library/rpi5_reader.py"
"rpi5","update.sh","library/rpi5_update.sh"
"rpi5","deepseek_python_20251108_74e969.py","library/rpi5_deepseek_python_20251108_74e969.py"
"rpi5","device_structure_scan.py","library/rpi5_device_structure_scan.py"
"rpi5","health_dashboard.sh","library/rpi5_health_dashboard.sh"
"rpi5","quick_entities.sh","library/rpi5_quick_entities.sh"
"rpi5","quick_scan.sh","library/rpi5_quick_scan.sh"
"rpi5","repair_homeassistant.py","library/rpi5_repair_homeassistant.py"
"rpi5","storage_analyzer.py","library/rpi5_storage_analyzer.py"
"rpi5","storage_optimizer.py","library/rpi5_storage_optimizer.py"
"rpi5","mhs35_setup.sh","library/rpi5_mhs35_setup.sh"
"rpi5","one_step_fullsuite_starkos_mhs35_interactive.sh","library/rpi5_one_step_fullsuite_starkos_mhs35_interactive.sh"
"rpi5","auto_install.sh","library/rpi5_auto_install.sh"
"rpi5","create_ha_full_suite.sh","library/rpi5_create_ha_full_suite.sh"
"rpi5","install_ha_complete.sh","library/rpi5_install_ha_complete.sh"
"rpi5","install_ha_docker_complete.sh","library/rpi5_install_ha_docker_complete.sh"
"rpi5","one_step_ha_full_suite.sh","library/rpi5_one_step_ha_full_suite.sh"
"rpi5","quick_fix_docker_compose.sh","library/rpi5_quick_fix_docker_compose.sh"
"rpi5","install_addons.sh","library/rpi5_install_addons.sh"
"rpi5","post_install_addons.sh","library/rpi5_post_install_addons.sh"
"rpi5","post_install_setup_menu.sh","library/rpi5_post_install_setup_menu.sh"
"rpi5","setup_file_explorer.sh","library/rpi5_setup_file_explorer.sh"
"rpi5","setup_gaming_services.sh","library/rpi5_setup_gaming_services.sh"
"rpi5","setup_maintenance.sh","library/rpi5_setup_maintenance.sh"
"rpi5","setup_monitoring.sh","library/rpi5_setup_monitoring.sh"
"rpi5","setup_nas.sh","library/rpi5_setup_nas.sh"
"rpi5","setup_storage_auto_mount.sh","library/rpi5_setup_storage_auto_mount.sh"
"rpi5","setup_storage.sh","library/rpi5_setup_storage.sh"
"rpi5","setup_supervised_env.sh","library/rpi5_setup_supervised_env.sh"
"rpi5","setup_vmspace.sh","library/rpi5_setup_vmspace.sh"
"rpi5","autocommit.sh","library/rpi5_autocommit.sh"
"rpi5","backup_config.sh","library/rpi5_backup_config.sh"
"rpi5","cleanup_previous.sh","library/rpi5_cleanup_previous.sh"
"rpi5","deploy_to_github.sh","library/rpi5_deploy_to_github.sh"
"rpi5","detect_os.sh","library/rpi5_detect_os.sh"
"rpi5","fix_configuration_yaml.sh","library/rpi5_fix_configuration_yaml.sh"
"rpi5","fix_docker_dns_and_compose.sh","library/rpi5_fix_docker_dns_and_compose.sh"
"rpi5","check_configs.sh","library/rpi5_check_configs.sh"
"rpi5","install_hacs_repos.sh","library/rpi5_install_hacs_repos.sh"
"rpi5","merge_configs.sh","library/rpi5_merge_configs.sh"
"rpi5","migrate_to_nvme.sh","library/rpi5_migrate_to_nvme.sh"
"rpi5","mount_storage.sh","library/rpi5_mount_storage.sh"
"rpi5","setup_cron_backup.sh","library/rpi5_setup_cron_backup.sh"
"rpi5","storage_analyzer.sh","library/rpi5_storage_analyzer.sh"
"rpi5","storage_setup_wizard.sh","library/rpi5_storage_setup_wizard.sh"
"rpi5","sync_config.sh","library/rpi5_sync_config.sh"
"rpi5","system_check.sh","library/rpi5_system_check.sh"
"rpi5","validate_ha_config.py","library/rpi5_validate_ha_config.py"
"rpi5","validate_yaml.sh","library/rpi5_validate_yaml.sh"
"rpi5","verify_installation.sh","library/rpi5_verify_installation.sh"
"rpi5","auto_mount_setup.sh","library/rpi5_auto_mount_setup.sh"
"rpi5","test_scripts.sh","library/rpi5_test_scripts.sh"
"rpi5","install.sh","library/rpi5_install.sh"
"rpi5","setup_master.sh","library/rpi5_setup_master.sh"
"rpi5","headless_full_deploy_rpi5.sh","library/rpi5_headless_full_deploy_rpi5.sh"
"rpi5","ai_cli.sh","library/rpi5_ai_cli.sh"
"rpi5","ai_engine.sh","library/rpi5_ai_engine.sh"
"rpi5","ai_plugin_workspace.sh","library/rpi5_ai_plugin_workspace.sh"
"rpi5","ai_workspace_server.py","library/rpi5_ai_workspace_server.py"
"rpi5","app.py","library/rpi5_app.py"
"rpi5","wine-box64.sh","library/rpi5_wine-box64.sh"
"rpi5","app.py","library/rpi5_app.py"
"rpi5","add_system_icons.sh","library/rpi5_add_system_icons.sh"
"rpi5","apk_to_waydroid.sh","library/rpi5_apk_to_waydroid.sh"
"rpi5","config_reset.sh","library/rpi5_config_reset.sh"
"rpi5","detect_mhs.sh","library/rpi5_detect_mhs.sh"
"rpi5","fix_scripts.sh","library/rpi5_fix_scripts.sh"
"rpi5","import_roms.sh","library/rpi5_import_roms.sh"
"rpi5","install_ai_station.sh","library/rpi5_install_ai_station.sh"
"rpi5","install_all.sh","library/rpi5_install_all.sh"
"rpi5","install_twister_smart_suite.sh","library/rpi5_install_twister_smart_suite.sh"
"rpi5","kernel_selfheal.sh","library/rpi5_kernel_selfheal.sh"
"rpi5","mhs_detect.sh","library/rpi5_mhs_detect.sh"
"rpi5","mount_nas.sh","library/rpi5_mount_nas.sh"
"rpi5","network_diagnose.sh","library/rpi5_network_diagnose.sh"
"rpi5","repair_boot.sh","library/rpi5_repair_boot.sh"
"rpi5","repair_fs.sh","library/rpi5_repair_fs.sh"
"rpi5","scrape_artwork.sh","library/rpi5_scrape_artwork.sh"
"rpi5","security_audit.sh","library/rpi5_security_audit.sh"
"rpi5","self_healing_deamon.sh","library/rpi5_self_healing_deamon.sh"
"rpi5","setup_mhs.sh","library/rpi5_setup_mhs.sh"
"rpi5","setup_services.sh","library/rpi5_setup_services.sh"
"rpi5","smart_menu.sh","library/rpi5_smart_menu.sh"
"rpi5","start_retroarch.sh","library/rpi5_start_retroarch.sh"
"rpi5","start_twister_suite.sh","library/rpi5_start_twister_suite.sh"
"rpi5","start_wine_game.sh","library/rpi5_start_wine_game.sh"
"rpi5","stav_SSH_sluzby.sh","library/rpi5_stav_SSH_sluzby.sh"
"rpi5","sync_bios.sh","library/rpi5_sync_bios.sh"
"rpi5","sync_roms.sh","library/rpi5_sync_roms.sh"
"rpi5","system_cleaner.sh","library/rpi5_system_cleaner.sh"
"rpi5","system_info.sh","library/rpi5_system_info.sh"
"rpi5","test_mhs.sh","library/rpi5_test_mhs.sh"
"rpi5","theme_installer.sh","library/rpi5_theme_installer.sh"
"rpi5","update_all.sh","library/rpi5_update_all.sh"
"rpi5","watchdog_services.sh","library/rpi5_watchdog_services.sh"
"rpi5","twisteros_supermanager.sh","library/rpi5_twisteros_supermanager.sh"
"rpi5","fsck_module.sh","library/rpi5_fsck_module.sh"
"rpi5","mbr_gpt_module.sh","library/rpi5_mbr_gpt_module.sh"
"rpi5","network_check.sh","library/rpi5_network_check.sh"
"rpi5","plugin_loader.sh","library/rpi5_plugin_loader.sh"
"rpi5","plugin_ai_assistant.sh","library/rpi5_plugin_ai_assistant.sh"
"rpi5","plugin_ai_workspace.sh","library/rpi5_plugin_ai_workspace.sh"
"rpi5","plugin_backup_restore.sh","library/rpi5_plugin_backup_restore.sh"
"rpi5","plugin_backup.sh","library/rpi5_plugin_backup.sh"
"rpi5","plugin_disk_health.sh","library/rpi5_plugin_disk_health.sh"
"rpi5","plugin_esp32_gateway.sh","library/rpi5_plugin_esp32_gateway.sh"
"rpi5","plugin_firewall.sh","library/rpi5_plugin_firewall.sh"
"rpi5","plugin_iot_sensors.sh","library/rpi5_plugin_iot_sensors.sh"
"rpi5","plugin_kernel_update.sh","library/rpi5_plugin_kernel_update.sh"
"rpi5","plugin_led_relay.sh","library/rpi5_plugin_led_relay.sh"
"rpi5","plugin_log_monitoring.sh","library/rpi5_plugin_log_monitoring.sh"
"rpi5","plugin_logs_analyzer.sh","library/rpi5_plugin_logs_analyzer.sh"
"rpi5","plugin_mobile_upload.sh","library/rpi5_plugin_mobile_upload.sh"
"rpi5","plugin_rom_scanner.sh","library/rpi5_plugin_rom_scanner.sh"
"rpi5","plugin_self_health.sh","library/rpi5_plugin_self_health.sh"
"rpi5","plugin_sensors.sh","library/rpi5_plugin_sensors.sh"
"rpi5","plugin_system_stats.sh","library/rpi5_plugin_system_stats.sh"
"rpi5","plugin-conky.sh","library/rpi5_plugin-conky.sh"
"rpi5","plugin-dashboard.sh","library/rpi5_plugin-dashboard.sh"
"rpi5","plugin-fix_scripts.sh","library/rpi5_plugin-fix_scripts.sh"
"rpi5","plugin-fsck_module.sh","library/rpi5_plugin-fsck_module.sh"
"rpi5","plugin-home_assistant.sh","library/rpi5_plugin-home_assistant.sh"
"rpi5","plugin-mbr-gpt_module.sh","library/rpi5_plugin-mbr-gpt_module.sh"
"rpi5","plugin-network_check.sh","library/rpi5_plugin-network_check.sh"
"rpi5","plugin-retro_games.sh","library/rpi5_plugin-retro_games.sh"
"rpi5","add_system_icons.sh","library/rpi5_add_system_icons.sh"
"rpi5","apk_to_waydroid.sh","library/rpi5_apk_to_waydroid.sh"
"rpi5","config_reset.sh","library/rpi5_config_reset.sh"
"rpi5","detect_mhs.sh","library/rpi5_detect_mhs.sh"
"rpi5","emulator_manager.sh","library/rpi5_emulator_manager.sh"
"rpi5","fix_scripts.sh","library/rpi5_fix_scripts.sh"
"rpi5","import_roms.sh","library/rpi5_import_roms.sh"
"rpi5","install_ai_station.sh","library/rpi5_install_ai_station.sh"
"rpi5","install_all.sh","library/rpi5_install_all.sh"
"rpi5","install_twister_smart_suite.sh","library/rpi5_install_twister_smart_suite.sh"
"rpi5","kernel_selfheal.sh","library/rpi5_kernel_selfheal.sh"
"rpi5","logger.sh","library/rpi5_logger.sh"
"rpi5","menu.sh","library/rpi5_menu.sh"
"rpi5","mhs_detect.sh","library/rpi5_mhs_detect.sh"
"rpi5","mount_nas.sh","library/rpi5_mount_nas.sh"
"rpi5","nas_manager.sh","library/rpi5_nas_manager.sh"
"rpi5","network_diagnose.sh","library/rpi5_network_diagnose.sh"
"rpi5","plugin_manager.sh","library/rpi5_plugin_manager.sh"
"rpi5","repair_boot.sh","library/rpi5_repair_boot.sh"
"rpi5","repair_fs.sh","library/rpi5_repair_fs.sh"
"rpi5","scrape_artwork.sh","library/rpi5_scrape_artwork.sh"
"rpi5","security_audit.sh","library/rpi5_security_audit.sh"
"rpi5","self_healing_deamon.sh","library/rpi5_self_healing_deamon.sh"
"rpi5","setup_emulators.sh","library/rpi5_setup_emulators.sh"
"rpi5","setup_mhs.sh","library/rpi5_setup_mhs.sh"
"rpi5","setup_services.sh","library/rpi5_setup_services.sh"
"rpi5","smart_menu.sh","library/rpi5_smart_menu.sh"
"rpi5","start_retroarch.sh","library/rpi5_start_retroarch.sh"
"rpi5","start_twister_suite.sh","library/rpi5_start_twister_suite.sh"
"rpi5","start_wine_game.sh","library/rpi5_start_wine_game.sh"
"rpi5","stav_SSH_sluzby.sh","library/rpi5_stav_SSH_sluzby.sh"
"rpi5","sync_bios.sh","library/rpi5_sync_bios.sh"
"rpi5","sync_roms.sh","library/rpi5_sync_roms.sh"
"rpi5","system_cleaner.sh","library/rpi5_system_cleaner.sh"
"rpi5","system_info.sh","library/rpi5_system_info.sh"
"rpi5","test_mhs.sh","library/rpi5_test_mhs.sh"
"rpi5","theme_installer.sh","library/rpi5_theme_installer.sh"
"rpi5","update_all.sh","library/rpi5_update_all.sh"
"rpi5","watchdog_services.sh","library/rpi5_watchdog_services.sh"
"rpi5","twister_gui.py","library/rpi5_twister_gui.py"
"rpi5","display_manager.js","library/rpi5_display_manager.js"
"rpi5","nas_storage.js","library/rpi5_nas_storage.js"
"rpi5","rom_manager.js","library/rpi5_rom_manager.js"
"rpi5","mime.ps1","library/rpi5_mime.ps1"
"rpi5","mkdirp.ps1","library/rpi5_mkdirp.ps1"
"rpi5","index.js","library/rpi5_index.js"
"rpi5","parse-path.js","library/rpi5_parse-path.js"
"rpi5","set-value.js","library/rpi5_set-value.js"
"rpi5","forms.js","library/rpi5_forms.js"
"rpi5","index.js","library/rpi5_index.js"
"rpi5","array-flatten.js","library/rpi5_array-flatten.js"
"rpi5","json.js","library/rpi5_json.js"
"rpi5","raw.js","library/rpi5_raw.js"
"rpi5","text.js","library/rpi5_text.js"
"rpi5","urlencoded.js","library/rpi5_urlencoded.js"
"rpi5","read.js","library/rpi5_read.js"
"rpi5","index.js","library/rpi5_index.js"
"rpi5","index.js","library/rpi5_index.js"
"rpi5","bench-multipart-fields-100mb-big.js","library/rpi5_bench-multipart-fields-100mb-big.js"
"rpi5","bench-multipart-fields-100mb-small.js","library/rpi5_bench-multipart-fields-100mb-small.js"
"rpi5","bench-multipart-files-100mb-big.js","library/rpi5_bench-multipart-files-100mb-big.js"
"rpi5","bench-multipart-files-100mb-small.js","library/rpi5_bench-multipart-files-100mb-small.js"
"rpi5","bench-urlencoded-fields-100pairs-small.js","library/rpi5_bench-urlencoded-fields-100pairs-small.js"
"rpi5","bench-urlencoded-fields-900pairs-small-alt.js","library/rpi5_bench-urlencoded-fields-900pairs-small-alt.js"
"rpi5","multipart.js","library/rpi5_multipart.js"
"rpi5","urlencoded.js","library/rpi5_urlencoded.js"
"rpi5","index.js","library/rpi5_index.js"
"rpi5","utils.js","library/rpi5_utils.js"
"rpi5","common.js","library/rpi5_common.js"
"rpi5","test-types-multipart-charsets.js","library/rpi5_test-types-multipart-charsets.js"
"rpi5","test-types-multipart-stream-pause.js","library/rpi5_test-types-multipart-stream-pause.js"
"rpi5","test-types-multipart.js","library/rpi5_test-types-multipart.js"
"rpi5","test-types-urlencoded.js","library/rpi5_test-types-urlencoded.js"
"rpi5","test.js","library/rpi5_test.js"
"rpi5",".eslintrc.js","library/rpi5_.eslintrc.js"
"rpi5","index.js","library/rpi5_index.js"
"rpi5","index.js","library/rpi5_index.js"
"rpi5","actualApply.d.ts","library/rpi5_actualApply.d.ts"
"rpi5","actualApply.js","library/rpi5_actualApply.js"
"rpi5","applyBind.d.ts","library/rpi5_applyBind.d.ts"
"rpi5","applyBind.js","library/rpi5_applyBind.js"
"rpi5","functionApply.d.ts","library/rpi5_functionApply.d.ts"
"rpi5","functionApply.js","library/rpi5_functionApply.js"
"rpi5","functionCall.d.ts","library/rpi5_functionCall.d.ts"
"rpi5","functionCall.js","library/rpi5_functionCall.js"
"rpi5","index.d.ts","library/rpi5_index.d.ts"
"rpi5","index.js","library/rpi5_index.js"
"rpi5","reflectApply.d.ts","library/rpi5_reflectApply.d.ts"
"rpi5","reflectApply.js","library/rpi5_reflectApply.js"
"rpi5","index.js","library/rpi5_index.js"
"rpi5","index.d.ts","library/rpi5_index.d.ts"
"rpi5","index.js","library/rpi5_index.js"
"rpi5","index.js","library/rpi5_index.js"
"rpi5","index.js","library/rpi5_index.js"
"rpi5","index.js","library/rpi5_index.js"
"rpi5","index.js","library/rpi5_index.js"
"rpi5","index.js","library/rpi5_index.js"
"rpi5","util.js","library/rpi5_util.js"
"rpi5","browser.js","library/rpi5_browser.js"
"rpi5","debug.js","library/rpi5_debug.js"
"rpi5","index.js","library/rpi5_index.js"
"rpi5","inspector-log.js","library/rpi5_inspector-log.js"
"rpi5","node.js","library/rpi5_node.js"
"rpi5","karma.conf.js","library/rpi5_karma.conf.js"
"rpi5","node.js","library/rpi5_node.js"
"rpi5","index.js","library/rpi5_index.js"
"rpi5","index.js","library/rpi5_index.js"
"rpi5","index.js","library/rpi5_index.js"
"rpi5","get.js","library/rpi5_get.js"
"rpi5","index.js","library/rpi5_index.js"
"rpi5","set.js","library/rpi5_set.js"
"rpi5","get.d.ts","library/rpi5_get.d.ts"
"rpi5","get.js","library/rpi5_get.js"
"rpi5","set.d.ts","library/rpi5_set.d.ts"
"rpi5","set.js","library/rpi5_set.js"
"rpi5","index.js","library/rpi5_index.js"
"rpi5","index.js","library/rpi5_index.js"
"rpi5","index.js","library/rpi5_index.js"
"rpi5","index.d.ts","library/rpi5_index.d.ts"
"rpi5","index.js","library/rpi5_index.js"
"rpi5","index.js","library/rpi5_index.js"
"rpi5","eval.d.ts","library/rpi5_eval.d.ts"
"rpi5","eval.js","library/rpi5_eval.js"
"rpi5","index.d.ts","library/rpi5_index.d.ts"
"rpi5","index.js","library/rpi5_index.js"
"rpi5","range.d.ts","library/rpi5_range.d.ts"
"rpi5","range.js","library/rpi5_range.js"
"rpi5","ref.d.ts","library/rpi5_ref.d.ts"
"rpi5","ref.js","library/rpi5_ref.js"
"rpi5","syntax.d.ts","library/rpi5_syntax.d.ts"
"rpi5","syntax.js","library/rpi5_syntax.js"
"rpi5","type.d.ts","library/rpi5_type.d.ts"
"rpi5","type.js","library/rpi5_type.js"
"rpi5","uri.d.ts","library/rpi5_uri.d.ts"
"rpi5","uri.js","library/rpi5_uri.js"
"rpi5","index.js","library/rpi5_index.js"
"rpi5","index.d.ts","library/rpi5_index.d.ts"
"rpi5","index.js","library/rpi5_index.js"
"rpi5","isObject.d.ts","library/rpi5_isObject.d.ts"
"rpi5","isObject.js","library/rpi5_isObject.js"
"rpi5","RequireObjectCoercible.d.ts","library/rpi5_RequireObjectCoercible.d.ts"
"rpi5","RequireObjectCoercible.js","library/rpi5_RequireObjectCoercible.js"
"rpi5","ToObject.d.ts","library/rpi5_ToObject.d.ts"
"rpi5","ToObject.js","library/rpi5_ToObject.js"
"rpi5","index.js","library/rpi5_index.js"
"rpi5","index.js","library/rpi5_index.js"
"rpi5","init.js","library/rpi5_init.js"
"rpi5","query.js","library/rpi5_query.js"
"rpi5","index.js","library/rpi5_index.js"
"rpi5","layer.js","library/rpi5_layer.js"
"rpi5","route.js","library/rpi5_route.js"
"rpi5","application.js","library/rpi5_application.js"
"rpi5","express.js","library/rpi5_express.js"
"rpi5","request.js","library/rpi5_request.js"
"rpi5","response.js","library/rpi5_response.js"
"rpi5","utils.js","library/rpi5_utils.js"
"rpi5","view.js","library/rpi5_view.js"
"rpi5","index.js","library/rpi5_index.js"
"rpi5","index.js","library/rpi5_index.js"
"rpi5","index.js","library/rpi5_index.js"
"rpi5","index.js","library/rpi5_index.js"
"rpi5","index.js","library/rpi5_index.js"
"rpi5","implementation.js","library/rpi5_implementation.js"
"rpi5","index.js","library/rpi5_index.js"
"rpi5","GetIntrinsic.js","library/rpi5_GetIntrinsic.js"
"rpi5","index.js","library/rpi5_index.js"
"rpi5","index.js","library/rpi5_index.js"
"rpi5","index.d.ts","library/rpi5_index.d.ts"
"rpi5","index.js","library/rpi5_index.js"
"rpi5","Object.getPrototypeOf.d.ts","library/rpi5_Object.getPrototypeOf.d.ts"
"rpi5","Object.getPrototypeOf.js","library/rpi5_Object.getPrototypeOf.js"
"rpi5","Reflect.getPrototypeOf.d.ts","library/rpi5_Reflect.getPrototypeOf.d.ts"
"rpi5","Reflect.getPrototypeOf.js","library/rpi5_Reflect.getPrototypeOf.js"
"rpi5","index.js","library/rpi5_index.js"
"rpi5","gOPD.d.ts","library/rpi5_gOPD.d.ts"
"rpi5","gOPD.js","library/rpi5_gOPD.js"
"rpi5","index.d.ts","library/rpi5_index.d.ts"
"rpi5","index.js","library/rpi5_index.js"
"rpi5","core-js.js","library/rpi5_core-js.js"
"rpi5","get-own-property-symbols.js","library/rpi5_get-own-property-symbols.js"
"rpi5","index.js","library/rpi5_index.js"
"rpi5","tests.js","library/rpi5_tests.js"
"rpi5","index.d.ts","library/rpi5_index.d.ts"
"rpi5","index.js","library/rpi5_index.js"
"rpi5","shams.d.ts","library/rpi5_shams.d.ts"
"rpi5","shams.js","library/rpi5_shams.js"
"rpi5","index.d.ts","library/rpi5_index.d.ts"
"rpi5","index.js","library/rpi5_index.js"
"rpi5","index.js","library/rpi5_index.js"
"rpi5","dbcs-codec.js","library/rpi5_dbcs-codec.js"
"rpi5","dbcs-data.js","library/rpi5_dbcs-data.js"
"rpi5","index.js","library/rpi5_index.js"
"rpi5","internal.js","library/rpi5_internal.js"
"rpi5","sbcs-codec.js","library/rpi5_sbcs-codec.js"
"rpi5","sbcs-data-generated.js","library/rpi5_sbcs-data-generated.js"
"rpi5","sbcs-data.js","library/rpi5_sbcs-data.js"
"rpi5","utf16.js","library/rpi5_utf16.js"
"rpi5","utf7.js","library/rpi5_utf7.js"
"rpi5","bom-handling.js","library/rpi5_bom-handling.js"
"rpi5","extend-node.js","library/rpi5_extend-node.js"
"rpi5","index.d.ts","library/rpi5_index.d.ts"
"rpi5","index.js","library/rpi5_index.js"
"rpi5","streams.js","library/rpi5_streams.js"
"rpi5","inherits_browser.js","library/rpi5_inherits_browser.js"
"rpi5","inherits.js","library/rpi5_inherits.js"
"rpi5","ipaddr.js","library/rpi5_ipaddr.js"
"rpi5","ipaddr.js.d.ts","library/rpi5_ipaddr.js.d.ts"
"rpi5","ipaddr.min.js","library/rpi5_ipaddr.min.js"
"rpi5","index.js","library/rpi5_index.js"
"rpi5","test.js","library/rpi5_test.js"
"rpi5","maxArrayLength.d.ts","library/rpi5_maxArrayLength.d.ts"
"rpi5","maxArrayLength.js","library/rpi5_maxArrayLength.js"
"rpi5","maxSafeInteger.d.ts","library/rpi5_maxSafeInteger.d.ts"
"rpi5","maxSafeInteger.js","library/rpi5_maxSafeInteger.js"
"rpi5","maxValue.d.ts","library/rpi5_maxValue.d.ts"
"rpi5","maxValue.js","library/rpi5_maxValue.js"
"rpi5","index.js","library/rpi5_index.js"
"rpi5","abs.d.ts","library/rpi5_abs.d.ts"
"rpi5","abs.js","library/rpi5_abs.js"
"rpi5","floor.d.ts","library/rpi5_floor.d.ts"
"rpi5","floor.js","library/rpi5_floor.js"
"rpi5","isFinite.d.ts","library/rpi5_isFinite.d.ts"
"rpi5","isFinite.js","library/rpi5_isFinite.js"
"rpi5","isInteger.d.ts","library/rpi5_isInteger.d.ts"
"rpi5","isInteger.js","library/rpi5_isInteger.js"
"rpi5","isNaN.d.ts","library/rpi5_isNaN.d.ts"
"rpi5","isNaN.js","library/rpi5_isNaN.js"
"rpi5","isNegativeZero.d.ts","library/rpi5_isNegativeZero.d.ts"
"rpi5","isNegativeZero.js","library/rpi5_isNegativeZero.js"
"rpi5","max.d.ts","library/rpi5_max.d.ts"
"rpi5","max.js","library/rpi5_max.js"
"rpi5","min.d.ts","library/rpi5_min.d.ts"
"rpi5","min.js","library/rpi5_min.js"
"rpi5","mod.d.ts","library/rpi5_mod.d.ts"
"rpi5","mod.js","library/rpi5_mod.js"
"rpi5","pow.d.ts","library/rpi5_pow.d.ts"
"rpi5","pow.js","library/rpi5_pow.js"
"rpi5","round.d.ts","library/rpi5_round.d.ts"
"rpi5","round.js","library/rpi5_round.js"
"rpi5","sign.d.ts","library/rpi5_sign.d.ts"
"rpi5","sign.js","library/rpi5_sign.js"
"rpi5","index.js","library/rpi5_index.js"
"rpi5","index.js","library/rpi5_index.js"
"rpi5","index.js","library/rpi5_index.js"
"rpi5","build.js","library/rpi5_build.js"
"rpi5","test.js","library/rpi5_test.js"
"rpi5","cli.js","library/rpi5_cli.js"
"rpi5","mime.js","library/rpi5_mime.js"
"rpi5","index.js","library/rpi5_index.js"
"rpi5","index.js","library/rpi5_index.js"
"rpi5","parse.js","library/rpi5_parse.js"
"rpi5","all_bool.js","library/rpi5_all_bool.js"
"rpi5","bool.js","library/rpi5_bool.js"
"rpi5","dash.js","library/rpi5_dash.js"
"rpi5","default_bool.js","library/rpi5_default_bool.js"
"rpi5","dotted.js","library/rpi5_dotted.js"
"rpi5","kv_short.js","library/rpi5_kv_short.js"
"rpi5","long.js","library/rpi5_long.js"
"rpi5","num.js","library/rpi5_num.js"
"rpi5","parse_modified.js","library/rpi5_parse_modified.js"
"rpi5","parse.js","library/rpi5_parse.js"
"rpi5","proto.js","library/rpi5_proto.js"
"rpi5","short.js","library/rpi5_short.js"
"rpi5","stop_early.js","library/rpi5_stop_early.js"
"rpi5","unknown.js","library/rpi5_unknown.js"
"rpi5","whitespace.js","library/rpi5_whitespace.js"
"rpi5","index.js","library/rpi5_index.js"
"rpi5","cmd.js","library/rpi5_cmd.js"
"rpi5","index.js","library/rpi5_index.js"
"rpi5","index.js","library/rpi5_index.js"
"rpi5","counter.js","library/rpi5_counter.js"
"rpi5","file-appender.js","library/rpi5_file-appender.js"
"rpi5","make-middleware.js","library/rpi5_make-middleware.js"
"rpi5","multer-error.js","library/rpi5_multer-error.js"
"rpi5","remove-uploaded-files.js","library/rpi5_remove-uploaded-files.js"
"rpi5","disk.js","library/rpi5_disk.js"
"rpi5","memory.js","library/rpi5_memory.js"
"rpi5","index.js","library/rpi5_index.js"
"rpi5","encoding.js","library/rpi5_encoding.js"
"rpi5","charset.js","library/rpi5_charset.js"
"rpi5","language.js","library/rpi5_language.js"
"rpi5","mediaType.js","library/rpi5_mediaType.js"
"rpi5","index.js","library/rpi5_index.js"
"rpi5","index.es.js","library/rpi5_index.es.js"
"rpi5","index.js","library/rpi5_index.js"
"rpi5","browser.js","library/rpi5_browser.js"
"rpi5","index.js","library/rpi5_index.js"
"rpi5","all.js","library/rpi5_all.js"
"rpi5","circular.js","library/rpi5_circular.js"
"rpi5","fn.js","library/rpi5_fn.js"
"rpi5","inspect.js","library/rpi5_inspect.js"
"rpi5","dom.js","library/rpi5_dom.js"
"rpi5","bigint.js","library/rpi5_bigint.js"
"rpi5","circular.js","library/rpi5_circular.js"
"rpi5","deep.js","library/rpi5_deep.js"
"rpi5","element.js","library/rpi5_element.js"
"rpi5","err.js","library/rpi5_err.js"
"rpi5","fakes.js","library/rpi5_fakes.js"
"rpi5","fn.js","library/rpi5_fn.js"
"rpi5","global.js","library/rpi5_global.js"
"rpi5","has.js","library/rpi5_has.js"
"rpi5","holes.js","library/rpi5_holes.js"
"rpi5","indent-option.js","library/rpi5_indent-option.js"
"rpi5","inspect.js","library/rpi5_inspect.js"
"rpi5","lowbyte.js","library/rpi5_lowbyte.js"
"rpi5","number.js","library/rpi5_number.js"
"rpi5","quoteStyle.js","library/rpi5_quoteStyle.js"
"rpi5","toStringTag.js","library/rpi5_toStringTag.js"
"rpi5","undef.js","library/rpi5_undef.js"
"rpi5","values.js","library/rpi5_values.js"
"rpi5","index.js","library/rpi5_index.js"
"rpi5","test-core-js.js","library/rpi5_test-core-js.js"
"rpi5","util.inspect.js","library/rpi5_util.inspect.js"
"rpi5","index.js","library/rpi5_index.js"
"rpi5","index.js","library/rpi5_index.js"
"rpi5","index.js","library/rpi5_index.js"
"rpi5","index.js","library/rpi5_index.js"
"rpi5","index.js","library/rpi5_index.js"
"rpi5","qs.js","library/rpi5_qs.js"
"rpi5","formats.js","library/rpi5_formats.js"
"rpi5","index.js","library/rpi5_index.js"
"rpi5","parse.js","library/rpi5_parse.js"
"rpi5","stringify.js","library/rpi5_stringify.js"
"rpi5","utils.js","library/rpi5_utils.js"
"rpi5","empty-keys-cases.js","library/rpi5_empty-keys-cases.js"
"rpi5","parse.js","library/rpi5_parse.js"
"rpi5","stringify.js","library/rpi5_stringify.js"
"rpi5","utils.js","library/rpi5_utils.js"
"rpi5","index.js","library/rpi5_index.js"
"rpi5","index.d.ts","library/rpi5_index.d.ts"
"rpi5","index.js","library/rpi5_index.js"
"rpi5","BufferList.js","library/rpi5_BufferList.js"
"rpi5","destroy.js","library/rpi5_destroy.js"
"rpi5","stream-browser.js","library/rpi5_stream-browser.js"
"rpi5","stream.js","library/rpi5_stream.js"
"rpi5","_stream_duplex.js","library/rpi5__stream_duplex.js"
"rpi5","_stream_passthrough.js","library/rpi5__stream_passthrough.js"
"rpi5","_stream_readable.js","library/rpi5__stream_readable.js"
"rpi5","_stream_transform.js","library/rpi5__stream_transform.js"
"rpi5","_stream_writable.js","library/rpi5__stream_writable.js"
"rpi5","index.d.ts","library/rpi5_index.d.ts"
"rpi5","index.js","library/rpi5_index.js"
"rpi5","duplex-browser.js","library/rpi5_duplex-browser.js"
"rpi5","duplex.js","library/rpi5_duplex.js"
"rpi5","passthrough.js","library/rpi5_passthrough.js"
"rpi5","readable-browser.js","library/rpi5_readable-browser.js"
"rpi5","readable.js","library/rpi5_readable.js"
"rpi5","transform.js","library/rpi5_transform.js"
"rpi5","writable-browser.js","library/rpi5_writable-browser.js"
"rpi5","writable.js","library/rpi5_writable.js"
"rpi5","index.d.ts","library/rpi5_index.d.ts"
"rpi5","index.js","library/rpi5_index.js"
"rpi5","dangerous.js","library/rpi5_dangerous.js"
"rpi5","safer.js","library/rpi5_safer.js"
"rpi5","tests.js","library/rpi5_tests.js"
"rpi5","index.js","library/rpi5_index.js"
"rpi5","index.js","library/rpi5_index.js"
"rpi5","index.js","library/rpi5_index.js"
"rpi5","index.js","library/rpi5_index.js"
"rpi5","index.js","library/rpi5_index.js"
"rpi5","index.d.ts","library/rpi5_index.d.ts"
"rpi5","index.js","library/rpi5_index.js"
"rpi5","index.js","library/rpi5_index.js"
"rpi5","index.d.ts","library/rpi5_index.d.ts"
"rpi5","index.js","library/rpi5_index.js"
"rpi5","index.js","library/rpi5_index.js"
"rpi5","index.d.ts","library/rpi5_index.d.ts"
"rpi5","index.js","library/rpi5_index.js"
"rpi5","list.d.ts","library/rpi5_list.d.ts"
"rpi5","index.js","library/rpi5_index.js"
"rpi5","index.d.ts","library/rpi5_index.d.ts"
"rpi5","index.js","library/rpi5_index.js"
"rpi5","index.js","library/rpi5_index.js"
"rpi5","index.d.ts","library/rpi5_index.d.ts"
"rpi5","index.js","library/rpi5_index.js"
"rpi5","index.js","library/rpi5_index.js"
"rpi5","sbmh.js","library/rpi5_sbmh.js"
"rpi5","test.js","library/rpi5_test.js"
"rpi5",".eslintrc.js","library/rpi5_.eslintrc.js"
"rpi5","string_decoder.js","library/rpi5_string_decoder.js"
"rpi5","index.d.ts","library/rpi5_index.d.ts"
"rpi5","index.js","library/rpi5_index.js"
"rpi5","index.js","library/rpi5_index.js"
"rpi5","index.js","library/rpi5_index.js"
"rpi5","index.js","library/rpi5_index.js"
"rpi5","tarray.js","library/rpi5_tarray.js"
"rpi5","undef_globals.js","library/rpi5_undef_globals.js"
"rpi5","tarray.js","library/rpi5_tarray.js"
"rpi5","index.js","library/rpi5_index.js"
"rpi5","index.js","library/rpi5_index.js"
"rpi5","browser.js","library/rpi5_browser.js"
"rpi5","node.js","library/rpi5_node.js"
"rpi5","index.js","library/rpi5_index.js"
"rpi5","index.js","library/rpi5_index.js"
"rpi5","index.js","library/rpi5_index.js"
"rpi5","public-api.js","library/rpi5_public-api.js"
"rpi5","URL-impl.js","library/rpi5_URL-impl.js"
"rpi5","url-state-machine.js","library/rpi5_url-state-machine.js"
"rpi5","URL.js","library/rpi5_URL.js"
"rpi5","utils.js","library/rpi5_utils.js"
"rpi5","immutable.js","library/rpi5_immutable.js"
"rpi5","mutable.js","library/rpi5_mutable.js"
"rpi5","test.js","library/rpi5_test.js"
"rpi5","ai.js","library/rpi5_ai.js"
"rpi5","app.js","library/rpi5_app.js"
"rpi5","build_deb.sh","library/rpi5_build_deb.sh"
"rpi5","check_project.sh","library/rpi5_check_project.sh"
"rpi5","install_from_github.sh","library/rpi5_install_from_github.sh"
"rpi5","install.sh","library/rpi5_install.sh"
"rpi5","supermanager.sh","library/rpi5_supermanager.sh"
"rpi5","twisteros_supermanager_full_installer.sh","library/rpi5_twisteros_supermanager_full_installer.sh"
"starcore","final_sectors.sh","library/starcore_final_sectors.sh"
"starcore","genesis_agents.sh","library/starcore_genesis_agents.sh"
"starcore","genesis_expansion.sh","library/starcore_genesis_expansion.sh"
"starcore","genesis_final_integration.sh","library/starcore_genesis_final_integration.sh"
"starcore","genesis_full_setup.sh","library/starcore_genesis_full_setup.sh"
"starcore","genesis_hud.py","library/starcore_genesis_hud.py"
"starcore","genesis_omni_console.sh","library/starcore_genesis_omni_console.sh"
"starcore","genesis_sector05.sh","library/starcore_genesis_sector05.sh"
"starcore","genesis_sector06.sh","library/starcore_genesis_sector06.sh"
"starcore","genesis_sector07.sh","library/starcore_genesis_sector07.sh"
"starcore","genesis_sector08.sh","library/starcore_genesis_sector08.sh"
"starcore","genesis_vault.sh","library/starcore_genesis_vault.sh"
"starcore","install_genesis.sh","library/starcore_install_genesis.sh"
"starcore","20_project_chronicle.py","library/starcore_20_project_chronicle.py"
"starcore","__init__.py","library/starcore___init__.py"
"starcore","commands.py","library/starcore_commands.py"
"starcore","local_setup.py","library/starcore_local_setup.py"
"starcore","models.py","library/starcore_models.py"
"starcore","runtime.py","library/starcore_runtime.py"
"starcore","doctor.py","library/starcore_doctor.py"
"starcore","info.py","library/starcore_info.py"
"starcore","test_service.py","library/starcore_test_service.py"
"starcore","verify.py","library/starcore_verify.py"
"starcore","version.py","library/starcore_version.py"
"starcore","__init__.py","library/starcore___init__.py"
"starcore","app.py","library/starcore_app.py"
"starcore","__init__.py","library/starcore___init__.py"
"starcore","settings.py","library/starcore_settings.py"
"starcore","__init__.py","library/starcore___init__.py"
"starcore","db.py","library/starcore_db.py"
"starcore","__init__.py","library/starcore___init__.py"
"starcore","agents.py","library/starcore_agents.py"
"starcore","commands.py","library/starcore_commands.py"
"starcore","engine.py","library/starcore_engine.py"
"starcore","orchestrator.py","library/starcore_orchestrator.py"
"starcore","scheduler.py","library/starcore_scheduler.py"
"starcore","__init__.py","library/starcore___init__.py"
"starcore","commands.py","library/starcore_commands.py"
"starcore","__init__.py","library/starcore___init__.py"
"starcore","logger.py","library/starcore_logger.py"
"starcore","__init__.py","library/starcore___init__.py"
"starcore","commands.py","library/starcore_commands.py"
"starcore","__init__.py","library/starcore___init__.py"
"starcore","commands.py","library/starcore_commands.py"
"starcore","manager.py","library/starcore_manager.py"
"starcore","__init__.py","library/starcore___init__.py"
"starcore","system.py","library/starcore_system.py"
"starcore","termux.py","library/starcore_termux.py"
"starcore","__init__.py","library/starcore___init__.py"
"starcore","main.py","library/starcore_main.py"
"starcore","__init__.py","library/starcore___init__.py"
"starcore","__init__.py","library/starcore___init__.py"
"starcore","__init__.py","library/starcore___init__.py"
"starcore","__init__.py","library/starcore___init__.py"
"starcore","__init__.py","library/starcore___init__.py"
"starcore","__init__.py","library/starcore___init__.py"
"starcore","__init__.py","library/starcore___init__.py"
"starcore","commands.py","library/starcore_commands.py"
"starcore","backup.sh","library/starcore_backup.sh"
"starcore","diagnose_extended.sh","library/starcore_diagnose_extended.sh"
"starcore","diagnose.sh","library/starcore_diagnose.sh"
"starcore","fix_common.sh","library/starcore_fix_common.sh"
"starcore","full_check.sh","library/starcore_full_check.sh"
"starcore","github_upload.sh","library/starcore_github_upload.sh"
"starcore","health.sh","library/starcore_health.sh"
"starcore","check_all.sh","library/starcore_check_all.sh"
"starcore","check_phase.sh","library/starcore_check_phase.sh"
"starcore","check_services.sh","library/starcore_check_services.sh"
"starcore","install.sh","library/starcore_install.sh"
"starcore","setup_mobile.sh","library/starcore_setup_mobile.sh"
"starcore","switch_model.sh","library/starcore_switch_model.sh"
"starcore","termux_optimize.sh","library/starcore_termux_optimize.sh"
"starcore","register_dashboard_service.py","library/starcore_register_dashboard_service.py"
"starcore","register_test_service.py","library/starcore_register_test_service.py"
"starcore","setup_termux.sh","library/starcore_setup_termux.sh"
"starcore","welcome.py","library/starcore_welcome.py"
"starcore","welcome.sh","library/starcore_welcome.sh"
"starcore","STARCORE-ANDROID-LOCAL-AUDIT.ps1","library/starcore_STARCORE-ANDROID-LOCAL-AUDIT.ps1"
"starcore","STARCORE_36.20E_CREATE_AUTOCONNECT_ICON.ps1","library/starcore_STARCORE_36.20E_CREATE_AUTOCONNECT_ICON.ps1"
"starcore","STARCORE_36.20E_TERMUX_AUTOCONNECT.ps1","library/starcore_STARCORE_36.20E_TERMUX_AUTOCONNECT.ps1"
"starcore","STARCORE_AutoRun_All.ps1","library/starcore_STARCORE_AutoRun_All.ps1"
"starcore","STARCORE_Run_V11_Remote.ps1","library/starcore_STARCORE_Run_V11_Remote.ps1"
"starcore","STARCORE_Termux_AutoConnect_Check.ps1","library/starcore_STARCORE_Termux_AutoConnect_Check.ps1"
"starcore","STARCORE_Termux_AutoConnect_v3.ps1","library/starcore_STARCORE_Termux_AutoConnect_v3.ps1"
"starcore","STARCORE_Workspace_Sync.ps1","library/starcore_STARCORE_Workspace_Sync.ps1"
"starcore","starcore-auto-builder-deep.sh","library/starcore_starcore-auto-builder-deep.sh"
"starcore","starcore-auto-builder-final.sh","library/starcore_starcore-auto-builder-final.sh"
"starcore","starcore-auto-builder-lite.sh","library/starcore_starcore-auto-builder-lite.sh"
"starcore","starcore-auto-builder-v3.0.sh","library/starcore_starcore-auto-builder-v3.0.sh"
"starcore","install_starcore_linux.sh","library/starcore_install_starcore_linux.sh"
"starcore","install_starcore_termux.sh","library/starcore_install_starcore_termux.sh"
"starcore","install_starcore_windows.ps1","library/starcore_install_starcore_windows.ps1"
"starcore","agent_kernel.py","library/starcore_agent_kernel.py"
"starcore","mission_executor.py","library/starcore_mission_executor.py"
"starcore","task_planner.py","library/starcore_task_planner.py"
"starcore","ai_kernel.py","library/starcore_ai_kernel.py"
"starcore","agent_registry.py","library/starcore_agent_registry.py"
"starcore","inference_engine.py","library/starcore_inference_engine.py"
"starcore","model_registry.py","library/starcore_model_registry.py"
"starcore","api_gateway.py","library/starcore_api_gateway.py"
"starcore","starcore_git_health.sh","library/starcore_starcore_git_health.sh"
"starcore","backup_sync.sh","library/starcore_backup_sync.sh"
"starcore","doctor_fix.sh","library/starcore_doctor_fix.sh"
"starcore","full_backup.sh","library/starcore_full_backup.sh"
"starcore","live_monitor.sh","library/starcore_live_monitor.sh"
"starcore","release_check.sh","library/starcore_release_check.sh"
"starcore","repository_audit.sh","library/starcore_repository_audit.sh"
"starcore","security_scan.sh","library/starcore_security_scan.sh"
"starcore","starcore_doctor.sh","library/starcore_starcore_doctor.sh"
"starcore","github_health.sh","library/starcore_github_health.sh"
"starcore","starcore_github_control.sh","library/starcore_starcore_github_control.sh"
"starcore","ai_status.sh","library/starcore_ai_status.sh"
"starcore","android_check.sh","library/starcore_android_check.sh"
"starcore","battery.sh","library/starcore_battery.sh"
"starcore","device_report.sh","library/starcore_device_report.sh"
"starcore","network.sh","library/starcore_network.sh"
"starcore","packages.sh","library/starcore_packages.sh"
"starcore","storage.sh","library/starcore_storage.sh"
"starcore","system_info.sh","library/starcore_system_info.sh"
"starcore","module_loader.sh","library/starcore_module_loader.sh"
"starcore","starcore_verify.sh","library/starcore_starcore_verify.sh"
"starcore","orchestrator.py","library/starcore_orchestrator.py"
"starcore","ai_core_bridge.py","library/starcore_ai_core_bridge.py"
"starcore","ollama_connector.py","library/starcore_ollama_connector.py"
"starcore","proxmox_controller.py","library/starcore_proxmox_controller.py"
"starcore","rag_bridge.py","library/starcore_rag_bridge.py"
"starcore","health_loop.py","library/starcore_health_loop.py"
"starcore","node_mesh.py","library/starcore_node_mesh.py"
"starcore","runtime.py","library/starcore_runtime.py"
"starcore","scheduler.py","library/starcore_scheduler.py"
"starcore","install_7_3_4_ai_infra_knowledge.sh","library/starcore_install_7_3_4_ai_infra_knowledge.sh"
"starcore","install_7_5_6_studio_devops.sh","library/starcore_install_7_5_6_studio_devops.sh"
"starcore","install_7_7_8_marketplace_observability.sh","library/starcore_install_7_7_8_marketplace_observability.sh"
"starcore","install_7_9_10_security_final.sh","library/starcore_install_7_9_10_security_final.sh"
"starcore","run_7x_bulk_suite.sh","library/starcore_run_7x_bulk_suite.sh"
"starcore","log.sh","library/starcore_log.sh"
"starcore","git.sh","library/starcore_git.sh"
"starcore","network.sh","library/starcore_network.sh"
"starcore","runtime.sh","library/starcore_runtime.sh"
"starcore","security.sh","library/starcore_security.sh"
"starcore","storage.sh","library/starcore_storage.sh"
"starcore","system.sh","library/starcore_system.sh"
"starcore","__init__.py","library/starcore___init__.py"
"starcore","command_bus.py","library/starcore_command_bus.py"
"starcore","router.py","library/starcore_router.py"
"starcore","__init__.py","library/starcore___init__.py"
"starcore","init_android_db.py","library/starcore_init_android_db.py"
"starcore","__init__.py","library/starcore___init__.py"
"starcore","security_db.py","library/starcore_security_db.py"
"starcore","security_store.py","library/starcore_security_store.py"
"starcore","engine.py","library/starcore_engine.py"
"starcore","logger.py","library/starcore_logger.py"
"starcore","registry.py","library/starcore_registry.py"
"starcore","validator.py","library/starcore_validator.py"
"starcore","starcore.sh","library/starcore_starcore.sh"
"starcore","__init__.py","library/starcore___init__.py"
"starcore","android_cmd.py","library/starcore_android_cmd.py"
"starcore","audit.py","library/starcore_audit.py"
"starcore","battery.py","library/starcore_battery.py"
"starcore","device.py","library/starcore_device.py"
"starcore","integrity_engine.py","library/starcore_integrity_engine.py"
"starcore","integrity_scanner.py","library/starcore_integrity_scanner.py"
"starcore","magisk.py","library/starcore_magisk.py"
"starcore","network.py","library/starcore_network.py"
"starcore","packages.py","library/starcore_packages.py"
"starcore","processes.py","library/starcore_processes.py"
"starcore","properties.py","library/starcore_properties.py"
"starcore","resources.py","library/starcore_resources.py"
"starcore","risk_engine.py","library/starcore_risk_engine.py"
"starcore","root.py","library/starcore_root.py"
"starcore","security_engine.py","library/starcore_security_engine.py"
"starcore","security_intel.py","library/starcore_security_intel.py"
"starcore","security_report.py","library/starcore_security_report.py"
"starcore","security.py","library/starcore_security.py"
"starcore","storage.py","library/starcore_storage.py"
"starcore","logger.py","library/starcore_logger.py"
"starcore","__init__.py","library/starcore___init__.py"
"starcore","event_bus.py","library/starcore_event_bus.py"
"starcore","plugin_manager.py","library/starcore_plugin_manager.py"
"starcore","plugin_status.py","library/starcore_plugin_status.py"
"starcore","test_plugin.sh","library/starcore_test_plugin.sh"
"starcore","__init__.py","library/starcore___init__.py"
"starcore","runtime_api.py","library/starcore_runtime_api.py"
"starcore","version.py","library/starcore_version.py"
"starcore","__init__.py","library/starcore___init__.py"
"starcore","__init__.py","library/starcore___init__.py"
"starcore","__init__.py","library/starcore___init__.py"
"starcore","network.py","library/starcore_network.py"
"starcore","auth.py","library/starcore_auth.py"
"starcore","bus.py","library/starcore_bus.py"
"starcore","events.py","library/starcore_events.py"
"starcore","execution.py","library/starcore_execution.py"
"starcore","memory_sync.py","library/starcore_memory_sync.py"
"starcore","recovery.py","library/starcore_recovery.py"
"starcore","vector_sync.py","library/starcore_vector_sync.py"
"starcore","federation.py","library/starcore_federation.py"
"starcore","github_scanner.py","library/starcore_github_scanner.py"
"starcore","dependency_manager.py","library/starcore_dependency_manager.py"
"starcore","environment_audit.py","library/starcore_environment_audit.py"
"starcore","install_6BX11_control_plane.sh","library/starcore_install_6BX11_control_plane.sh"
"starcore","install_6BX12_scheduler.sh","library/starcore_install_6BX12_scheduler.sh"
"starcore","install_6BX13_control_fabric.sh","library/starcore_install_6BX13_control_fabric.sh"
"starcore","install_6BX14_remote_access.sh","library/starcore_install_6BX14_remote_access.sh"
"starcore","install_6BX15_agent_mesh.sh","library/starcore_install_6BX15_agent_mesh.sh"
"starcore","install_6BX16_ai_memory_fabric.sh","library/starcore_install_6BX16_ai_memory_fabric.sh"
"starcore","install_6BX17_self_repair.sh","library/starcore_install_6BX17_self_repair.sh"
"starcore","install_6BX7.sh","library/starcore_install_6BX7.sh"
"starcore","starcore_installer.py","library/starcore_starcore_installer.py"
"starcore","knowledge_core.py","library/starcore_knowledge_core.py"
"starcore","rag_engine.py","library/starcore_rag_engine.py"
"starcore","knowledge_core.py","library/starcore_knowledge_core.py"
"starcore","execution_tracker.py","library/starcore_execution_tracker.py"
"starcore","mission_registry.py","library/starcore_mission_registry.py"
"starcore","workflow_engine.py","library/starcore_workflow_engine.py"
"starcore","performance_analyzer.py","library/starcore_performance_analyzer.py"
"starcore","__init__.py","library/starcore___init__.py"
"starcore","test_decision_engine.py","library/starcore_test_decision_engine.py"
"starcore","test_qc_engines.py","library/starcore_test_qc_engines.py"
"starcore","test_repository_map.py","library/starcore_test_repository_map.py"
"starcore","test_startup_protocol.py","library/starcore_test_startup_protocol.py"
"starcore","__init__.py","library/starcore___init__.py"
"starcore","decision_engine.py","library/starcore_decision_engine.py"
"starcore","impact_analyzer.py","library/starcore_impact_analyzer.py"
"starcore","ledger.py","library/starcore_ledger.py"
"starcore","models.py","library/starcore_models.py"
"starcore","qc_engine.py","library/starcore_qc_engine.py"
"starcore","registry.py","library/starcore_registry.py"
"starcore","regression_sentinel.py","library/starcore_regression_sentinel.py"
"starcore","release_readiness.py","library/starcore_release_readiness.py"
"starcore","repository_map.py","library/starcore_repository_map.py"
"starcore","startup_protocol.py","library/starcore_startup_protocol.py"
"starcore","__init__.py","library/starcore___init__.py"
"starcore","main.py","library/starcore_main.py"
"starcore","__init__.py","library/starcore___init__.py"
"starcore","0001_initial_schema.py","library/starcore_0001_initial_schema.py"
"starcore","0002_add_users.py","library/starcore_0002_add_users.py"
"starcore","env.py","library/starcore_env.py"
"starcore","__init__.py","library/starcore___init__.py"
"starcore","anthropic.py","library/starcore_anthropic.py"
"starcore","openai_compat.py","library/starcore_openai_compat.py"
"starcore","__init__.py","library/starcore___init__.py"
"starcore","base.py","library/starcore_base.py"
"starcore","generator.py","library/starcore_generator.py"
"starcore","prompts.py","library/starcore_prompts.py"
"starcore","__init__.py","library/starcore___init__.py"
"starcore","executor.py","library/starcore_executor.py"
"starcore","loader.py","library/starcore_loader.py"
"starcore","models.py","library/starcore_models.py"
"starcore","planner.py","library/starcore_planner.py"
"starcore","template_resolver.py","library/starcore_template_resolver.py"
"starcore","__init__.py","library/starcore___init__.py"
"starcore","ai.py","library/starcore_ai.py"
"starcore","auth.py","library/starcore_auth.py"
"starcore","blueprints.py","library/starcore_blueprints.py"
"starcore","diagnostics.py","library/starcore_diagnostics.py"
"starcore","providers.py","library/starcore_providers.py"
"starcore","runs.py","library/starcore_runs.py"
"starcore","ws.py","library/starcore_ws.py"
"starcore","__init__.py","library/starcore___init__.py"
"starcore","auth.py","library/starcore_auth.py"
"starcore","config.py","library/starcore_config.py"
"starcore","correlation.py","library/starcore_correlation.py"
"starcore","database.py","library/starcore_database.py"
"starcore","diagnostics.py","library/starcore_diagnostics.py"
"starcore","discovery.py","library/starcore_discovery.py"
"starcore","environment.py","library/starcore_environment.py"
"starcore","events.py","library/starcore_events.py"
"starcore","logger.py","library/starcore_logger.py"
"starcore","main.py","library/starcore_main.py"
"starcore","metrics.py","library/starcore_metrics.py"
"starcore","models_api.py","library/starcore_models_api.py"
"starcore","models_db.py","library/starcore_models_db.py"
"starcore","plugin_manager.py","library/starcore_plugin_manager.py"
"starcore","repository.py","library/starcore_repository.py"
"starcore","request_id_middleware.py","library/starcore_request_id_middleware.py"
"starcore","resource_actions.py","library/starcore_resource_actions.py"
"starcore","security.py","library/starcore_security.py"
"starcore","tracing.py","library/starcore_tracing.py"
"starcore","__init__.py","library/starcore___init__.py"
"starcore","scheduler.py","library/starcore_scheduler.py"
"starcore","task_graph.py","library/starcore_task_graph.py"
"starcore","task.py","library/starcore_task.py"
"starcore","timeout.py","library/starcore_timeout.py"
"starcore","__init__.py","library/starcore___init__.py"
"starcore","base.py","library/starcore_base.py"
"starcore","exceptions.py","library/starcore_exceptions.py"
"starcore","registry.py","library/starcore_registry.py"
"starcore","retry.py","library/starcore_retry.py"
"starcore","__init__.py","library/starcore___init__.py"
"starcore","provider.py","library/starcore_provider.py"
"starcore","__init__.py","library/starcore___init__.py"
"starcore","provider.py","library/starcore_provider.py"
"starcore","__init__.py","library/starcore___init__.py"
"starcore","provider.py","library/starcore_provider.py"
"starcore","__init__.py","library/starcore___init__.py"
"starcore","__init__.py","library/starcore___init__.py"
"starcore","__init__.py","library/starcore___init__.py"
"starcore","__init__.py","library/starcore___init__.py"
"starcore","doctor.py","library/starcore_doctor.py"
"starcore","health.py","library/starcore_health.py"
"starcore","make-executable.sh","library/starcore_make-executable.sh"
"starcore","quickstart.sh","library/starcore_quickstart.sh"
"starcore","release.py","library/starcore_release.py"
"starcore","setup-copilot.sh","library/starcore_setup-copilot.sh"
"starcore","verify-integration.sh","library/starcore_verify-integration.sh"
"starcore","__init__.py","library/starcore___init__.py"
"starcore","conftest.py","library/starcore_conftest.py"
"starcore","test_smoke.py","library/starcore_test_smoke.py"
"starcore","conftest.py","library/starcore_conftest.py"
"starcore","test_ai_generator.py","library/starcore_test_ai_generator.py"
"starcore","test_ai_providers.py","library/starcore_test_ai_providers.py"
"starcore","test_api.py","library/starcore_test_api.py"
"starcore","test_auth.py","library/starcore_test_auth.py"
"starcore","test_blueprint_parametrization.py","library/starcore_test_blueprint_parametrization.py"
"starcore","test_blueprints.py","library/starcore_test_blueprints.py"
"starcore","test_cli.py","library/starcore_test_cli.py"
"starcore","test_correlation.py","library/starcore_test_correlation.py"
"starcore","test_diagnostics.py","library/starcore_test_diagnostics.py"
"starcore","test_discovery.py","library/starcore_test_discovery.py"
"starcore","test_e2e_integration.py","library/starcore_test_e2e_integration.py"
"starcore","test_environment.py","library/starcore_test_environment.py"
"starcore","test_events.py","library/starcore_test_events.py"
"starcore","test_exceptions.py","library/starcore_test_exceptions.py"
"starcore","test_graph_execution.py","library/starcore_test_graph_execution.py"
"starcore","test_health.py","library/starcore_test_health.py"
"starcore","test_jwt_auth.py","library/starcore_test_jwt_auth.py"
"starcore","test_kubernetes_provider.py","library/starcore_test_kubernetes_provider.py"
"starcore","test_logger.py","library/starcore_test_logger.py"
"starcore","test_metrics.py","library/starcore_test_metrics.py"
"starcore","test_migrations.py","library/starcore_test_migrations.py"
"starcore","test_persistence.py","library/starcore_test_persistence.py"
"starcore","test_plugin_manager.py","library/starcore_test_plugin_manager.py"
"starcore","test_property_based_ai.py","library/starcore_test_property_based_ai.py"
"starcore","test_property_based_blueprints.py","library/starcore_test_property_based_blueprints.py"
"starcore","test_property_based_cli.py","library/starcore_test_property_based_cli.py"
"starcore","test_property_based_core.py","library/starcore_test_property_based_core.py"
"starcore","test_property_based_dependency_semantics.py","library/starcore_test_property_based_dependency_semantics.py"
"starcore","test_property_based_environment.py","library/starcore_test_property_based_environment.py"
"starcore","test_property_based_metrics.py","library/starcore_test_property_based_metrics.py"
"starcore","test_property_based_providers.py","library/starcore_test_property_based_providers.py"
"starcore","test_property_based_retry.py","library/starcore_test_property_based_retry.py"
"starcore","test_property_based_security.py","library/starcore_test_property_based_security.py"
"starcore","test_property_based_timeout.py","library/starcore_test_property_based_timeout.py"
"starcore","test_property_based.py","library/starcore_test_property_based.py"
"starcore","test_providers.py","library/starcore_test_providers.py"
"starcore","test_rate_limiting.py","library/starcore_test_rate_limiting.py"
"starcore","test_request_id_middleware.py","library/starcore_test_request_id_middleware.py"
"starcore","test_request_id.py","library/starcore_test_request_id.py"
"starcore","test_resource_actions.py","library/starcore_test_resource_actions.py"
"starcore","test_retry.py","library/starcore_test_retry.py"
"starcore","test_security.py","library/starcore_test_security.py"
"starcore","test_settings_isolation.py","library/starcore_test_settings_isolation.py"
"starcore","test_scheduler.py","library/starcore_test_scheduler.py"
"starcore","test_schema_management.py","library/starcore_test_schema_management.py"
"starcore","test_sse.py","library/starcore_test_sse.py"
"starcore","test_template_resolver.py","library/starcore_test_template_resolver.py"
"starcore","test_timeout.py","library/starcore_test_timeout.py"
"starcore","test_tracing.py","library/starcore_test_tracing.py"
"starcore","test_ws_blueprint.py","library/starcore_test_ws_blueprint.py"
"starcore","android_agent_v2.py","library/starcore_android_agent_v2.py"
"starcore","android_agent.py","library/starcore_android_agent.py"
"starcore","supervisor.py","library/starcore_supervisor.py"
"starcore","registry.py","library/starcore_registry.py"
"starcore","device_analyzer.py","library/starcore_device_analyzer.py"
"starcore","ai_bridge.py","library/starcore_ai_bridge.py"
"starcore","ai_handshake.py","library/starcore_ai_handshake.py"
"starcore","autonomous_loop.py","library/starcore_autonomous_loop.py"
"starcore","fatalab_bridge.py","library/starcore_fatalab_bridge.py"
"starcore","decision_engine.py","library/starcore_decision_engine.py"
"starcore","memory_layer.py","library/starcore_memory_layer.py"
"starcore","policy_engine.py","library/starcore_policy_engine.py"
"starcore","recommendation_engine.py","library/starcore_recommendation_engine.py"
"starcore","gateway.py","library/starcore_gateway.py"
"starcore","api_gateway.py","library/starcore_api_gateway.py"
"starcore","integrity_audit.py","library/starcore_integrity_audit.py"
"starcore","automation.py","library/starcore_automation.py"
"starcore","fatalab_connector.py","library/starcore_fatalab_connector.py"
"starcore","event_intelligence.py","library/starcore_event_intelligence.py"
"starcore","memory_engine.py","library/starcore_memory_engine.py"
"starcore","orchestrator.py","library/starcore_orchestrator.py"
"starcore","task_scheduler.py","library/starcore_task_scheduler.py"
"starcore","worker_engine.py","library/starcore_worker_engine.py"
"starcore","health_check.py","library/starcore_health_check.py"
"starcore","bootstrap.py","library/starcore_bootstrap.py"
"starcore","decision_loop.py","library/starcore_decision_loop.py"
"starcore","event_engine.py","library/starcore_event_engine.py"
"starcore","mission_manager.py","library/starcore_mission_manager.py"
"starcore","optimizer.py","library/starcore_optimizer.py"
"starcore","recovery.py","library/starcore_recovery.py"
"starcore","controller.py","library/starcore_controller.py"
"starcore","supervisor.py","library/starcore_supervisor.py"
"starcore","sync_engine.py","library/starcore_sync_engine.py"
"starcore","master_validator.py","library/starcore_master_validator.py"
"starcore","backup_engine.py","library/starcore_backup_engine.py"
"starcore","snapshot_engine.py","library/starcore_snapshot_engine.py"
"starcore","health.sh","library/starcore_health.sh"
"starcore","security_collect.sh","library/starcore_security_collect.sh"
"starcore","security.sh","library/starcore_security.sh"
"starcore","snapshot.sh","library/starcore_snapshot.sh"
"starcore","telemetry.sh","library/starcore_telemetry.sh"
"starcore","bootstrap_engine.py","library/starcore_bootstrap_engine.py"
"starcore","ai_bridge_v2.py","library/starcore_ai_bridge_v2.py"
"starcore","memory_bridge.py","library/starcore_memory_bridge.py"
"starcore","fatalab_bridge.py","library/starcore_fatalab_bridge.py"
"starcore","context_engine.py","library/starcore_context_engine.py"
"starcore","cognitive_health.py","library/starcore_cognitive_health.py"
"starcore","memory_graph.py","library/starcore_memory_graph.py"
"starcore","ai_router.py","library/starcore_ai_router.py"
"starcore","vector_interface.py","library/starcore_vector_interface.py"
"starcore","context_manager.py","library/starcore_context_manager.py"
"starcore","decision_engine.py","library/starcore_decision_engine.py"
"starcore","inference_engine.py","library/starcore_inference_engine.py"
"starcore","learning_engine.py","library/starcore_learning_engine.py"
"starcore","planning_engine.py","library/starcore_planning_engine.py"
"starcore","reasoning_engine.py","library/starcore_reasoning_engine.py"
"starcore","reflection_engine.py","library/starcore_reflection_engine.py"
"starcore","cognitive_supervisor.py","library/starcore_cognitive_supervisor.py"
"starcore","command_bus.py","library/starcore_command_bus.py"
"starcore","controller.py","library/starcore_controller.py"
"starcore","bootstrap.py","library/starcore_bootstrap.py"
"starcore","container_bridge.py","library/starcore_container_bridge.py"
"starcore","cpu_monitor.py","library/starcore_cpu_monitor.py"
"starcore","gpu_bridge.py","library/starcore_gpu_bridge.py"
"starcore","memory_optimizer.py","library/starcore_memory_optimizer.py"
"starcore","performance_supervisor.py","library/starcore_performance_supervisor.py"
"starcore","remote_compute.py","library/starcore_remote_compute.py"
"starcore","resource_manager.py","library/starcore_resource_manager.py"
"starcore","workload_scheduler.py","library/starcore_workload_scheduler.py"
"starcore","validator.py","library/starcore_validator.py"
"starcore","config_manager.py","library/starcore_config_manager.py"
"starcore","context_store.py","library/starcore_context_store.py"
"starcore","core_controller.py","library/starcore_core_controller.py"
"starcore","state_manager.py","library/starcore_state_manager.py"
"starcore","fabric_controller.py","library/starcore_fabric_controller.py"
"starcore","health.py","library/starcore_health.py"
"starcore","status.py","library/starcore_status.py"
"starcore","router.py","library/starcore_router.py"
"starcore","android_core_controller.py","library/starcore_android_core_controller.py"
"starcore","config_validator.py","library/starcore_config_validator.py"
"starcore","health_check.py","library/starcore_health_check.py"
"starcore","integrity_check.py","library/starcore_integrity_check.py"
"starcore","master_report.py","library/starcore_master_report.py"
"starcore","module_registry.py","library/starcore_module_registry.py"
"starcore","runtime_manager.py","library/starcore_runtime_manager.py"
"starcore","dashboard_state.py","library/starcore_dashboard_state.py"
"starcore","dashboard.py","library/starcore_dashboard.py"
"starcore","deployment_manager.py","library/starcore_deployment_manager.py"
"starcore","diagnostics.py","library/starcore_diagnostics.py"
"starcore","distributed_validator.py","library/starcore_distributed_validator.py"
"starcore","node_discovery.py","library/starcore_node_discovery.py"
"starcore","node_registry.py","library/starcore_node_registry.py"
"starcore","event_bus_v2.py","library/starcore_event_bus_v2.py"
"starcore","event_bus.py","library/starcore_event_bus.py"
"starcore","connector.py","library/starcore_connector.py"
"starcore","health_sync.py","library/starcore_health_sync.py"
"starcore","tailscale_connector.py","library/starcore_tailscale_connector.py"
"starcore","bridge.py","library/starcore_bridge.py"
"starcore","health_daemon.py","library/starcore_health_daemon.py"
"starcore","scanner.py","library/starcore_scanner.py"
"starcore","job_manager.py","library/starcore_job_manager.py"
"starcore","graph.py","library/starcore_graph.py"
"starcore","knowledge_engine.py","library/starcore_knowledge_engine.py"
"starcore","lifecycle_manager.py","library/starcore_lifecycle_manager.py"
"starcore","lifecycle.py","library/starcore_lifecycle.py"
"starcore","log_ai.py","library/starcore_log_ai.py"
"starcore","master.py","library/starcore_master.py"
"starcore","release.py","library/starcore_release.py"
"starcore","validator.py","library/starcore_validator.py"
"starcore","health.py","library/starcore_health.py"
"starcore","memory_registry.py","library/starcore_memory_registry.py"
"starcore","backup.py","library/starcore_backup.py"
"starcore","bootstrap.py","library/starcore_bootstrap.py"
"starcore","embedding.py","library/starcore_embedding.py"
"starcore","knowledge_graph.py","library/starcore_knowledge_graph.py"
"starcore","long_memory.py","library/starcore_long_memory.py"
"starcore","optimizer.py","library/starcore_optimizer.py"
"starcore","short_memory.py","library/starcore_short_memory.py"
"starcore","memory_sync.py","library/starcore_memory_sync.py"
"starcore","validator.py","library/starcore_validator.py"
"starcore","vector_memory.py","library/starcore_vector_memory.py"
"starcore","memory_sync.py","library/starcore_memory_sync.py"
"starcore","health.py","library/starcore_health.py"
"starcore","heartbeat.py","library/starcore_heartbeat.py"
"starcore","metrics.py","library/starcore_metrics.py"
"starcore","event_monitor.py","library/starcore_event_monitor.py"
"starcore","global_health.py","library/starcore_global_health.py"
"starcore","metrics.py","library/starcore_metrics.py"
"starcore","network_intelligence_v2.py","library/starcore_network_intelligence_v2.py"
"starcore","network_intelligence.py","library/starcore_network_intelligence.py"
"starcore","audit.py","library/starcore_audit.py"
"starcore","command_center.py","library/starcore_command_center.py"
"starcore","executor.py","library/starcore_executor.py"
"starcore","policy.py","library/starcore_policy.py"
"starcore","validator.py","library/starcore_validator.py"
"starcore","optimizer.py","library/starcore_optimizer.py"
"starcore","orchestrator.py","library/starcore_orchestrator.py"
"starcore","plugin_manager.py","library/starcore_plugin_manager.py"
"starcore","policy.py","library/starcore_policy.py"
"starcore","recovery_engine.py","library/starcore_recovery_engine.py"
"starcore","recovery.py","library/starcore_recovery.py"
"starcore","recovery.py","library/starcore_recovery.py"
"starcore","release_validator.py","library/starcore_release_validator.py"
"starcore","release.py","library/starcore_release.py"
"starcore","access_health.py","library/starcore_access_health.py"
"starcore","node_identity.py","library/starcore_node_identity.py"
"starcore","remote_manager.py","library/starcore_remote_manager.py"
"starcore","remote_profile.py","library/starcore_remote_profile.py"
"starcore","tailscale_check.py","library/starcore_tailscale_check.py"
"starcore","supervisor.py","library/starcore_supervisor.py"
"starcore","api_gateway.py","library/starcore_api_gateway.py"
"starcore","engine.py","library/starcore_engine.py"
"starcore","health.py","library/starcore_health.py"
"starcore","snapshot.py","library/starcore_snapshot.py"
"starcore","router.py","library/starcore_router.py"
"starcore","runtime_manager.py","library/starcore_runtime_manager.py"
"starcore","baseline.py","library/starcore_baseline.py"
"starcore","security_guard.py","library/starcore_security_guard.py"
"starcore","security_intelligence.py","library/starcore_security_intelligence.py"
"starcore","security_scan.py","library/starcore_security_scan.py"
"starcore","security.py","library/starcore_security.py"
"starcore","audit_engine.py","library/starcore_audit_engine.py"
"starcore","bootstrap.py","library/starcore_bootstrap.py"
"starcore","identity_manager.py","library/starcore_identity_manager.py"
"starcore","incident_response.py","library/starcore_incident_response.py"
"starcore","integrity_monitor.py","library/starcore_integrity_monitor.py"
"starcore","permission_engine.py","library/starcore_permission_engine.py"
"starcore","policy_engine.py","library/starcore_policy_engine.py"
"starcore","security_supervisor.py","library/starcore_security_supervisor.py"
"starcore","threat_detector.py","library/starcore_threat_detector.py"
"starcore","security_monitor.py","library/starcore_security_monitor.py"
"starcore","selftest.py","library/starcore_selftest.py"
"starcore","executor.py","library/starcore_executor.py"
"starcore","health.py","library/starcore_health.py"
"starcore","scheduler_engine.py","library/starcore_scheduler_engine.py"
"starcore","scheduler.py","library/starcore_scheduler.py"
"starcore","snapshot_manager.py","library/starcore_snapshot_manager.py"
"starcore","ssh_manager.py","library/starcore_ssh_manager.py"
"starcore","state_manager.py","library/starcore_state_manager.py"
"starcore","sync_engine.py","library/starcore_sync_engine.py"
"starcore","tailscale.py","library/starcore_tailscale.py"
"starcore","task_manager.py","library/starcore_task_manager.py"
"starcore","master_health.py","library/starcore_master_health.py"
"starcore","telemetry.py","library/starcore_telemetry.py"
"starcore","termux_intelligence.py","library/starcore_termux_intelligence.py"
"starcore","installer_core.py","library/starcore_installer_core.py"
"starcore","backup.py","library/starcore_backup.py"
"starcore","rollback.py","library/starcore_rollback.py"
"starcore","updater.py","library/starcore_updater.py"
"starcore","global_validator.py","library/starcore_global_validator.py"
"starcore","vector_state.py","library/starcore_vector_state.py"
"starcore","worker.py","library/starcore_worker.py"
"starcore","api.py","library/starcore_api.py"
"starcore","lifecycle.py","library/starcore_lifecycle.py"
"starcore","manifest.py","library/starcore_manifest.py"
"starcore","module.py","library/starcore_module.py"
"starcore","backup_engine.py","library/starcore_backup_engine.py"
"starcore","github_intelligence_upgrade.py","library/starcore_github_intelligence_upgrade.py"
"starcore","security_audit.py","library/starcore_security_audit.py"
"starcore","dashboard.py","library/starcore_dashboard.py"
"starcore","file_inventory.sh","library/starcore_file_inventory.sh"
"starcore","context_show.sh","library/starcore_context_show.sh"
"starcore","claude_manager.sh","library/starcore_claude_manager.sh"
"starcore","health_monitor.sh","library/starcore_health_monitor.sh"
"starcore","starcore_control.sh","library/starcore_starcore_control.sh"
"starcore","tmux_manager.sh","library/starcore_tmux_manager.sh"
"starcore","analyze.sh","library/starcore_analyze.sh"
"starcore","git_intel.sh","library/starcore_git_intel.sh"
"starcore","prompt.sh","library/starcore_prompt.sh"
"starcore","remote.sh","library/starcore_remote.sh"
"starcore","git_intelligence.sh","library/starcore_git_intelligence.sh"
"starcore","project_health.sh","library/starcore_project_health.sh"
"starcore","repo_scan.sh","library/starcore_repo_scan.sh"
"starcore","ai_health.sh","library/starcore_ai_health.sh"
"starcore","bridge_health.sh","library/starcore_bridge_health.sh"
"starcore","full_health.sh","library/starcore_full_health.sh"
"starcore","proxmox_health.sh","library/starcore_proxmox_health.sh"
"starcore","ssh_health.sh","library/starcore_ssh_health.sh"
"starcore","generate_7x_bulk_packages.sh","library/starcore_generate_7x_bulk_packages.sh"
"starcore","install_6BX18_master_consolidator.sh","library/starcore_install_6BX18_master_consolidator.sh"
"starcore","install_6BX19_21_foundation.sh","library/starcore_install_6BX19_21_foundation.sh"
"starcore","install_6BX22_25_master_part1.sh","library/starcore_install_6BX22_25_master_part1.sh"
"starcore","install_6BX26_30_master_part2.sh","library/starcore_install_6BX26_30_master_part2.sh"
"starcore","install_6BX31_35_master.sh","library/starcore_install_6BX31_35_master.sh"
"starcore","install_6BX31_40_master_part1.sh","library/starcore_install_6BX31_40_master_part1.sh"
"starcore","install_6BX35_40_master_part2.sh","library/starcore_install_6BX35_40_master_part2.sh"
"starcore","install_6BY1_5_fatalab_bridge_part1.sh","library/starcore_install_6BY1_5_fatalab_bridge_part1.sh"
"starcore","install_6BYY100_TERMUX_HARDENING.sh","library/starcore_install_6BYY100_TERMUX_HARDENING.sh"
"starcore","install_6BYY11_20_distributed_intelligence.sh","library/starcore_install_6BYY11_20_distributed_intelligence.sh"
"starcore","install_6BYY21_30_remote_intelligence.sh","library/starcore_install_6BYY21_30_remote_intelligence.sh"
"starcore","install_6BYY31_40_operations_layer.sh","library/starcore_install_6BYY31_40_operations_layer.sh"
"starcore","install_6BYY41_50_agent_framework.sh","library/starcore_install_6BYY41_50_agent_framework.sh"
"starcore","install_6BYY51_60_cognitive_intelligence.sh","library/starcore_install_6BYY51_60_cognitive_intelligence.sh"
"starcore","install_6BYY6_10_distributed_ai_part2.sh","library/starcore_install_6BYY6_10_distributed_ai_part2.sh"
"starcore","install_6BYY61_70_memory_fabric.sh","library/starcore_install_6BYY61_70_memory_fabric.sh"
"starcore","install_6BYY71_80_security_intelligence.sh","library/starcore_install_6BYY71_80_security_intelligence.sh"
"starcore","install_6BYY81_90_compute_fabric.sh","library/starcore_install_6BYY81_90_compute_fabric.sh"
"starcore","install_6BYY91_100_autonomous_master_part1.sh","library/starcore_install_6BYY91_100_autonomous_master_part1.sh"
"starcore","install_6BYY96_100_autonomous_master_part2.sh","library/starcore_install_6BYY96_100_autonomous_master_part2.sh"
"starcore","install_7_0_01_installer_framework.sh","library/starcore_install_7_0_01_installer_framework.sh"
"starcore","install_7_0_02_cli_command_bus.sh","library/starcore_install_7_0_02_cli_command_bus.sh"
"starcore","install_7_0_03_sdk_core.sh","library/starcore_install_7_0_03_sdk_core.sh"
"starcore","install_7_0_04_10_master_platform.sh","library/starcore_install_7_0_04_10_master_platform.sh"
"starcore","install_7_0_05_07_services_part2.sh","library/starcore_install_7_0_05_07_services_part2.sh"
"starcore","install_7_0_08_10_master_final.sh","library/starcore_install_7_0_08_10_master_final.sh"
"starcore","install_7_0_11_20_hardening_master.sh","library/starcore_install_7_0_11_20_hardening_master.sh"
"starcore","install_7_0_14_16_security_backup.sh","library/starcore_install_7_0_14_16_security_backup.sh"
"starcore","install_7_0_17_20_final_production.sh","library/starcore_install_7_0_17_20_final_production.sh"
"starcore","install_7_1_01_10_autonomous_core_MASTER.sh","library/starcore_install_7_1_01_10_autonomous_core_MASTER.sh"
"starcore","install_7_2_01_10_distributed_intelligence_MASTER.sh","library/starcore_install_7_2_01_10_distributed_intelligence_MASTER.sh"
"starcore","install_8_FINAL_GLOBAL_AUDIT.sh","library/starcore_install_8_FINAL_GLOBAL_AUDIT.sh"
"starcore","install_8_GOLD_MASTER_BACKUP.sh","library/starcore_install_8_GOLD_MASTER_BACKUP.sh"
"starcore","install_8_RELEASE_SNAPSHOT.sh","library/starcore_install_8_RELEASE_SNAPSHOT.sh"
"starcore","install_8A_ai_core_foundation_MASTER.sh","library/starcore_install_8A_ai_core_foundation_MASTER.sh"
"starcore","install_8B_autonomous_agent_fabric_MASTER.sh","library/starcore_install_8B_autonomous_agent_fabric_MASTER.sh"
"starcore","install_8C_knowledge_rag_fabric_MASTER.sh","library/starcore_install_8C_knowledge_rag_fabric_MASTER.sh"
"starcore","install_8D_distributed_compute_fabric_MASTER.sh","library/starcore_install_8D_distributed_compute_fabric_MASTER.sh"
"starcore","install_8E_security_self_healing_MASTER.sh","library/starcore_install_8E_security_self_healing_MASTER.sh"
"starcore","install_8F_observability_control_plane_MASTER.sh","library/starcore_install_8F_observability_control_plane_MASTER.sh"
"starcore","install_8G_marketplace_plugin_ecosystem_MASTER.sh","library/starcore_install_8G_marketplace_plugin_ecosystem_MASTER.sh"
"starcore","install_8H_automation_workflow_fabric_MASTER.sh","library/starcore_install_8H_automation_workflow_fabric_MASTER.sh"
"starcore","install_8I_ai_optimization_learning_MASTER.sh","library/starcore_install_8I_ai_optimization_learning_MASTER.sh"
"starcore","install_8J_final_autonomous_operating_layer_MASTER.sh","library/starcore_install_8J_final_autonomous_operating_layer_MASTER.sh"
"starcore","install_CLAUDE_RUNTIME_REPAIR_v1.sh","library/starcore_install_CLAUDE_RUNTIME_REPAIR_v1.sh"
"starcore","install_STARCORE_AI_CONTEXT_ENGINE_v1.sh","library/starcore_install_STARCORE_AI_CONTEXT_ENGINE_v1.sh"
"starcore","install_STARCORE_AUTONOMOUS_ENGINEERING_v3_1_REPAIR.sh","library/starcore_install_STARCORE_AUTONOMOUS_ENGINEERING_v3_1_REPAIR.sh"
"starcore","install_STARCORE_AUTONOMOUS_ENGINEERING_v3.sh","library/starcore_install_STARCORE_AUTONOMOUS_ENGINEERING_v3.sh"
"starcore","install_STARCORE_CONTROL_NODE_v2.sh","library/starcore_install_STARCORE_CONTROL_NODE_v2.sh"
"starcore","install_STARCORE_ENGINEERING_FINAL_v1.sh","library/starcore_install_STARCORE_ENGINEERING_FINAL_v1.sh"
"starcore","install_STARCORE_INTELLIGENCE_LAYER_v1.sh","library/starcore_install_STARCORE_INTELLIGENCE_LAYER_v1.sh"
"starcore","install_STARCORE_UNIVERSAL_ACCESS_LAYER_v1.sh","library/starcore_install_STARCORE_UNIVERSAL_ACCESS_LAYER_v1.sh"
"starcore","install_TERMUX_AI_TOOLKIT.sh","library/starcore_install_TERMUX_AI_TOOLKIT.sh"
"starcore","install_TERMUX_CONTROL_CENTER_v1.sh","library/starcore_install_TERMUX_CONTROL_CENTER_v1.sh"
"starcore","install_TERMUX_CONTROL_CENTER.sh","library/starcore_install_TERMUX_CONTROL_CENTER.sh"
"starcore","install_TERMUX_DEEP_AUDIT.sh","library/starcore_install_TERMUX_DEEP_AUDIT.sh"
"starcore","install_TERMUX_DEV_VALIDATOR.sh","library/starcore_install_TERMUX_DEV_VALIDATOR.sh"
"starcore","install_TERMUX_FINAL_VALIDATION.sh","library/starcore_install_TERMUX_FINAL_VALIDATION.sh"
"starcore","install_TERMUX_OPTIMIZER.sh","library/starcore_install_TERMUX_OPTIMIZER.sh"
"starcore","install_TERMUX_PACKAGE_HEALTH.sh","library/starcore_install_TERMUX_PACKAGE_HEALTH.sh"
"starcore","install_TERMUX_REMOTE_AI_BRIDGE_1.sh","library/starcore_install_TERMUX_REMOTE_AI_BRIDGE_1.sh"
"starcore","install_TERMUX_REMOTE_AI_BRIDGE_2.sh","library/starcore_install_TERMUX_REMOTE_AI_BRIDGE_2.sh"
"starcore","install_TERMUX_REMOTE_AI_BRIDGE_3.sh","library/starcore_install_TERMUX_REMOTE_AI_BRIDGE_3.sh"
"starcore","install_TERMUX_REMOTE_AI_BRIDGE_4.sh","library/starcore_install_TERMUX_REMOTE_AI_BRIDGE_4.sh"
"starcore","install_TERMUX_REMOTE_AI_BRIDGE_5.sh","library/starcore_install_TERMUX_REMOTE_AI_BRIDGE_5.sh"
"starcore","preflight_STARCORE_8_MIGRATION_AUDIT.sh","library/starcore_preflight_STARCORE_8_MIGRATION_AUDIT.sh"
"starcore","repair_ENGINEERING_LAYER.sh","library/starcore_repair_ENGINEERING_LAYER.sh"
