"Project","TargetPath","ScriptPath","ScriptType","Description"
"Acode_Dev_Master","tools/acode-dev-master","tools\acode-dev-master\core\ai-review.sh",".sh","!/usr/bin/env bash"
"Acode_Dev_Master","tools/acode-dev-master","tools\acode-dev-master\core\analyze.sh",".sh","!/usr/bin/env bash"
"Acode_Dev_Master","tools/acode-dev-master","tools\acode-dev-master\core\improve.sh",".sh","!/usr/bin/env bash"
"Acode_Dev_Master","tools/acode-dev-master","tools\acode-dev-master\dashboard\app.py",".py","!/usr/bin/env python3"
"Acode_Dev_Master","tools/acode-dev-master","tools\acode-dev-master\gui\flask_installer.py",".py","!/usr/bin/env python3"
"Acode_Dev_Master","tools/acode-dev-master","tools\acode-dev-master\gui\plugin_manager.sh",".sh","!/usr/bin/env bash"
"Acode_Dev_Master","tools/acode-dev-master","tools\acode-dev-master\gui\whiptail_installer.sh",".sh","!/usr/bin/env bash"
"Acode_Dev_Master","tools/acode-dev-master","tools\acode-dev-master\gui\zenity_installer.sh",".sh","!/usr/bin/env bash"
"Acode_Dev_Master","tools/acode-dev-master","tools\acode-dev-master\plugins\android_helper\plugin.sh",".sh","!/usr/bin/env bash"
"Acode_Dev_Master","tools/acode-dev-master","tools\acode-dev-master\plugins\backup\plugin.sh",".sh","!/usr/bin/env bash"
"Acode_Dev_Master","tools/acode-dev-master","tools\acode-dev-master\plugins\ci\plugin.sh",".sh","!/usr/bin/env bash"
"Acode_Dev_Master","tools/acode-dev-master","tools\acode-dev-master\plugins\dashboard\plugin.sh",".sh","!/usr/bin/env bash"
"Acode_Dev_Master","tools/acode-dev-master","tools\acode-dev-master\plugins\lint\plugin.sh",".sh","!/usr/bin/env bash"
"Acode_Dev_Master","tools/acode-dev-master","tools\acode-dev-master\acodai_install.sh",".sh","Skript acodai_install.sh"
"Acode_Dev_Master","tools/acode-dev-master","tools\acode-dev-master\acode_dev_install.sh",".sh","!/usr/bin/env bash"
"Acode_Dev_Master","tools/acode-dev-master","tools\acode-dev-master\acode_dev_interactive.sh",".sh","!/data/data/com.termux/files/usr/bin/bash"
"Acode_Dev_Master","tools/acode-dev-master","tools\acode-dev-master\acode_dev_master_install.sh",".sh","!/usr/bin/env bash"
"Acode_Dev_Master","tools/acode-dev-master","tools\acode-dev-master\acode_dev_repair_install.sh",".sh","!/usr/bin/env bash"
"Acode_Dev_Master","tools/acode-dev-master","tools\acode-dev-master\acode_dev_ultimate_install.sh",".sh","!/usr/bin/env bash"
"Acode_Dev_Master","tools/acode-dev-master","tools\acode-dev-master\acode_install_toolkit.sh",".sh","!/usr/bin/env bash"
"Acode_Dev_Master","tools/acode-dev-master","tools\acode-dev-master\acodeai_install.sh",".sh","Skript acodeai_install.sh"
"Acode_Dev_Master","tools/acode-dev-master","tools\acode-dev-master\create_zip.sh",".sh","!/usr/bin/env bash"
"Acode_Dev_Master","tools/acode-dev-master","tools\acode-dev-master\install_acode_dev_full.sh",".sh","!/data/data/com.termux/files/usr/bin/bash"
"Acode_Dev_Master","tools/acode-dev-master","tools\acode-dev-master\install_acode_dev.sh",".sh","!/usr/bin/env bash"
"Acode_Dev_Master","tools/acode-dev-master","tools\acode-dev-master\master_install.sh",".sh","!/usr/bin/env bash"
"ai-project-analyzer","tools/ai-project-analyzer","tools\ai-project-analyzer\plugins\deploy_script_generator.py",".py","deploy_script_generator.py"
"ai-project-analyzer","tools/ai-project-analyzer","tools\ai-project-analyzer\plugins\secret_detector_enhanced.py",".py","enhanced secret detector"
"ai-project-analyzer","tools/ai-project-analyzer","tools\ai-project-analyzer\plugins\static_analysis.py",".py","static_analysis.py"
"ai-project-analyzer","tools/ai-project-analyzer","tools\ai-project-analyzer\src\analyzer\ai_brain.py",".py","ai_brain.py"
"ai-project-analyzer","tools/ai-project-analyzer","tools\ai-project-analyzer\src\analyzer\analyzer.py",".py","!/usr/bin/env python3"
"ai-project-analyzer","tools/ai-project-analyzer","tools\ai-project-analyzer\src\analyzer\memory.py",".py","memory.py"
"ai-project-analyzer","tools/ai-project-analyzer","tools\ai-project-analyzer\src\analyzer\reconstructor.py",".py","reconstructor.py"
"ai-project-analyzer","tools/ai-project-analyzer","tools\ai-project-analyzer\src\analyzer\structure_scanner.py",".py","structure_scanner.py"
"ai-project-analyzer","tools/ai-project-analyzer","tools\ai-project-analyzer\src\analyzer\utils.py",".py","utils.py"
"ai-project-analyzer","tools/ai-project-analyzer","tools\ai-project-analyzer\src\generator\generator.py",".py","!/usr/bin/env python3"
"ai-project-analyzer","tools/ai-project-analyzer","tools\ai-project-analyzer\src\webui\app.py",".py","(this file is already provided as webui/app.py in install script and earlier)"
"ai-project-analyzer","tools/ai-project-analyzer","tools\ai-project-analyzer\utils\git_autocommit.py",".py","!/usr/bin/env python3"
"ai-project-analyzer","tools/ai-project-analyzer","tools\ai-project-analyzer\install_universal_ai_analyzer.sh",".sh","!/usr/bin/env bash"
"containers-template","infrastructure/containers-template","infrastructure\containers-template\src\index.ts",".ts","Port the container listens on (default: 8080)"
"containers-template","infrastructure/containers-template","infrastructure\containers-template\worker-configuration.d.ts",".ts","* eslint-disable */"
"d1-rest","tools/d1-rest","tools\d1-rest\src\index.ts",".ts","Skript index.ts"
"d1-rest","tools/d1-rest","tools\d1-rest\src\rest.ts",".ts","**"
"d1-rest","tools/d1-rest","tools\d1-rest\worker-configuration.d.ts",".ts","* eslint-disable */"
"genesis-aeterna","tools/genesis-aeterna","tools\genesis-aeterna\GemManager_Pro_Orchestrator.ps1",".ps1","Skript GemManager_Pro_Orchestrator.ps1"
"genesis-aeterna","tools/genesis-aeterna","tools\genesis-aeterna\GemManager_Pro.sh",".sh","!/bin/bash"
"genesis-aeterna","tools/genesis-aeterna","tools\genesis-aeterna\genesis_extractor.py",".py","--- KONFIGURACE DAT ---"
"genesis-aeterna","tools/genesis-aeterna","tools\genesis-aeterna\genesis_universal_init.sh",".sh","!/bin/bash"
"hernios","infrastructure/hernios","infrastructure\hernios\skripty\create-launcher.sh",".sh","!/bin/bash"
"hernios","infrastructure/hernios","infrastructure\hernios\skripty\check-bios.sh",".sh","!/bin/bash"
"hernios","infrastructure/hernios","infrastructure\hernios\skripty\rom-import.sh",".sh","!/bin/bash"
"hernios","infrastructure/hernios","infrastructure\hernios\Starkos full install.sh",".sh","!/bin/bash"
"md-installer","infrastructure/md-installer","infrastructure\md-installer\scripts\fix_structure.sh",".sh","!/usr/bin/env bash"
"md-installer","infrastructure/md-installer","infrastructure\md-installer\scripts\install.sh",".sh","!/usr/bin/env bash"
"md-installer","infrastructure/md-installer","infrastructure\md-installer\version_manager\plugins\official\system_monitor\system_monitor.sh",".sh","!/usr/bin/env bash"
"md-installer","infrastructure/md-installer","infrastructure\md-installer\version_manager\plugins\example.sh",".sh","!/usr/bin/env bash"
"md-installer","infrastructure/md-installer","infrastructure\md-installer\version_manager\plugins\plugin_api.sh",".sh","!/usr/bin/env bash"
"md-installer","infrastructure/md-installer","infrastructure\md-installer\version_manager\plugins\plugin_manager.sh",".sh","!/usr/bin/env bash"
"md-installer","infrastructure/md-installer","infrastructure\md-installer\version_manager\scripts\setup.sh",".sh","!/usr/bin/env bash"
"md-installer","infrastructure/md-installer","infrastructure\md-installer\version_manager\web_gui\public\app.js",".js","Skript app.js"
"md-installer","infrastructure/md-installer","infrastructure\md-installer\version_manager\web_gui\install_web_gui.sh",".sh","!/usr/bin/env bash"
"md-installer","infrastructure/md-installer","infrastructure\md-installer\version_manager\web_gui\integrate_web_gui.sh",".sh","!/usr/bin/env bash"
"md-installer","infrastructure/md-installer","infrastructure\md-installer\version_manager\web_gui\server.js",".js","Skript server.js"
"md-installer","infrastructure/md-installer","infrastructure\md-installer\version_manager\backup.sh",".sh","!/usr/bin/env bash"
"md-installer","infrastructure/md-installer","infrastructure\md-installer\version_manager\cleanup.sh",".sh","Skript cleanup.sh"
"md-installer","infrastructure/md-installer","infrastructure\md-installer\version_manager\diagnostics.sh",".sh","Skript diagnostics.sh"
"md-installer","infrastructure/md-installer","infrastructure\md-installer\version_manager\fzf_theme.sh",".sh","!/usr/bin/env bash"
"md-installer","infrastructure/md-installer","infrastructure\md-installer\version_manager\git_sync.sh",".sh","!/usr/bin/env bash"
"md-installer","infrastructure/md-installer","infrastructure\md-installer\version_manager\changelog.sh",".sh","!/usr/bin/env bash"
"md-installer","infrastructure/md-installer","infrastructure\md-installer\version_manager\install_fzf.sh",".sh","!/usr/bin/env bash"
"md-installer","infrastructure/md-installer","infrastructure\md-installer\version_manager\manager.sh",".sh","!/usr/bin/env bash"
"md-installer","infrastructure/md-installer","infrastructure\md-installer\version_manager\restore.sh",".sh","Skript restore.sh"
"md-installer","infrastructure/md-installer","infrastructure\md-installer\version_manager\switch.sh",".sh","!/usr/bin/env bash"
"md-installer","infrastructure/md-installer","infrastructure\md-installer\version_manager\system_backup.sh",".sh","Skript system_backup.sh"
"md-installer","infrastructure/md-installer","infrastructure\md-installer\version_manager\upgrade.sh",".sh","Skript upgrade.sh"
"md-installer","infrastructure/md-installer","infrastructure\md-installer\fix_structure.sh",".sh","!/usr/bin/env bash"
"md-installer","infrastructure/md-installer","infrastructure\md-installer\md_installer.sh",".sh","!/usr/bin/env bash"
"md-installer","infrastructure/md-installer","infrastructure\md-installer\md_super_installer_linux5.sh",".sh","!/usr/bin/env bash"
"md-installer","infrastructure/md-installer","infrastructure\md-installer\md_super_installer_termux5.sh",".sh","!/data/data/com.termux/files/usr/bin/bash"
"md-installer","infrastructure/md-installer","infrastructure\md-installer\md_super_installer_win5.ps1",".ps1","==============================================================="
"minimal-nas-web-edition","infrastructure/minimal-nas-web-edition","infrastructure\minimal-nas-web-edition\api\shares.py",".py","Skript shares.py"
"minimal-nas-web-edition","infrastructure/minimal-nas-web-edition","infrastructure\minimal-nas-web-edition\api\snapshots.py",".py","Skript snapshots.py"
"minimal-nas-web-edition","infrastructure/minimal-nas-web-edition","infrastructure\minimal-nas-web-edition\api\storage.py",".py","Skript storage.py"
"minimal-nas-web-edition","infrastructure/minimal-nas-web-edition","infrastructure\minimal-nas-web-edition\opt\nas-web\app.py",".py","Skript app.py"
"minimal-nas-web-edition","infrastructure/minimal-nas-web-edition","infrastructure\minimal-nas-web-edition\app.py",".py","Skript app.py"
"minimal-nas-web-edition","infrastructure/minimal-nas-web-edition","infrastructure\minimal-nas-web-edition\nas_install.sh",".sh","!/bin/bash"
"minimal-nas-web-edition","infrastructure/minimal-nas-web-edition","infrastructure\minimal-nas-web-edition\nas_minimal_install.sh",".sh","!/bin/bash"
"modules","infrastructure/modules","infrastructure\modules\project_analyzer.ps1",".ps1","modules/project_analyzer.ps1"
"modules","infrastructure/modules","infrastructure\modules\project_audit.ps1",".ps1","modules/project_audit.ps1"
"modules","infrastructure/modules","infrastructure\modules\project_classifier.ps1",".ps1","modules/project_classifier.ps1"
"nymeakiosk-ultimate-system","rpi5/nymeakiosk-ultimate-system","rpi5\nymeakiosk-ultimate-system\nymeakiosk-rpi5\RPI_nymea_skripty\guide\Příprava Raspberry Pi 5.sh",".sh","Instalace základního OS"
"nymeakiosk-ultimate-system","rpi5/nymeakiosk-ultimate-system","rpi5\nymeakiosk-ultimate-system\nymeakiosk-rpi5\RPI_nymea_skripty\guide\Spuštění inicializačního skriptu.sh",".sh","Stažení a spuštění inicializačního skriptu"
"nymeakiosk-ultimate-system","rpi5/nymeakiosk-ultimate-system","rpi5\nymeakiosk-ultimate-system\nymeakiosk-rpi5\RPI_nymea_skripty\guide\Stažení a příprava obrazu nymea-kiosk.sh",".sh","Stažení nejnovějšího obrazu nymea:kiosk"
"nymeakiosk-ultimate-system","rpi5/nymeakiosk-ultimate-system","rpi5\nymeakiosk-ultimate-system\nymeakiosk-rpi5\RPI_nymea_skripty\guide\Stažení_instalace_instalačního_skriptu.sh",".sh","Stažení instalačního skriptu"
"nymeakiosk-ultimate-system","rpi5/nymeakiosk-ultimate-system","rpi5\nymeakiosk-ultimate-system\nymeakiosk-rpi5\RPI_nymea_skripty\guide\Výchozí přihlašovací údaje.sh",".sh","Přihlaste se a změňte heslo pro uživatele nymea"
"nymeakiosk-ultimate-system","rpi5/nymeakiosk-ultimate-system","rpi5\nymeakiosk-ultimate-system\nymeakiosk-rpi5\RPI_nymea_skripty\instal skripty\Hlavní instalační skript.sh",".sh","!/bin/bash"
"nymeakiosk-ultimate-system","rpi5/nymeakiosk-ultimate-system","rpi5\nymeakiosk-ultimate-system\nymeakiosk-rpi5\RPI_nymea_skripty\instal skripty\Instalace systému.sh",".sh","Spuštění instalačního skriptu"
"nymeakiosk-ultimate-system","rpi5/nymeakiosk-ultimate-system","rpi5\nymeakiosk-ultimate-system\nymeakiosk-rpi5\RPI_nymea_skripty\instal skripty\Stažení vzdělávacího systému.sh",".sh","Naklonování repozitáře"
"nymeakiosk-ultimate-system","rpi5/nymeakiosk-ultimate-system","rpi5\nymeakiosk-ultimate-system\nymeakiosk-rpi5\RPI_nymea_skripty\Kompletní konfigurační skript\Kompletní konfigurační skript.sh",".sh","!/bin/bash"
"nymeakiosk-ultimate-system","rpi5/nymeakiosk-ultimate-system","rpi5\nymeakiosk-ultimate-system\nymeakiosk-rpi5\RPI_nymea_skripty\nastaveni\Aktualizace systému.sh",".sh","Aktualizace seznamu balíčků"
"nymeakiosk-ultimate-system","rpi5/nymeakiosk-ultimate-system","rpi5\nymeakiosk-ultimate-system\nymeakiosk-rpi5\RPI_nymea_skripty\nastaveni\Diagnostika problémů.sh",".sh","Zobrazení logů nymea v reálném čase"
"nymeakiosk-ultimate-system","rpi5/nymeakiosk-ultimate-system","rpi5\nymeakiosk-ultimate-system\nymeakiosk-rpi5\RPI_nymea_skripty\nastaveni\Instalace monitorovacích nástrojů.sh",".sh","Instalace Netdata pro detailní monitoring"
"nymeakiosk-ultimate-system","rpi5/nymeakiosk-ultimate-system","rpi5\nymeakiosk-ultimate-system\nymeakiosk-rpi5\RPI_nymea_skripty\nastaveni\Kalibrace dotykového displeje.sh",".sh","Instalace kalibračních nástrojů"
"nymeakiosk-ultimate-system","rpi5/nymeakiosk-ultimate-system","rpi5\nymeakiosk-ultimate-system\nymeakiosk-rpi5\RPI_nymea_skripty\nastaveni\Konfigurace časového pásma a lokalizace.sh",".sh","Nastavení časového pásma pro ČR"
"nymeakiosk-ultimate-system","rpi5/nymeakiosk-ultimate-system","rpi5\nymeakiosk-ultimate-system\nymeakiosk-rpi5\RPI_nymea_skripty\nastaveni\Konfigurace sítě a připojení.sh",".sh","Spuštění síťového konfiguračního skriptu"
"nymeakiosk-ultimate-system","rpi5/nymeakiosk-ultimate-system","rpi5\nymeakiosk-ultimate-system\nymeakiosk-rpi5\RPI_nymea_skripty\nastaveni\Konfigurace systému.sh",".sh","Úprava konfigurace"
"nymeakiosk-ultimate-system","rpi5/nymeakiosk-ultimate-system","rpi5\nymeakiosk-ultimate-system\nymeakiosk-rpi5\RPI_nymea_skripty\nastaveni\Monitorování výkonu.sh",".sh","Instalace monitorovacích nástrojů"
"nymeakiosk-ultimate-system","rpi5/nymeakiosk-ultimate-system","rpi5\nymeakiosk-ultimate-system\nymeakiosk-rpi5\RPI_nymea_skripty\nastaveni\Nastavení kiosk režimu.sh",".sh","Úprava konfigurace kiosk režimu"
"nymeakiosk-ultimate-system","rpi5/nymeakiosk-ultimate-system","rpi5\nymeakiosk-ultimate-system\nymeakiosk-rpi5\RPI_nymea_skripty\nastaveni\Nastavení monitorovacích nástrojů.sh",".sh","Spuštění monitorovacího skriptu"
"nymeakiosk-ultimate-system","rpi5/nymeakiosk-ultimate-system","rpi5\nymeakiosk-ultimate-system\nymeakiosk-rpi5\RPI_nymea_skripty\nastaveni\Nastavení notifikací.sh",".sh","Instalace notifikačních pluginů"
"nymeakiosk-ultimate-system","rpi5/nymeakiosk-ultimate-system","rpi5\nymeakiosk-ultimate-system\nymeakiosk-rpi5\RPI_nymea_skripty\nastaveni\Nastavení otáčení obrazovky.sh",".sh","Úprava konfigurace pro otočení obrazovky"
"nymeakiosk-ultimate-system","rpi5/nymeakiosk-ultimate-system","rpi5\nymeakiosk-ultimate-system\nymeakiosk-rpi5\RPI_nymea_skripty\nastaveni\Nastavení vzdáleného přístupu.sh",".sh","Metoda 1: SSH tunel (bezpečné)"
"nymeakiosk-ultimate-system","rpi5/nymeakiosk-ultimate-system","rpi5\nymeakiosk-ultimate-system\nymeakiosk-rpi5\RPI_nymea_skripty\nastaveni\Nastavení zálohování.sh",".sh","Vytvoření zálohovacího skriptu"
"nymeakiosk-ultimate-system","rpi5/nymeakiosk-ultimate-system","rpi5\nymeakiosk-ultimate-system\nymeakiosk-rpi5\RPI_nymea_skripty\nastaveni\Nastavení zálohování2.sh",".sh","!/bin/bash"
"nymeakiosk-ultimate-system","rpi5/nymeakiosk-ultimate-system","rpi5\nymeakiosk-ultimate-system\nymeakiosk-rpi5\RPI_nymea_skripty\nastaveni\Nastavení zálohování3.sh",".sh","Nastavení práv a spuštění"
"nymeakiosk-ultimate-system","rpi5/nymeakiosk-ultimate-system","rpi5\nymeakiosk-ultimate-system\nymeakiosk-rpi5\RPI_nymea_skripty\nastaveni\Optimalizace souborového systému.sh",".sh","Přidání optimalizací do /etc/fstab"
"nymeakiosk-ultimate-system","rpi5/nymeakiosk-ultimate-system","rpi5\nymeakiosk-ultimate-system\nymeakiosk-rpi5\RPI_nymea_skripty\nastaveni\Připojení k síti.sh",".sh","Zobrazení dostupných WiFi sítí"
"nymeakiosk-ultimate-system","rpi5/nymeakiosk-ultimate-system","rpi5\nymeakiosk-ultimate-system\nymeakiosk-rpi5\RPI_nymea_skripty\nastaveni\setup-network.sh",".sh","!/bin/bash"
"nymeakiosk-ultimate-system","rpi5/nymeakiosk-ultimate-system","rpi5\nymeakiosk-ultimate-system\nymeakiosk-rpi5\RPI_nymea_skripty\nastaveni\Skript pro automatické diagnostiku a opravy.sh",".sh","Skript pro automatické diagnostiku a opravy"
"nymeakiosk-ultimate-system","rpi5/nymeakiosk-ultimate-system","rpi5\nymeakiosk-ultimate-system\nymeakiosk-rpi5\RPI_nymea_skripty\nastaveni\Spuštění kontejnerů.sh",".sh","Build a spuštění Docker kontejnerů"
"nymeakiosk-ultimate-system","rpi5/nymeakiosk-ultimate-system","rpi5\nymeakiosk-ultimate-system\nymeakiosk-rpi5\RPI_nymea_skripty\nastaveni\Statická IP adresa.sh",".sh","Editace síťového nastavení"
"nymeakiosk-ultimate-system","rpi5/nymeakiosk-ultimate-system","rpi5\nymeakiosk-ultimate-system\nymeakiosk-rpi5\RPI_nymea_skripty\nastaveni\Testování funkcionality.sh",".sh","Testování Zigbee sítě"
"nymeakiosk-ultimate-system","rpi5/nymeakiosk-ultimate-system","rpi5\nymeakiosk-ultimate-system\nymeakiosk-rpi5\RPI_nymea_skripty\nastaveni\Testování základních funkcí.sh",".sh","Kontrola stavu nymea služby"
"nymeakiosk-ultimate-system","rpi5/nymeakiosk-ultimate-system","rpi5\nymeakiosk-ultimate-system\nymeakiosk-rpi5\RPI_nymea_skripty\nastaveni\Vzdálený přístup a zálohování.sh",".sh","Nastavení SSH klíčů pro bezpečnější přístup"
"nymeakiosk-ultimate-system","rpi5/nymeakiosk-ultimate-system","rpi5\nymeakiosk-ultimate-system\nymeakiosk-rpi5\RPI_nymea_skripty\nastaveni\Zabezpeceni systemu.sh",".sh","Instalace základních bezpečnostních nástrojů"
"nymeakiosk-ultimate-system","rpi5/nymeakiosk-ultimate-system","rpi5\nymeakiosk-ultimate-system\nymeakiosk-rpi5\RPI_nymea_skripty\nastaveni\Zakázání nepotřebných služeb2.sh",".sh","Seznam a zastavení nepotřebných služeb"
"nymeakiosk-ultimate-system","rpi5/nymeakiosk-ultimate-system","rpi5\nymeakiosk-ultimate-system\nymeakiosk-rpi5\RPI_nymea_skripty\puvodni instalacni soubory\rpi5-advanced-auto-setup.sh",".sh","!/bin/bash"
"nymeakiosk-ultimate-system","rpi5/nymeakiosk-ultimate-system","rpi5\nymeakiosk-ultimate-system\nymeakiosk-rpi5\RPI_nymea_skripty\puvodni instalacni soubory\rpi5-advanced-setup.sh",".sh","!/bin/bash"
"nymeakiosk-ultimate-system","rpi5/nymeakiosk-ultimate-system","rpi5\nymeakiosk-ultimate-system\nymeakiosk-rpi5\RPI_nymea_skripty\puvodni instalacni soubory\rpi5-setup_v2.sh",".sh","!/bin/bash"
"nymeakiosk-ultimate-system","rpi5/nymeakiosk-ultimate-system","rpi5\nymeakiosk-ultimate-system\nymeakiosk-rpi5\RPI_nymea_skripty\puvodni instalacni soubory\rpi5-setup.sh",".sh","!/bin/bash"
"nymeakiosk-ultimate-system","rpi5/nymeakiosk-ultimate-system","rpi5\nymeakiosk-ultimate-system\nymeakiosk-rpi5\RPI_nymea_skripty\puvodni instalacni soubory\rpi5-ultra-advanced-auto-setup.sh",".sh","!/bin/bash"
"nymeakiosk-ultimate-system","rpi5/nymeakiosk-ultimate-system","rpi5\nymeakiosk-ultimate-system\nymeakiosk-rpi5\RPI_nymea_skripty\sprava\Instalace a konfigurace nymea pluginů.sh",".sh","Spuštění skriptu pro instalaci pluginů"
"nymeakiosk-ultimate-system","rpi5/nymeakiosk-ultimate-system","rpi5\nymeakiosk-ultimate-system\nymeakiosk-rpi5\RPI_nymea_skripty\sprava\Instalace dalších pluginů.sh",".sh","Zobrazení dostupných pluginů"
"nymeakiosk-ultimate-system","rpi5/nymeakiosk-ultimate-system","rpi5\nymeakiosk-ultimate-system\nymeakiosk-rpi5\RPI_nymea_skripty\sprava\Integrace s Home Assistant.sh",".sh","Instalace Home Assistant pomocí Docker"
"nymeakiosk-ultimate-system","rpi5/nymeakiosk-ultimate-system","rpi5\nymeakiosk-ultimate-system\nymeakiosk-rpi5\RPI_nymea_skripty\sprava\Konfigurace MQTT brokeru (pokud potřebujete).sh",".sh","Instalace Mosquitto MQTT brokeru"
"nymeakiosk-ultimate-system","rpi5/nymeakiosk-ultimate-system","rpi5\nymeakiosk-ultimate-system\nymeakiosk-rpi5\RPI_nymea_skripty\sprava\Nastavení vlastních skriptů a automatizací.sh",".sh","Vytvoření adresáře pro vlastní skripty"
"nymeakiosk-ultimate-system","rpi5/nymeakiosk-ultimate-system","rpi5\nymeakiosk-ultimate-system\nymeakiosk-rpi5\RPI_nymea_skripty\sprava\Nastavení vzdáleného přístupu a zálohování.sh",".sh","Spuštění skriptu pro vzdálený přístup"
"nymeakiosk-ultimate-system","rpi5/nymeakiosk-ultimate-system","rpi5\nymeakiosk-ultimate-system\nymeakiosk-rpi5\RPI_nymea_skripty\sprava\Optimalizace SWAP a paměti.sh",".sh","Úprava SWAP nastavení"
"nymeakiosk-ultimate-system","rpi5/nymeakiosk-ultimate-system","rpi5\nymeakiosk-ultimate-system\nymeakiosk-rpi5\RPI_nymea_skripty\sprava\Optimalizace výkonu pro Raspberry Pi.sh",".sh","Spuštění optimalizačního skriptu"
"nymeakiosk-ultimate-system","rpi5/nymeakiosk-ultimate-system","rpi5\nymeakiosk-ultimate-system\nymeakiosk-rpi5\RPI_nymea_skripty\sprava\Pravidelné aktualizace.sh",".sh","Nastavení automatických aktualizací"
"nymeakiosk-ultimate-system","rpi5/nymeakiosk-ultimate-system","rpi5\nymeakiosk-ultimate-system\nymeakiosk-rpi5\RPI_nymea_skripty\sprava\Přidání studenta.sh",".sh","Skript Přidání studenta.sh"
"nymeakiosk-ultimate-system","rpi5/nymeakiosk-ultimate-system","rpi5\nymeakiosk-ultimate-system\nymeakiosk-rpi5\RPI_nymea_skripty\sprava\Přiřazení projektu.sh",".sh","Skript Přiřazení projektu.sh"
"nymeakiosk-ultimate-system","rpi5/nymeakiosk-ultimate-system","rpi5\nymeakiosk-ultimate-system\nymeakiosk-rpi5\RPI_nymea_skripty\sprava\Úprava vzhledu a chování kiosku.sh",".sh","Editace konfigurace kiosku"
"nymeakiosk-ultimate-system","rpi5/nymeakiosk-ultimate-system","rpi5\nymeakiosk-ultimate-system\nymeakiosk-rpi5\RPI_nymea_skripty\sprava\Vlastní dashboardy a rozhraní.sh",".sh","Instalace Node-RED pro vlastní dashboardy"
"nymeakiosk-ultimate-system","rpi5/nymeakiosk-ultimate-system","rpi5\nymeakiosk-ultimate-system\nymeakiosk-rpi5\RPI_nymea_skripty\sprava\Vytvoření dokumentace a shrnutí.sh",".sh","Generování shrnutí nastavení"
"nymeakiosk-ultimate-system","rpi5/nymeakiosk-ultimate-system","rpi5\nymeakiosk-ultimate-system\nymeakiosk-rpi5\RPI_nymea_skripty\sprava\Vytvoření komplexního údržbového skriptu.sh",".sh","Stažení údržbového skriptu"
"nymeakiosk-ultimate-system","rpi5/nymeakiosk-ultimate-system","rpi5\nymeakiosk-ultimate-system\nymeakiosk-rpi5\RPI_nymea_skripty\sprava\Vytvoření nového projektu.sh",".sh","Skript Vytvoření nového projektu.sh"
"nymeakiosk-ultimate-system","rpi5/nymeakiosk-ultimate-system","rpi5\nymeakiosk-ultimate-system\nymeakiosk-rpi5\RPI_nymea_skripty\sprava\Zakázání nepotřebných služeb.sh",".sh","Kontrola aktivních služeb"
"nymeakiosk-ultimate-system","rpi5/nymeakiosk-ultimate-system","rpi5\nymeakiosk-ultimate-system\nymeakiosk-rpi5\RPI_nymea_skripty\sprava\Základní zabezpečení systému.sh",".sh","Spuštění bezpečnostního skriptu"
"nymeakiosk-ultimate-system","rpi5/nymeakiosk-ultimate-system","rpi5\nymeakiosk-ultimate-system\nymeakiosk-rpi5\RPI_nymea_skripty\sprava\Zobrazení hodnocení.sh",".sh","Skript Zobrazení hodnocení.sh"
"nymeakiosk-ultimate-system","rpi5/nymeakiosk-ultimate-system","rpi5\nymeakiosk-ultimate-system\nymeakiosk-rpi5\RPI_nymea_skripty\example.py",".py","Ukázka vytvoření projektové šablony v Pythonu"
"nymeakiosk-ultimate-system","rpi5/nymeakiosk-ultimate-system","rpi5\nymeakiosk-ultimate-system\nymeakiosk-rpi5\RPI_nymea_skripty\Chytrá meteorologická stanice.py",".py","Projekt: Chytrá meteorologická stanice"
"nymeakiosk-ultimate-system","rpi5/nymeakiosk-ultimate-system","rpi5\nymeakiosk-ultimate-system\nymeakiosk-rpi5\RPI_nymea_skripty\Implementace projektového managementu.py",".py","Třída pro řízení studentských projektů"
"nymeakiosk-ultimate-system","rpi5/nymeakiosk-ultimate-system","rpi5\nymeakiosk-ultimate-system\nymeakiosk-rpi5\RPI_nymea_skripty\Systematické vyhodnocování studentských prací.py",".py","Třída pro hodnocení studentských projektů"
"nymeakiosk-ultimate-system","rpi5/nymeakiosk-ultimate-system","rpi5\nymeakiosk-ultimate-system\nymeakiosk-rpi5\RPI_nymea_skripty\Testovací soubor.py",".py","!/usr/bin/env python3"
"nymeakiosk-ultimate-system","rpi5/nymeakiosk-ultimate-system","rpi5\nymeakiosk-ultimate-system\nymeakiosk-rpi5\scripts\configure-backup.sh",".sh","!/bin/bash"
"nymeakiosk-ultimate-system","rpi5/nymeakiosk-ultimate-system","rpi5\nymeakiosk-ultimate-system\nymeakiosk-rpi5\scripts\export-rules.sh",".sh","!/bin/bash"
"nymeakiosk-ultimate-system","rpi5/nymeakiosk-ultimate-system","rpi5\nymeakiosk-ultimate-system\nymeakiosk-rpi5\scripts\import-rules.sh",".sh","!/bin/bash"
"nymeakiosk-ultimate-system","rpi5/nymeakiosk-ultimate-system","rpi5\nymeakiosk-ultimate-system\nymeakiosk-rpi5\scripts\install-nodered.sh",".sh","!/bin/bash"
"nymeakiosk-ultimate-system","rpi5/nymeakiosk-ultimate-system","rpi5\nymeakiosk-ultimate-system\nymeakiosk-rpi5\scripts\install-plugins.sh",".sh","!/bin/bash"
"nymeakiosk-ultimate-system","rpi5/nymeakiosk-ultimate-system","rpi5\nymeakiosk-ultimate-system\nymeakiosk-rpi5\scripts\restore-backup.sh",".sh","!/bin/bash"
"nymeakiosk-ultimate-system","rpi5/nymeakiosk-ultimate-system","rpi5\nymeakiosk-ultimate-system\nymeakiosk-rpi5\scripts\setup-kiosk.sh",".sh","!/bin/bash"
"nymeakiosk-ultimate-system","rpi5/nymeakiosk-ultimate-system","rpi5\nymeakiosk-ultimate-system\nymeakiosk-rpi5\install-all.sh",".sh","!/bin/bash"
"nymeakiosk-ultimate-system","rpi5/nymeakiosk-ultimate-system","rpi5\nymeakiosk-ultimate-system\scripts\configure-backup.sh",".sh","!/bin/bash"
"nymeakiosk-ultimate-system","rpi5/nymeakiosk-ultimate-system","rpi5\nymeakiosk-ultimate-system\scripts\export-rules.sh",".sh","!/bin/bash"
"nymeakiosk-ultimate-system","rpi5/nymeakiosk-ultimate-system","rpi5\nymeakiosk-ultimate-system\scripts\import-rules.sh",".sh","!/bin/bash"
"nymeakiosk-ultimate-system","rpi5/nymeakiosk-ultimate-system","rpi5\nymeakiosk-ultimate-system\scripts\install-nodered.sh",".sh","!/bin/bash"
"nymeakiosk-ultimate-system","rpi5/nymeakiosk-ultimate-system","rpi5\nymeakiosk-ultimate-system\scripts\install-plugins.sh",".sh","!/bin/bash"
"nymeakiosk-ultimate-system","rpi5/nymeakiosk-ultimate-system","rpi5\nymeakiosk-ultimate-system\scripts\restore-backup.sh",".sh","!/bin/bash"
"nymeakiosk-ultimate-system","rpi5/nymeakiosk-ultimate-system","rpi5\nymeakiosk-ultimate-system\scripts\setup-kiosk.sh",".sh","!/bin/bash"
"nymeakiosk-ultimate-system","rpi5/nymeakiosk-ultimate-system","rpi5\nymeakiosk-ultimate-system\src\python\__init__.py",".py","Skript __init__.py"
"nymeakiosk-ultimate-system","rpi5/nymeakiosk-ultimate-system","rpi5\nymeakiosk-ultimate-system\src\python\config_manager.py",".py","Skript config_manager.py"
"nymeakiosk-ultimate-system","rpi5/nymeakiosk-ultimate-system","rpi5\nymeakiosk-ultimate-system\src\python\project_manager.py",".py","Skript project_manager.py"
"nymeakiosk-ultimate-system","rpi5/nymeakiosk-ultimate-system","rpi5\nymeakiosk-ultimate-system\src\python\utils.py",".py","Skript utils.py"
"nymeakiosk-ultimate-system","rpi5/nymeakiosk-ultimate-system","rpi5\nymeakiosk-ultimate-system\src\scripts\backup.sh",".sh","!/bin/bash"
"nymeakiosk-ultimate-system","rpi5/nymeakiosk-ultimate-system","rpi5\nymeakiosk-ultimate-system\src\scripts\install-all.sh",".sh","!/bin/bash"
"nymeakiosk-ultimate-system","rpi5/nymeakiosk-ultimate-system","rpi5\nymeakiosk-ultimate-system\src\scripts\setup-kiosk.sh",".sh","!/bin/bash"
"nymeakiosk-ultimate-system","rpi5/nymeakiosk-ultimate-system","rpi5\nymeakiosk-ultimate-system\tests\integration\__init__.py",".py","Skript __init__.py"
"nymeakiosk-ultimate-system","rpi5/nymeakiosk-ultimate-system","rpi5\nymeakiosk-ultimate-system\tests\unit\__init__.py",".py","Skript __init__.py"
"nymeakiosk-ultimate-system","rpi5/nymeakiosk-ultimate-system","rpi5\nymeakiosk-ultimate-system\tests\unit\test_config_manager.py",".py","Skript test_config_manager.py"
"nymeakiosk-ultimate-system","rpi5/nymeakiosk-ultimate-system","rpi5\nymeakiosk-ultimate-system\tests\unit\test_project_manager.py",".py","Skript test_project_manager.py"
"nymeakiosk-ultimate-system","rpi5/nymeakiosk-ultimate-system","rpi5\nymeakiosk-ultimate-system\tests\__init__.py",".py","Skript __init__.py"
"nymeakiosk-ultimate-system","rpi5/nymeakiosk-ultimate-system","rpi5\nymeakiosk-ultimate-system\install-all.sh",".sh","!/bin/bash"
"octopuscli","tools/octopuscli","tools\octopuscli\BuildAssets\repos\test-linux-package-from-feed-in-dists.sh",".sh","!/bin/bash"
"octopuscli","tools/octopuscli","tools\octopuscli\BuildAssets\repos\test-linux-package-from-feed.sh",".sh","!/bin/bash"
"octopuscli","tools/octopuscli","tools\octopuscli\BuildAssets\create-octopuscli-linux-packages.sh",".sh","!/bin/bash"
"octopuscli","tools/octopuscli","tools\octopuscli\BuildAssets\init.ps1",".ps1","Skript init.ps1"
"octopuscli","tools/octopuscli","tools\octopuscli\BuildAssets\octo.cmd",".cmd","Skript octo.cmd"
"octopuscli","tools/octopuscli","tools\octopuscli\BuildAssets\OctoWrapper.sh",".sh","!/bin/bash"
"octopuscli","tools/octopuscli","tools\octopuscli\BuildAssets\test-linux-package-in-dists.sh",".sh","!/bin/bash"
"octopuscli","tools/octopuscli","tools\octopuscli\BuildAssets\test-linux-package.sh",".sh","!/bin/bash"
"octopuscli","tools/octopuscli","tools\octopuscli\source\Octo\init.ps1",".ps1","Skript init.ps1"
"octopuscli","tools/octopuscli","tools\octopuscli\build.cmd",".cmd","Skript build.cmd"
"octopuscli","tools/octopuscli","tools\octopuscli\build.ps1",".ps1","Skript build.ps1"
"octopuscli","tools/octopuscli","tools\octopuscli\build.sh",".sh","!/usr/bin/env bash"
"ollama","tools/ollama","tools\ollama\Starko_AI_Suite_2.0\dashboard\main.py",".py","Skript main.py"
"ollama","tools/ollama","tools\ollama\Starko_AI_Suite_2.0\memory\init_memory.py",".py","Skript init_memory.py"
"ollama","tools/ollama","tools\ollama\Starko_AI_Suite_2.0\plugins\github_intelligence.ps1",".ps1","Skript github_intelligence.ps1"
"ollama","tools/ollama","tools\ollama\Starko_AI_Suite_2.0\plugins\model_autoupdater.ps1",".ps1","Skript model_autoupdater.ps1"
"ollama","tools/ollama","tools\ollama\Starko_AI_Suite_2.0\plugins\pdf_analyzer.ps1",".ps1","Skript pdf_analyzer.ps1"
"ollama","tools/ollama","tools\ollama\Starko_AI_Suite_2.0\plugins\plugin_github_intelligence.ps1",".ps1","Skript plugin_github_intelligence.ps1"
"ollama","tools/ollama","tools\ollama\Starko_AI_Suite_2.0\plugins\plugin_model_autoupdater.ps1",".ps1","Skript plugin_model_autoupdater.ps1"
"ollama","tools/ollama","tools\ollama\Starko_AI_Suite_2.0\plugins\plugin_pdf_analyzer.ps1",".ps1","Skript plugin_pdf_analyzer.ps1"
"ollama","tools/ollama","tools\ollama\Starko_AI_Suite_2.0\plugins\plugin_remote_executor.ps1",".ps1","Skript plugin_remote_executor.ps1"
"ollama","tools/ollama","tools\ollama\Starko_AI_Suite_2.0\plugins\plugin_webscraper_pro.ps1",".ps1","Skript plugin_webscraper_pro.ps1"
"ollama","tools/ollama","tools\ollama\Starko_AI_Suite_2.0\plugins\plugin_whisper.ps1",".ps1","Skript plugin_whisper.ps1"
"ollama","tools/ollama","tools\ollama\Starko_AI_Suite_2.0\plugins\remote_executor.ps1",".ps1","Skript remote_executor.ps1"
"ollama","tools/ollama","tools\ollama\Starko_AI_Suite_2.0\plugins\webscraper_pro.ps1",".ps1","Skript webscraper_pro.ps1"
"ollama","tools/ollama","tools\ollama\Starko_AI_Suite_2.0\plugins\whisper.ps1",".ps1","Skript whisper.ps1"
"ollama","tools/ollama","tools\ollama\Starko_AI_Suite_2.0\scripts\bootstrap.ps1",".ps1","Aktivace venv"
"ollama","tools/ollama","tools\ollama\Starko_AI_Suite_2.0\scripts\build_zip.ps1",".ps1","Skript build_zip.ps1"
"ollama","tools/ollama","tools\ollama\Starko_AI_Suite_2.0\bootstrap_full.ps1",".ps1","Skript bootstrap_full.ps1"
"ollama","tools/ollama","tools\ollama\Starko_AI_Suite_2.0\build_starko_ai_suite_2.1.ps1",".ps1","Skript build_starko_ai_suite_2.1.ps1"
"ollama","tools/ollama","tools\ollama\Starko_AI_Suite_2.0\build_starko_ai_suite_full_zip.ps1",".ps1","=========================================================="
"ollama","tools/ollama","tools\ollama\Starko_AI_Suite_2.0\build_zip.ps1",".ps1","Skript build_zip.ps1"
"ollama","tools/ollama","tools\ollama\Starko_AI_Suite_2.0\create_dashboard.ps1",".ps1","Skript create_dashboard.ps1"
"ollama","tools/ollama","tools\ollama\Starko_AI_Suite_2.0\create_memory.ps1",".ps1","Skript create_memory.ps1"
"ollama","tools/ollama","tools\ollama\Starko_AI_Suite_2.0\create_plugins_advanced.ps1",".ps1","====================================================================="
"ollama","tools/ollama","tools\ollama\Starko_AI_Suite_2.0\create_plugins.ps1",".ps1","Skript create_plugins.ps1"
"ollama","tools/ollama","tools\ollama\Starko_AI_Suite_2.0\generate_structure.ps1",".ps1","Vytvoření hlavní struktury projektu"
"ollama","tools/ollama","tools\ollama\Starko_AI_Suite_2.0\install_starko_ai_suite_full.ps1",".ps1","====================================================================="
"ollama","tools/ollama","tools\ollama\Starko_AI_Suite_2.1.1\dashboard\main.py",".py","FastAPI backend placeholder"
"ollama","tools/ollama","tools\ollama\Starko_AI_Suite_2.1.1\memory\init_memory.py",".py","ChromaDB inicializace"
"ollama","tools/ollama","tools\ollama\Starko_AI_Suite_2.1.1\plugins\plugin_github_intelligence.ps1",".ps1","plugin_github_intelligence.ps1 - Plugin placeholder"
"ollama","tools/ollama","tools\ollama\Starko_AI_Suite_2.1.1\plugins\plugin_model_autoupdater.ps1",".ps1","plugin_model_autoupdater.ps1 - Plugin placeholder"
"ollama","tools/ollama","tools\ollama\Starko_AI_Suite_2.1.1\plugins\plugin_pdf_analyzer.ps1",".ps1","plugin_pdf_analyzer.ps1 - Plugin placeholder"
"ollama","tools/ollama","tools\ollama\Starko_AI_Suite_2.1.1\plugins\plugin_remote_executor.ps1",".ps1","plugin_remote_executor.ps1 - Plugin placeholder"
"ollama","tools/ollama","tools\ollama\Starko_AI_Suite_2.1.1\plugins\plugin_webscraper_pro.ps1",".ps1","plugin_webscraper_pro.ps1 - Plugin placeholder"
"ollama","tools/ollama","tools\ollama\Starko_AI_Suite_2.1.1\plugins\plugin_whisper.ps1",".ps1","plugin_whisper.ps1 - Plugin placeholder"
"ollama","tools/ollama","tools\ollama\Starko_AI_Suite_2.1.1\scripts\install_starko_ai_suite_full.ps1",".ps1","InstalaÄŤnĂ­ skript"
"ollama","tools/ollama","tools\ollama\Starko_AI_Suite_2.1.1\scripts\starko_ai_builder.ps1",".ps1","Builder skript"
"ollama","tools/ollama","tools\ollama\Starko_AI_Suite_2.1.1\scripts\update.ps1",".ps1","Update skript"
"ollama","tools/ollama","tools\ollama\Starko_AI_Suite_2.1.1\run_builder.bat",".bat","Skript run_builder.bat"
"ollama","tools/ollama","tools\ollama\Starko_AI_Suite_2.1.1\starko_ai_builder_fixed.ps1",".ps1","==========================================="
"ollama","tools/ollama","tools\ollama\Starko_AI_Suite_2.1.1\starko_ai_builder.ps1",".ps1","==========================================="
"ollama","tools/ollama","tools\ollama\Starko_AI_Suite_2.1.1\starko_ai_generator.ps1",".ps1","=============================================="
"ollama","tools/ollama","tools\ollama\bootstrap_full.ps1",".ps1","Skript bootstrap_full.ps1"
"ollama","tools/ollama","tools\ollama\build_starko_ai_suite_2.1.ps1",".ps1","Skript build_starko_ai_suite_2.1.ps1"
"ollama","tools/ollama","tools\ollama\build_starko_ai_suite_full_zip.ps1",".ps1","=========================================================="
"ollama","tools/ollama","tools\ollama\build_zip.ps1",".ps1","Skript build_zip.ps1"
"ollama","tools/ollama","tools\ollama\create_dashboard.ps1",".ps1","Skript create_dashboard.ps1"
"ollama","tools/ollama","tools\ollama\create_memory.ps1",".ps1","Skript create_memory.ps1"
"ollama","tools/ollama","tools\ollama\create_plugins_advanced.ps1",".ps1","====================================================================="
"ollama","tools/ollama","tools\ollama\create_plugins.ps1",".ps1","Skript create_plugins.ps1"
"ollama","tools/ollama","tools\ollama\generate_structure.ps1",".ps1","Vytvoření hlavní struktury projektu"
"ollama","tools/ollama","tools\ollama\install_starko_ai_suite_full.ps1",".ps1","Skript install_starko_ai_suite_full.ps1"
"ollama","tools/ollama","tools\ollama\main.ps1",".ps1","Skript main.ps1"
"ollama","tools/ollama","tools\ollama\update.ps1",".ps1","Skript update.ps1"
"platform","infrastructure/platform","infrastructure\platform\ai-engine\actions.py",".py","!/usr/bin/env python3"
"platform","infrastructure/platform","infrastructure\platform\ai-engine\ai.py",".py","!/usr/bin/env python3"
"platform","infrastructure/platform","infrastructure\platform\docs\backup_docs.sh",".sh","!/bin/bash"
"platform","infrastructure/platform","infrastructure\platform\docs\docs_menu.sh",".sh","!/bin/bash"
"platform","infrastructure/platform","infrastructure\platform\docs\generate_docs.sh",".sh","!/bin/bash"
"platform","infrastructure/platform","infrastructure\platform\docs\restore.sh",".sh","!/bin/bash"
"platform","infrastructure/platform","infrastructure\platform\k8s-panel\backend.py",".py","Skript backend.py"
"platform","infrastructure/platform","infrastructure\platform\lib\logger.sh",".sh","!/bin/bash"
"platform","infrastructure/platform","infrastructure\platform\lib\modules.sh",".sh","!/bin/bash"
"platform","infrastructure/platform","infrastructure\platform\lib\system.sh",".sh","!/bin/bash"
"platform","infrastructure/platform","infrastructure\platform\lib\ui.sh",".sh","!/bin/bash"
"platform","infrastructure/platform","infrastructure\platform\modules\android.sh",".sh","!/bin/bash"
"platform","infrastructure/platform","infrastructure\platform\modules\backup.sh",".sh","!/bin/bash"
"platform","infrastructure/platform","infrastructure\platform\modules\docker.sh",".sh","!/bin/bash"
"platform","infrastructure/platform","infrastructure\platform\modules\k3s.sh",".sh","!/bin/bash"
"platform","infrastructure/platform","infrastructure\platform\modules\monitoring.sh",".sh","!/bin/bash"
"platform","infrastructure/platform","infrastructure\platform\modules\nas.sh",".sh","!/bin/bash"
"platform","infrastructure/platform","infrastructure\platform\modules\pentest.sh",".sh","!/bin/bash"
"platform","infrastructure/platform","infrastructure\platform\modules\security.sh",".sh","!/bin/bash"
"platform","infrastructure/platform","infrastructure\platform\security\apparmor.sh",".sh","!/bin/bash"
"platform","infrastructure/platform","infrastructure\platform\security\audit.sh",".sh","!/bin/bash"
"platform","infrastructure/platform","infrastructure\platform\security\auto_updates.sh",".sh","!/bin/bash"
"platform","infrastructure/platform","infrastructure\platform\security\fail2ban.sh",".sh","!/bin/bash"
"platform","infrastructure/platform","infrastructure\platform\security\firewall.sh",".sh","!/bin/bash"
"platform","infrastructure/platform","infrastructure\platform\security\integrity_check.sh",".sh","!/bin/bash"
"platform","infrastructure/platform","infrastructure\platform\security\security_install.sh",".sh","!/bin/bash"
"platform","infrastructure/platform","infrastructure\platform\security\security_menu.sh",".sh","!/bin/bash"
"platform","infrastructure/platform","infrastructure\platform\security\ssh_hardening.sh",".sh","!/bin/bash"
"platform","infrastructure/platform","infrastructure\platform\updater\gui_update_menu.sh",".sh","!/bin/bash"
"platform","infrastructure/platform","infrastructure\platform\updater\rollback.sh",".sh","!/bin/bash"
"platform","infrastructure/platform","infrastructure\platform\updater\updater.sh",".sh","!/bin/bash"
"platform","infrastructure/platform","infrastructure\platform\updater\verify.sh",".sh","!/bin/bash"
"platform","infrastructure/platform","infrastructure\platform\webui\static\dashboard.js",".js","Skript dashboard.js"
"platform","infrastructure/platform","infrastructure\platform\webui\app.py",".py","Skript app.py"
"platform","infrastructure/platform","infrastructure\platform\install.sh",".sh","!/bin/bash"
"powershell","infrastructure/powershell","infrastructure\powershell\install_powershell_pro_max.ps1",".ps1","============================================================"
"powershell","infrastructure/powershell","infrastructure\powershell\install_pro_max_extreme.ps1",".ps1","============================================================"
"powershell","infrastructure/powershell","infrastructure\powershell\install-PS7-context.bat",".bat","Skript install-PS7-context.bat"
"powershell","infrastructure/powershell","infrastructure\powershell\PSLauncher.ps1",".ps1","======================================================"
"powershell","infrastructure/powershell","infrastructure\powershell\starko_dashboard_server.ps1",".ps1","starko_dashboard_server.ps1"
"prepare-proxmox-usb","infrastructure/prepare-proxmox-usb","infrastructure\prepare-proxmox-usb\prepare-proxmox-usb.sh",".sh","!/bin/bash"
"prepare-proxmox-usb","infrastructure/prepare-proxmox-usb","infrastructure\prepare-proxmox-usb\proxmox-post-install.sh",".sh","!/bin/bash"
"projekt-genesis-2026","starcore/projekt-genesis-2026","starcore\projekt-genesis-2026\~\genesis\tools\final_sectors.sh",".sh","!/bin/bash"
"projekt-genesis-2026","starcore/projekt-genesis-2026","starcore\projekt-genesis-2026\~\genesis\tools\genesis_agents.sh",".sh","!/bin/bash"
"projekt-genesis-2026","starcore/projekt-genesis-2026","starcore\projekt-genesis-2026\~\genesis\tools\genesis_expansion.sh",".sh","!/bin/bash"
"projekt-genesis-2026","starcore/projekt-genesis-2026","starcore\projekt-genesis-2026\~\genesis\tools\genesis_final_integration.sh",".sh","!/bin/bash"
"projekt-genesis-2026","starcore/projekt-genesis-2026","starcore\projekt-genesis-2026\~\genesis\tools\genesis_full_setup.sh",".sh","!/bin/bash"
"projekt-genesis-2026","starcore/projekt-genesis-2026","starcore\projekt-genesis-2026\~\genesis\tools\genesis_hud.py",".py","SOUBOR: ~/genesis/tools/genesis_hud.py"
"projekt-genesis-2026","starcore/projekt-genesis-2026","starcore\projekt-genesis-2026\~\genesis\tools\genesis_omni_console.sh",".sh","!/bin/bash"
"projekt-genesis-2026","starcore/projekt-genesis-2026","starcore\projekt-genesis-2026\~\genesis\tools\genesis_sector05.sh",".sh","!/bin/bash"
"projekt-genesis-2026","starcore/projekt-genesis-2026","starcore\projekt-genesis-2026\~\genesis\tools\genesis_sector06.sh",".sh","!/bin/bash"
"projekt-genesis-2026","starcore/projekt-genesis-2026","starcore\projekt-genesis-2026\~\genesis\tools\genesis_sector07.sh",".sh","!/bin/bash"
"projekt-genesis-2026","starcore/projekt-genesis-2026","starcore\projekt-genesis-2026\~\genesis\tools\genesis_sector08.sh",".sh","!/bin/bash"
"projekt-genesis-2026","starcore/projekt-genesis-2026","starcore\projekt-genesis-2026\~\genesis\tools\genesis_vault.sh",".sh","!/bin/bash"
"projekt-genesis-2026","starcore/projekt-genesis-2026","starcore\projekt-genesis-2026\~\genesis\tools\install_genesis.sh",".sh","!/bin/bash"
"projekt-genesis-2026","starcore/projekt-genesis-2026","starcore\projekt-genesis-2026\20_project_chronicle.py",".py","Skript 20_project_chronicle.py"
"ripe-atlas-cousteau","infrastructure/ripe-atlas-cousteau","infrastructure\ripe-atlas-cousteau\docs\conf.py",".py","-*- coding: utf-8 -*-"
"ripe-atlas-cousteau","infrastructure/ripe-atlas-cousteau","infrastructure\ripe-atlas-cousteau\ripe\atlas\cousteau\__init__.py",".py","Copyright (c) 2016 RIPE NCC"
"ripe-atlas-cousteau","infrastructure/ripe-atlas-cousteau","infrastructure\ripe-atlas-cousteau\ripe\atlas\cousteau\api_listing.py",".py","Copyright (c) 2015 RIPE NCC"
"ripe-atlas-cousteau","infrastructure/ripe-atlas-cousteau","infrastructure\ripe-atlas-cousteau\ripe\atlas\cousteau\api_meta_data.py",".py","Copyright (c) 2015 RIPE NCC"
"ripe-atlas-cousteau","infrastructure/ripe-atlas-cousteau","infrastructure\ripe-atlas-cousteau\ripe\atlas\cousteau\exceptions.py",".py","Copyright (c) 2016 RIPE NCC"
"ripe-atlas-cousteau","infrastructure/ripe-atlas-cousteau","infrastructure\ripe-atlas-cousteau\ripe\atlas\cousteau\measurement_tagging.py",".py","Skript measurement_tagging.py"
"ripe-atlas-cousteau","infrastructure/ripe-atlas-cousteau","infrastructure\ripe-atlas-cousteau\ripe\atlas\cousteau\measurement.py",".py","Copyright (c) 2016 RIPE NCC"
"ripe-atlas-cousteau","infrastructure/ripe-atlas-cousteau","infrastructure\ripe-atlas-cousteau\ripe\atlas\cousteau\request.py",".py","Copyright (c) 2016 RIPE NCC"
"ripe-atlas-cousteau","infrastructure/ripe-atlas-cousteau","infrastructure\ripe-atlas-cousteau\ripe\atlas\cousteau\source.py",".py","Copyright (c) 2016 RIPE NCC"
"ripe-atlas-cousteau","infrastructure/ripe-atlas-cousteau","infrastructure\ripe-atlas-cousteau\ripe\atlas\cousteau\stream.py",".py","Copyright (c) 2016 RIPE NCC"
"ripe-atlas-cousteau","infrastructure/ripe-atlas-cousteau","infrastructure\ripe-atlas-cousteau\ripe\atlas\cousteau\version.py",".py","Copyright (c) 2016 RIPE NCC"
"ripe-atlas-cousteau","infrastructure/ripe-atlas-cousteau","infrastructure\ripe-atlas-cousteau\ripe\atlas\__init__.py",".py","Copyright (c) 2016 RIPE NCC"
"ripe-atlas-cousteau","infrastructure/ripe-atlas-cousteau","infrastructure\ripe-atlas-cousteau\ripe\__init__.py",".py","Copyright (c) 2016 RIPE NCC"
"ripe-atlas-cousteau","infrastructure/ripe-atlas-cousteau","infrastructure\ripe-atlas-cousteau\tests\__init__.py",".py","Copyright (c) 2015 RIPE NCC"
"ripe-atlas-cousteau","infrastructure/ripe-atlas-cousteau","infrastructure\ripe-atlas-cousteau\tests\test_api_listing.py",".py","Copyright (c) 2015 RIPE NCC"
"ripe-atlas-cousteau","infrastructure/ripe-atlas-cousteau","infrastructure\ripe-atlas-cousteau\tests\test_api_meta_data.py",".py","Copyright (c) 2015 RIPE NCC"
"ripe-atlas-cousteau","infrastructure/ripe-atlas-cousteau","infrastructure\ripe-atlas-cousteau\tests\test_measurement_types.py",".py","Copyright (c) 2015 RIPE NCC"
"ripe-atlas-cousteau","infrastructure/ripe-atlas-cousteau","infrastructure\ripe-atlas-cousteau\tests\test_measurements.py",".py","Copyright (c) 2015 RIPE NCC"
"ripe-atlas-cousteau","infrastructure/ripe-atlas-cousteau","infrastructure\ripe-atlas-cousteau\tests\test_real_server.py",".py","Copyright (c) 2015 RIPE NCC"
"ripe-atlas-cousteau","infrastructure/ripe-atlas-cousteau","infrastructure\ripe-atlas-cousteau\tests\test_requests.py",".py","Copyright (c) 2015 RIPE NCC"
"ripe-atlas-cousteau","infrastructure/ripe-atlas-cousteau","infrastructure\ripe-atlas-cousteau\tests\test_source.py",".py","Copyright (c) 2015 RIPE NCC"
"ripe-atlas-cousteau","infrastructure/ripe-atlas-cousteau","infrastructure\ripe-atlas-cousteau\setup.py",".py","!/usr/bin/env python"
"rpi-nymea","rpi5/rpi-nymea","rpi5\rpi-nymea\Finalni soubory\Aktualizace systému.sh",".sh","Aktualizace seznamu balíčků"
"rpi-nymea","rpi5/rpi-nymea","rpi5\rpi-nymea\Finalni soubory\Diagnostika problémů.sh",".sh","Zobrazení logů nymea v reálném čase"
"rpi-nymea","rpi5/rpi-nymea","rpi5\rpi-nymea\Finalni soubory\Hlavní instalační skript.sh",".sh","!/bin/bash"
"rpi-nymea","rpi5/rpi-nymea","rpi5\rpi-nymea\Finalni soubory\Chytrá meteorologická stanice.py",".py","Projekt: Chytrá meteorologická stanice"
"rpi-nymea","rpi5/rpi-nymea","rpi5\rpi-nymea\Finalni soubory\Implementace projektového managementu.py",".py","Třída pro řízení studentských projektů"
"rpi-nymea","rpi5/rpi-nymea","rpi5\rpi-nymea\Finalni soubory\Instalace a konfigurace nymea pluginů.sh",".sh","Spuštění skriptu pro instalaci pluginů"
"rpi-nymea","rpi5/rpi-nymea","rpi5\rpi-nymea\Finalni soubory\Instalace dalších pluginů.sh",".sh","Zobrazení dostupných pluginů"
"rpi-nymea","rpi5/rpi-nymea","rpi5\rpi-nymea\Finalni soubory\Instalace monitorovacích nástrojů.sh",".sh","Instalace Netdata pro detailní monitoring"
"rpi-nymea","rpi5/rpi-nymea","rpi5\rpi-nymea\Finalni soubory\Instalace systému.sh",".sh","Spuštění instalačního skriptu"
"rpi-nymea","rpi5/rpi-nymea","rpi5\rpi-nymea\Finalni soubory\Integrace s Home Assistant.sh",".sh","Instalace Home Assistant pomocí Docker"
"rpi-nymea","rpi5/rpi-nymea","rpi5\rpi-nymea\Finalni soubory\Kalibrace dotykového displeje.sh",".sh","Instalace kalibračních nástrojů"
"rpi-nymea","rpi5/rpi-nymea","rpi5\rpi-nymea\Finalni soubory\Kompletní konfigurační skript.sh",".sh","!/bin/bash"
"rpi-nymea","rpi5/rpi-nymea","rpi5\rpi-nymea\Finalni soubory\Konfigurace časového pásma a lokalizace.sh",".sh","Nastavení časového pásma pro ČR"
"rpi-nymea","rpi5/rpi-nymea","rpi5\rpi-nymea\Finalni soubory\Konfigurace MQTT brokeru (pokud potřebujete).sh",".sh","Instalace Mosquitto MQTT brokeru"
"rpi-nymea","rpi5/rpi-nymea","rpi5\rpi-nymea\Finalni soubory\Konfigurace sítě a připojení.sh",".sh","Spuštění síťového konfiguračního skriptu"
"rpi-nymea","rpi5/rpi-nymea","rpi5\rpi-nymea\Finalni soubory\Konfigurace systému.sh",".sh","Úprava konfigurace"
"rpi-nymea","rpi5/rpi-nymea","rpi5\rpi-nymea\Finalni soubory\Monitorování výkonu.sh",".sh","Instalace monitorovacích nástrojů"
"rpi-nymea","rpi5/rpi-nymea","rpi5\rpi-nymea\Finalni soubory\Nastavení kiosk režimu.sh",".sh","Úprava konfigurace kiosk režimu"
"rpi-nymea","rpi5/rpi-nymea","rpi5\rpi-nymea\Finalni soubory\Nastavení monitorovacích nástrojů.sh",".sh","Spuštění monitorovacího skriptu"
"rpi-nymea","rpi5/rpi-nymea","rpi5\rpi-nymea\Finalni soubory\Nastavení notifikací.sh",".sh","Instalace notifikačních pluginů"
"rpi-nymea","rpi5/rpi-nymea","rpi5\rpi-nymea\Finalni soubory\Nastavení otáčení obrazovky.sh",".sh","Úprava konfigurace pro otočení obrazovky"
"rpi-nymea","rpi5/rpi-nymea","rpi5\rpi-nymea\Finalni soubory\Nastavení vlastních skriptů a automatizací.sh",".sh","Vytvoření adresáře pro vlastní skripty"
"rpi-nymea","rpi5/rpi-nymea","rpi5\rpi-nymea\Finalni soubory\Nastavení vzdáleného přístupu.sh",".sh","Metoda 1: SSH tunel (bezpečné)"
"rpi-nymea","rpi5/rpi-nymea","rpi5\rpi-nymea\Finalni soubory\Nastavení zálohování.sh",".sh","Vytvoření zálohovacího skriptu"
"rpi-nymea","rpi5/rpi-nymea","rpi5\rpi-nymea\Finalni soubory\Nastavení zálohování2.sh",".sh","!/bin/bash"
"rpi-nymea","rpi5/rpi-nymea","rpi5\rpi-nymea\Finalni soubory\Nastavení zálohování3.sh",".sh","Nastavení práv a spuštění"
"rpi-nymea","rpi5/rpi-nymea","rpi5\rpi-nymea\Finalni soubory\Optimalizace souborového systému.sh",".sh","Přidání optimalizací do /etc/fstab"
"rpi-nymea","rpi5/rpi-nymea","rpi5\rpi-nymea\Finalni soubory\Optimalizace SWAP a paměti.sh",".sh","Úprava SWAP nastavení"
"rpi-nymea","rpi5/rpi-nymea","rpi5\rpi-nymea\Finalni soubory\Pravidelné aktualizace.sh",".sh","Nastavení automatických aktualizací"
"rpi-nymea","rpi5/rpi-nymea","rpi5\rpi-nymea\Finalni soubory\Přidání studenta.sh",".sh","Skript Přidání studenta.sh"
"rpi-nymea","rpi5/rpi-nymea","rpi5\rpi-nymea\Finalni soubory\Připojení k síti.sh",".sh","Zobrazení dostupných WiFi sítí"
"rpi-nymea","rpi5/rpi-nymea","rpi5\rpi-nymea\Finalni soubory\Příprava Raspberry Pi 5.sh",".sh","Instalace základního OS"
"rpi-nymea","rpi5/rpi-nymea","rpi5\rpi-nymea\Finalni soubory\Přiřazení projektu.sh",".sh","Skript Přiřazení projektu.sh"
"rpi-nymea","rpi5/rpi-nymea","rpi5\rpi-nymea\Finalni soubory\rpi5-ultra-advanced-auto-setup.sh",".sh","!/bin/bash"
"rpi-nymea","rpi5/rpi-nymea","rpi5\rpi-nymea\Finalni soubory\setup-network.sh",".sh","!/bin/bash"
"rpi-nymea","rpi5/rpi-nymea","rpi5\rpi-nymea\Finalni soubory\Skript pro automatické diagnostiku a opravy.sh",".sh","Skript pro automatické diagnostiku a opravy"
"rpi-nymea","rpi5/rpi-nymea","rpi5\rpi-nymea\Finalni soubory\Spuštění inicializačního skriptu.sh",".sh","Stažení a spuštění inicializačního skriptu"
"rpi-nymea","rpi5/rpi-nymea","rpi5\rpi-nymea\Finalni soubory\Spuštění kontejnerů.sh",".sh","Build a spuštění Docker kontejnerů"
"rpi-nymea","rpi5/rpi-nymea","rpi5\rpi-nymea\Finalni soubory\Stažení a příprava obrazu nymea-kiosk.sh",".sh","Stažení nejnovějšího obrazu nymea:kiosk"
"rpi-nymea","rpi5/rpi-nymea","rpi5\rpi-nymea\Finalni soubory\Stažení vzdělávacího systému.sh",".sh","Naklonování repozitáře"
"rpi-nymea","rpi5/rpi-nymea","rpi5\rpi-nymea\Finalni soubory\Systematické vyhodnocování studentských prací.py",".py","Třída pro hodnocení studentských projektů"
"rpi-nymea","rpi5/rpi-nymea","rpi5\rpi-nymea\Finalni soubory\Testovací soubor.py",".py","!/usr/bin/env python3"
"rpi-nymea","rpi5/rpi-nymea","rpi5\rpi-nymea\Finalni soubory\Testování funkcionality.sh",".sh","Testování Zigbee sítě"
"rpi-nymea","rpi5/rpi-nymea","rpi5\rpi-nymea\Finalni soubory\Testování základních funkcí.sh",".sh","Kontrola stavu nymea služby"
"rpi-nymea","rpi5/rpi-nymea","rpi5\rpi-nymea\Finalni soubory\Úprava vzhledu a chování kiosku.sh",".sh","Editace konfigurace kiosku"
"rpi-nymea","rpi5/rpi-nymea","rpi5\rpi-nymea\Finalni soubory\Vlastní dashboardy a rozhraní.sh",".sh","Instalace Node-RED pro vlastní dashboardy"
"rpi-nymea","rpi5/rpi-nymea","rpi5\rpi-nymea\Finalni soubory\Výchozí přihlašovací údaje.sh",".sh","Přihlaste se a změňte heslo pro uživatele nymea"
"rpi-nymea","rpi5/rpi-nymea","rpi5\rpi-nymea\Finalni soubory\Vytvoření dokumentace a shrnutí.sh",".sh","Generování shrnutí nastavení"
"rpi-nymea","rpi5/rpi-nymea","rpi5\rpi-nymea\Finalni soubory\Vytvoření komplexního údržbového skriptu.sh",".sh","Stažení údržbového skriptu"
"rpi-nymea","rpi5/rpi-nymea","rpi5\rpi-nymea\Finalni soubory\Vytvoření nového projektu.sh",".sh","Skript Vytvoření nového projektu.sh"
"rpi-nymea","rpi5/rpi-nymea","rpi5\rpi-nymea\Finalni soubory\Vzdálený přístup a zálohování.sh",".sh","Nastavení SSH klíčů pro bezpečnější přístup"
"rpi-nymea","rpi5/rpi-nymea","rpi5\rpi-nymea\Finalni soubory\Zabezpeceni systemu.sh",".sh","Instalace základních bezpečnostních nástrojů"
"rpi-nymea","rpi5/rpi-nymea","rpi5\rpi-nymea\Finalni soubory\Zakázání nepotřebných služeb2.sh",".sh","Seznam a zastavení nepotřebných služeb"
"rpi-nymea","rpi5/rpi-nymea","rpi5\rpi-nymea\Finalni soubory\Zobrazení hodnocení.sh",".sh","Skript Zobrazení hodnocení.sh"
"rpi-nymea","rpi5/rpi-nymea","rpi5\rpi-nymea\guide\Příprava Raspberry Pi 5.sh",".sh","Instalace základního OS"
"rpi-nymea","rpi5/rpi-nymea","rpi5\rpi-nymea\guide\Spuštění inicializačního skriptu.sh",".sh","Stažení a spuštění inicializačního skriptu"
"rpi-nymea","rpi5/rpi-nymea","rpi5\rpi-nymea\guide\Stažení a příprava obrazu nymea-kiosk.sh",".sh","Stažení nejnovějšího obrazu nymea:kiosk"
"rpi-nymea","rpi5/rpi-nymea","rpi5\rpi-nymea\guide\Stažení_instalace_instalačního_skriptu.sh",".sh","Stažení instalačního skriptu"
"rpi-nymea","rpi5/rpi-nymea","rpi5\rpi-nymea\guide\Výchozí přihlašovací údaje.sh",".sh","Přihlaste se a změňte heslo pro uživatele nymea"
"rpi-nymea","rpi5/rpi-nymea","rpi5\rpi-nymea\instal skripty\Hlavní instalační skript.sh",".sh","!/bin/bash"
"rpi-nymea","rpi5/rpi-nymea","rpi5\rpi-nymea\instal skripty\Instalace systému.sh",".sh","Spuštění instalačního skriptu"
"rpi-nymea","rpi5/rpi-nymea","rpi5\rpi-nymea\instal skripty\Stažení vzdělávacího systému.sh",".sh","Naklonování repozitáře"
"rpi-nymea","rpi5/rpi-nymea","rpi5\rpi-nymea\Kompletní konfigurační skript\Kompletní konfigurační skript.sh",".sh","!/bin/bash"
"rpi-nymea","rpi5/rpi-nymea","rpi5\rpi-nymea\nastaveni\Aktualizace systému.sh",".sh","Aktualizace seznamu balíčků"
"rpi-nymea","rpi5/rpi-nymea","rpi5\rpi-nymea\nastaveni\Diagnostika problémů.sh",".sh","Zobrazení logů nymea v reálném čase"
"rpi-nymea","rpi5/rpi-nymea","rpi5\rpi-nymea\nastaveni\Instalace monitorovacích nástrojů.sh",".sh","Instalace Netdata pro detailní monitoring"
"rpi-nymea","rpi5/rpi-nymea","rpi5\rpi-nymea\nastaveni\Kalibrace dotykového displeje.sh",".sh","Instalace kalibračních nástrojů"
"rpi-nymea","rpi5/rpi-nymea","rpi5\rpi-nymea\nastaveni\Konfigurace časového pásma a lokalizace.sh",".sh","Nastavení časového pásma pro ČR"
"rpi-nymea","rpi5/rpi-nymea","rpi5\rpi-nymea\nastaveni\Konfigurace sítě a připojení.sh",".sh","Spuštění síťového konfiguračního skriptu"
"rpi-nymea","rpi5/rpi-nymea","rpi5\rpi-nymea\nastaveni\Konfigurace systému.sh",".sh","Úprava konfigurace"
"rpi-nymea","rpi5/rpi-nymea","rpi5\rpi-nymea\nastaveni\Monitorování výkonu.sh",".sh","Instalace monitorovacích nástrojů"
"rpi-nymea","rpi5/rpi-nymea","rpi5\rpi-nymea\nastaveni\Nastavení kiosk režimu.sh",".sh","Úprava konfigurace kiosk režimu"
"rpi-nymea","rpi5/rpi-nymea","rpi5\rpi-nymea\nastaveni\Nastavení monitorovacích nástrojů.sh",".sh","Spuštění monitorovacího skriptu"
"rpi-nymea","rpi5/rpi-nymea","rpi5\rpi-nymea\nastaveni\Nastavení notifikací.sh",".sh","Instalace notifikačních pluginů"
"rpi-nymea","rpi5/rpi-nymea","rpi5\rpi-nymea\nastaveni\Nastavení otáčení obrazovky.sh",".sh","Úprava konfigurace pro otočení obrazovky"
"rpi-nymea","rpi5/rpi-nymea","rpi5\rpi-nymea\nastaveni\Nastavení vzdáleného přístupu.sh",".sh","Metoda 1: SSH tunel (bezpečné)"
"rpi-nymea","rpi5/rpi-nymea","rpi5\rpi-nymea\nastaveni\Nastavení zálohování.sh",".sh","Vytvoření zálohovacího skriptu"
"rpi-nymea","rpi5/rpi-nymea","rpi5\rpi-nymea\nastaveni\Nastavení zálohování2.sh",".sh","!/bin/bash"
"rpi-nymea","rpi5/rpi-nymea","rpi5\rpi-nymea\nastaveni\Nastavení zálohování3.sh",".sh","Nastavení práv a spuštění"
"rpi-nymea","rpi5/rpi-nymea","rpi5\rpi-nymea\nastaveni\Optimalizace souborového systému.sh",".sh","Přidání optimalizací do /etc/fstab"
"rpi-nymea","rpi5/rpi-nymea","rpi5\rpi-nymea\nastaveni\Připojení k síti.sh",".sh","Zobrazení dostupných WiFi sítí"
"rpi-nymea","rpi5/rpi-nymea","rpi5\rpi-nymea\nastaveni\setup-network.sh",".sh","!/bin/bash"
"rpi-nymea","rpi5/rpi-nymea","rpi5\rpi-nymea\nastaveni\Skript pro automatické diagnostiku a opravy.sh",".sh","Skript pro automatické diagnostiku a opravy"
"rpi-nymea","rpi5/rpi-nymea","rpi5\rpi-nymea\nastaveni\Spuštění kontejnerů.sh",".sh","Build a spuštění Docker kontejnerů"
"rpi-nymea","rpi5/rpi-nymea","rpi5\rpi-nymea\nastaveni\Statická IP adresa.sh",".sh","Editace síťového nastavení"
"rpi-nymea","rpi5/rpi-nymea","rpi5\rpi-nymea\nastaveni\Testování funkcionality.sh",".sh","Testování Zigbee sítě"
"rpi-nymea","rpi5/rpi-nymea","rpi5\rpi-nymea\nastaveni\Testování základních funkcí.sh",".sh","Kontrola stavu nymea služby"
"rpi-nymea","rpi5/rpi-nymea","rpi5\rpi-nymea\nastaveni\Vzdálený přístup a zálohování.sh",".sh","Nastavení SSH klíčů pro bezpečnější přístup"
"rpi-nymea","rpi5/rpi-nymea","rpi5\rpi-nymea\nastaveni\Zabezpeceni systemu.sh",".sh","Instalace základních bezpečnostních nástrojů"
"rpi-nymea","rpi5/rpi-nymea","rpi5\rpi-nymea\nastaveni\Zakázání nepotřebných služeb2.sh",".sh","Seznam a zastavení nepotřebných služeb"
"rpi-nymea","rpi5/rpi-nymea","rpi5\rpi-nymea\puvodni instalacni soubory\rpi5-advanced-auto-setup.sh",".sh","!/bin/bash"
"rpi-nymea","rpi5/rpi-nymea","rpi5\rpi-nymea\puvodni instalacni soubory\rpi5-advanced-setup.sh",".sh","!/bin/bash"
"rpi-nymea","rpi5/rpi-nymea","rpi5\rpi-nymea\puvodni instalacni soubory\rpi5-setup_v2.sh",".sh","!/bin/bash"
"rpi-nymea","rpi5/rpi-nymea","rpi5\rpi-nymea\puvodni instalacni soubory\rpi5-setup.sh",".sh","!/bin/bash"
"rpi-nymea","rpi5/rpi-nymea","rpi5\rpi-nymea\puvodni instalacni soubory\rpi5-ultra-advanced-auto-setup.sh",".sh","!/bin/bash"
"rpi-nymea","rpi5/rpi-nymea","rpi5\rpi-nymea\sprava\Instalace a konfigurace nymea pluginů.sh",".sh","Spuštění skriptu pro instalaci pluginů"
"rpi-nymea","rpi5/rpi-nymea","rpi5\rpi-nymea\sprava\Instalace dalších pluginů.sh",".sh","Zobrazení dostupných pluginů"
"rpi-nymea","rpi5/rpi-nymea","rpi5\rpi-nymea\sprava\Integrace s Home Assistant.sh",".sh","Instalace Home Assistant pomocí Docker"
"rpi-nymea","rpi5/rpi-nymea","rpi5\rpi-nymea\sprava\Konfigurace MQTT brokeru (pokud potřebujete).sh",".sh","Instalace Mosquitto MQTT brokeru"
"rpi-nymea","rpi5/rpi-nymea","rpi5\rpi-nymea\sprava\Nastavení vlastních skriptů a automatizací.sh",".sh","Vytvoření adresáře pro vlastní skripty"
"rpi-nymea","rpi5/rpi-nymea","rpi5\rpi-nymea\sprava\Nastavení vzdáleného přístupu a zálohování.sh",".sh","Spuštění skriptu pro vzdálený přístup"
"rpi-nymea","rpi5/rpi-nymea","rpi5\rpi-nymea\sprava\Optimalizace SWAP a paměti.sh",".sh","Úprava SWAP nastavení"
"rpi-nymea","rpi5/rpi-nymea","rpi5\rpi-nymea\sprava\Optimalizace výkonu pro Raspberry Pi.sh",".sh","Spuštění optimalizačního skriptu"
"rpi-nymea","rpi5/rpi-nymea","rpi5\rpi-nymea\sprava\Pravidelné aktualizace.sh",".sh","Nastavení automatických aktualizací"
"rpi-nymea","rpi5/rpi-nymea","rpi5\rpi-nymea\sprava\Přidání studenta.sh",".sh","Skript Přidání studenta.sh"
"rpi-nymea","rpi5/rpi-nymea","rpi5\rpi-nymea\sprava\Přiřazení projektu.sh",".sh","Skript Přiřazení projektu.sh"
"rpi-nymea","rpi5/rpi-nymea","rpi5\rpi-nymea\sprava\Úprava vzhledu a chování kiosku.sh",".sh","Editace konfigurace kiosku"
"rpi-nymea","rpi5/rpi-nymea","rpi5\rpi-nymea\sprava\Vlastní dashboardy a rozhraní.sh",".sh","Instalace Node-RED pro vlastní dashboardy"
"rpi-nymea","rpi5/rpi-nymea","rpi5\rpi-nymea\sprava\Vytvoření dokumentace a shrnutí.sh",".sh","Generování shrnutí nastavení"
"rpi-nymea","rpi5/rpi-nymea","rpi5\rpi-nymea\sprava\Vytvoření komplexního údržbového skriptu.sh",".sh","Stažení údržbového skriptu"
"rpi-nymea","rpi5/rpi-nymea","rpi5\rpi-nymea\sprava\Vytvoření nového projektu.sh",".sh","Skript Vytvoření nového projektu.sh"
"rpi-nymea","rpi5/rpi-nymea","rpi5\rpi-nymea\sprava\Zakázání nepotřebných služeb.sh",".sh","Kontrola aktivních služeb"
"rpi-nymea","rpi5/rpi-nymea","rpi5\rpi-nymea\sprava\Základní zabezpečení systému.sh",".sh","Spuštění bezpečnostního skriptu"
"rpi-nymea","rpi5/rpi-nymea","rpi5\rpi-nymea\sprava\Zobrazení hodnocení.sh",".sh","Skript Zobrazení hodnocení.sh"
"rpi-nymea","rpi5/rpi-nymea","rpi5\rpi-nymea\example.py",".py","Ukázka vytvoření projektové šablony v Pythonu"
"rpi-nymea","rpi5/rpi-nymea","rpi5\rpi-nymea\Chytrá meteorologická stanice.py",".py","Projekt: Chytrá meteorologická stanice"
"rpi-nymea","rpi5/rpi-nymea","rpi5\rpi-nymea\Implementace projektového managementu.py",".py","Třída pro řízení studentských projektů"
"rpi-nymea","rpi5/rpi-nymea","rpi5\rpi-nymea\Systematické vyhodnocování studentských prací.py",".py","Třída pro hodnocení studentských projektů"
"rpi-nymea","rpi5/rpi-nymea","rpi5\rpi-nymea\Testovací soubor.py",".py","!/usr/bin/env python3"
"rpi5-github-catalog","rpi5/rpi5-github-catalog","rpi5\rpi5-github-catalog\venv\bin\Activate.ps1",".ps1","Skript Activate.ps1"
"rpi5-github-catalog","rpi5/rpi5-github-catalog","rpi5\rpi5-github-catalog\venv\lib\python3.11\site-packages\_distutils_hack\__init__.py",".py","don't import any costly modules"
"rpi5-github-catalog","rpi5/rpi5-github-catalog","rpi5\rpi5-github-catalog\venv\lib\python3.11\site-packages\_distutils_hack\override.py",".py","Skript override.py"
"rpi5-github-catalog","rpi5/rpi5-github-catalog","rpi5\rpi5-github-catalog\venv\lib\python3.11\site-packages\certifi\__init__.py",".py","Skript __init__.py"
"rpi5-github-catalog","rpi5/rpi5-github-catalog","rpi5\rpi5-github-catalog\venv\lib\python3.11\site-packages\certifi\__main__.py",".py","Skript __main__.py"
"rpi5-github-catalog","rpi5/rpi5-github-catalog","rpi5\rpi5-github-catalog\venv\lib\python3.11\site-packages\certifi\core.py",".py","Skript core.py"
"rpi5-github-catalog","rpi5/rpi5-github-catalog","rpi5\rpi5-github-catalog\venv\lib\python3.11\site-packages\charset_normalizer\cli\__init__.py",".py","Skript __init__.py"
"rpi5-github-catalog","rpi5/rpi5-github-catalog","rpi5\rpi5-github-catalog\venv\lib\python3.11\site-packages\charset_normalizer\cli\__main__.py",".py","Skript __main__.py"
"rpi5-github-catalog","rpi5/rpi5-github-catalog","rpi5\rpi5-github-catalog\venv\lib\python3.11\site-packages\charset_normalizer\__init__.py",".py","Skript __init__.py"
"rpi5-github-catalog","rpi5/rpi5-github-catalog","rpi5\rpi5-github-catalog\venv\lib\python3.11\site-packages\charset_normalizer\__main__.py",".py","Skript __main__.py"
"rpi5-github-catalog","rpi5/rpi5-github-catalog","rpi5\rpi5-github-catalog\venv\lib\python3.11\site-packages\charset_normalizer\api.py",".py","Skript api.py"
"rpi5-github-catalog","rpi5/rpi5-github-catalog","rpi5\rpi5-github-catalog\venv\lib\python3.11\site-packages\charset_normalizer\cd.py",".py","Skript cd.py"
"rpi5-github-catalog","rpi5/rpi5-github-catalog","rpi5\rpi5-github-catalog\venv\lib\python3.11\site-packages\charset_normalizer\constant.py",".py","Skript constant.py"
"rpi5-github-catalog","rpi5/rpi5-github-catalog","rpi5\rpi5-github-catalog\venv\lib\python3.11\site-packages\charset_normalizer\legacy.py",".py","Skript legacy.py"
"rpi5-github-catalog","rpi5/rpi5-github-catalog","rpi5\rpi5-github-catalog\venv\lib\python3.11\site-packages\charset_normalizer\md.py",".py","Skript md.py"
"rpi5-github-catalog","rpi5/rpi5-github-catalog","rpi5\rpi5-github-catalog\venv\lib\python3.11\site-packages\charset_normalizer\models.py",".py","Skript models.py"
"rpi5-github-catalog","rpi5/rpi5-github-catalog","rpi5\rpi5-github-catalog\venv\lib\python3.11\site-packages\charset_normalizer\utils.py",".py","Skript utils.py"
"rpi5-github-catalog","rpi5/rpi5-github-catalog","rpi5\rpi5-github-catalog\venv\lib\python3.11\site-packages\charset_normalizer\version.py",".py","Skript version.py"
"rpi5-github-catalog","rpi5/rpi5-github-catalog","rpi5\rpi5-github-catalog\venv\lib\python3.11\site-packages\idna\__init__.py",".py","Skript __init__.py"
"rpi5-github-catalog","rpi5/rpi5-github-catalog","rpi5\rpi5-github-catalog\venv\lib\python3.11\site-packages\idna\codec.py",".py","Skript codec.py"
"rpi5-github-catalog","rpi5/rpi5-github-catalog","rpi5\rpi5-github-catalog\venv\lib\python3.11\site-packages\idna\compat.py",".py","Skript compat.py"
"rpi5-github-catalog","rpi5/rpi5-github-catalog","rpi5\rpi5-github-catalog\venv\lib\python3.11\site-packages\idna\core.py",".py","Skript core.py"
"rpi5-github-catalog","rpi5/rpi5-github-catalog","rpi5\rpi5-github-catalog\venv\lib\python3.11\site-packages\idna\idnadata.py",".py","This file is automatically generated by tools/idna-data"
"rpi5-github-catalog","rpi5/rpi5-github-catalog","rpi5\rpi5-github-catalog\venv\lib\python3.11\site-packages\idna\intranges.py",".py","Skript intranges.py"
"rpi5-github-catalog","rpi5/rpi5-github-catalog","rpi5\rpi5-github-catalog\venv\lib\python3.11\site-packages\idna\package_data.py",".py","Skript package_data.py"
"rpi5-github-catalog","rpi5/rpi5-github-catalog","rpi5\rpi5-github-catalog\venv\lib\python3.11\site-packages\idna\uts46data.py",".py","This file is automatically generated by tools/idna-data"
"rpi5-github-catalog","rpi5/rpi5-github-catalog","rpi5\rpi5-github-catalog\venv\lib\python3.11\site-packages\pip\_internal\cli\__init__.py",".py","This file intentionally does not import submodules"
"rpi5-github-catalog","rpi5/rpi5-github-catalog","rpi5\rpi5-github-catalog\venv\lib\python3.11\site-packages\pip\_internal\cli\autocompletion.py",".py","Skript autocompletion.py"
"rpi5-github-catalog","rpi5/rpi5-github-catalog","rpi5\rpi5-github-catalog\venv\lib\python3.11\site-packages\pip\_internal\cli\base_command.py",".py","Skript base_command.py"
"rpi5-github-catalog","rpi5/rpi5-github-catalog","rpi5\rpi5-github-catalog\venv\lib\python3.11\site-packages\pip\_internal\cli\cmdoptions.py",".py","Skript cmdoptions.py"
"rpi5-github-catalog","rpi5/rpi5-github-catalog","rpi5\rpi5-github-catalog\venv\lib\python3.11\site-packages\pip\_internal\cli\command_context.py",".py","Skript command_context.py"
"rpi5-github-catalog","rpi5/rpi5-github-catalog","rpi5\rpi5-github-catalog\venv\lib\python3.11\site-packages\pip\_internal\cli\main_parser.py",".py","Skript main_parser.py"
"rpi5-github-catalog","rpi5/rpi5-github-catalog","rpi5\rpi5-github-catalog\venv\lib\python3.11\site-packages\pip\_internal\cli\main.py",".py","Skript main.py"
"rpi5-github-catalog","rpi5/rpi5-github-catalog","rpi5\rpi5-github-catalog\venv\lib\python3.11\site-packages\pip\_internal\cli\parser.py",".py","Skript parser.py"
"rpi5-github-catalog","rpi5/rpi5-github-catalog","rpi5\rpi5-github-catalog\venv\lib\python3.11\site-packages\pip\_internal\cli\progress_bars.py",".py","Skript progress_bars.py"
"rpi5-github-catalog","rpi5/rpi5-github-catalog","rpi5\rpi5-github-catalog\venv\lib\python3.11\site-packages\pip\_internal\cli\req_command.py",".py","Skript req_command.py"
"rpi5-github-catalog","rpi5/rpi5-github-catalog","rpi5\rpi5-github-catalog\venv\lib\python3.11\site-packages\pip\_internal\cli\spinners.py",".py","Skript spinners.py"
"rpi5-github-catalog","rpi5/rpi5-github-catalog","rpi5\rpi5-github-catalog\venv\lib\python3.11\site-packages\pip\_internal\cli\status_codes.py",".py","Skript status_codes.py"
"rpi5-github-catalog","rpi5/rpi5-github-catalog","rpi5\rpi5-github-catalog\venv\lib\python3.11\site-packages\pip\_internal\commands\__init__.py",".py","Skript __init__.py"
"rpi5-github-catalog","rpi5/rpi5-github-catalog","rpi5\rpi5-github-catalog\venv\lib\python3.11\site-packages\pip\_internal\commands\cache.py",".py","Skript cache.py"
"rpi5-github-catalog","rpi5/rpi5-github-catalog","rpi5\rpi5-github-catalog\venv\lib\python3.11\site-packages\pip\_internal\commands\completion.py",".py","Skript completion.py"
"rpi5-github-catalog","rpi5/rpi5-github-catalog","rpi5\rpi5-github-catalog\venv\lib\python3.11\site-packages\pip\_internal\commands\configuration.py",".py","Skript configuration.py"
"rpi5-github-catalog","rpi5/rpi5-github-catalog","rpi5\rpi5-github-catalog\venv\lib\python3.11\site-packages\pip\_internal\commands\debug.py",".py","Skript debug.py"
"rpi5-github-catalog","rpi5/rpi5-github-catalog","rpi5\rpi5-github-catalog\venv\lib\python3.11\site-packages\pip\_internal\commands\download.py",".py","Skript download.py"
"rpi5-github-catalog","rpi5/rpi5-github-catalog","rpi5\rpi5-github-catalog\venv\lib\python3.11\site-packages\pip\_internal\commands\freeze.py",".py","Skript freeze.py"
"rpi5-github-catalog","rpi5/rpi5-github-catalog","rpi5\rpi5-github-catalog\venv\lib\python3.11\site-packages\pip\_internal\commands\hash.py",".py","Skript hash.py"
"rpi5-github-catalog","rpi5/rpi5-github-catalog","rpi5\rpi5-github-catalog\venv\lib\python3.11\site-packages\pip\_internal\commands\help.py",".py","Skript help.py"
"rpi5-github-catalog","rpi5/rpi5-github-catalog","rpi5\rpi5-github-catalog\venv\lib\python3.11\site-packages\pip\_internal\commands\check.py",".py","Skript check.py"
"rpi5-github-catalog","rpi5/rpi5-github-catalog","rpi5\rpi5-github-catalog\venv\lib\python3.11\site-packages\pip\_internal\commands\index.py",".py","Skript index.py"
"rpi5-github-catalog","rpi5/rpi5-github-catalog","rpi5\rpi5-github-catalog\venv\lib\python3.11\site-packages\pip\_internal\commands\inspect.py",".py","Skript inspect.py"
"rpi5-github-catalog","rpi5/rpi5-github-catalog","rpi5\rpi5-github-catalog\venv\lib\python3.11\site-packages\pip\_internal\commands\install.py",".py","Skript install.py"
"rpi5-github-catalog","rpi5/rpi5-github-catalog","rpi5\rpi5-github-catalog\venv\lib\python3.11\site-packages\pip\_internal\commands\list.py",".py","Skript list.py"
"rpi5-github-catalog","rpi5/rpi5-github-catalog","rpi5\rpi5-github-catalog\venv\lib\python3.11\site-packages\pip\_internal\commands\search.py",".py","Skript search.py"
"rpi5-github-catalog","rpi5/rpi5-github-catalog","rpi5\rpi5-github-catalog\venv\lib\python3.11\site-packages\pip\_internal\commands\show.py",".py","Skript show.py"
"rpi5-github-catalog","rpi5/rpi5-github-catalog","rpi5\rpi5-github-catalog\venv\lib\python3.11\site-packages\pip\_internal\commands\uninstall.py",".py","Skript uninstall.py"
"rpi5-github-catalog","rpi5/rpi5-github-catalog","rpi5\rpi5-github-catalog\venv\lib\python3.11\site-packages\pip\_internal\commands\wheel.py",".py","Skript wheel.py"
"rpi5-github-catalog","rpi5/rpi5-github-catalog","rpi5\rpi5-github-catalog\venv\lib\python3.11\site-packages\pip\_internal\distributions\__init__.py",".py","Skript __init__.py"
"rpi5-github-catalog","rpi5/rpi5-github-catalog","rpi5\rpi5-github-catalog\venv\lib\python3.11\site-packages\pip\_internal\distributions\base.py",".py","Skript base.py"
"rpi5-github-catalog","rpi5/rpi5-github-catalog","rpi5\rpi5-github-catalog\venv\lib\python3.11\site-packages\pip\_internal\distributions\installed.py",".py","Skript installed.py"
"rpi5-github-catalog","rpi5/rpi5-github-catalog","rpi5\rpi5-github-catalog\venv\lib\python3.11\site-packages\pip\_internal\distributions\sdist.py",".py","Skript sdist.py"
"rpi5-github-catalog","rpi5/rpi5-github-catalog","rpi5\rpi5-github-catalog\venv\lib\python3.11\site-packages\pip\_internal\distributions\wheel.py",".py","Skript wheel.py"
"rpi5-github-catalog","rpi5/rpi5-github-catalog","rpi5\rpi5-github-catalog\venv\lib\python3.11\site-packages\pip\_internal\index\__init__.py",".py","Skript __init__.py"
"rpi5-github-catalog","rpi5/rpi5-github-catalog","rpi5\rpi5-github-catalog\venv\lib\python3.11\site-packages\pip\_internal\index\collector.py",".py","Skript collector.py"
"rpi5-github-catalog","rpi5/rpi5-github-catalog","rpi5\rpi5-github-catalog\venv\lib\python3.11\site-packages\pip\_internal\index\package_finder.py",".py","Skript package_finder.py"
"rpi5-github-catalog","rpi5/rpi5-github-catalog","rpi5\rpi5-github-catalog\venv\lib\python3.11\site-packages\pip\_internal\index\sources.py",".py","Skript sources.py"
"rpi5-github-catalog","rpi5/rpi5-github-catalog","rpi5\rpi5-github-catalog\venv\lib\python3.11\site-packages\pip\_internal\locations\__init__.py",".py","Skript __init__.py"
"rpi5-github-catalog","rpi5/rpi5-github-catalog","rpi5\rpi5-github-catalog\venv\lib\python3.11\site-packages\pip\_internal\locations\_distutils.py",".py","The following comment should be removed at some point in the future."
"rpi5-github-catalog","rpi5/rpi5-github-catalog","rpi5\rpi5-github-catalog\venv\lib\python3.11\site-packages\pip\_internal\locations\_sysconfig.py",".py","Skript _sysconfig.py"
"rpi5-github-catalog","rpi5/rpi5-github-catalog","rpi5\rpi5-github-catalog\venv\lib\python3.11\site-packages\pip\_internal\locations\base.py",".py","Skript base.py"
"rpi5-github-catalog","rpi5/rpi5-github-catalog","rpi5\rpi5-github-catalog\venv\lib\python3.11\site-packages\pip\_internal\metadata\importlib\__init__.py",".py","Skript __init__.py"
"rpi5-github-catalog","rpi5/rpi5-github-catalog","rpi5\rpi5-github-catalog\venv\lib\python3.11\site-packages\pip\_internal\metadata\importlib\_compat.py",".py","Skript _compat.py"
"rpi5-github-catalog","rpi5/rpi5-github-catalog","rpi5\rpi5-github-catalog\venv\lib\python3.11\site-packages\pip\_internal\metadata\importlib\_dists.py",".py","Skript _dists.py"
"rpi5-github-catalog","rpi5/rpi5-github-catalog","rpi5\rpi5-github-catalog\venv\lib\python3.11\site-packages\pip\_internal\metadata\importlib\_envs.py",".py","Skript _envs.py"
"rpi5-github-catalog","rpi5/rpi5-github-catalog","rpi5\rpi5-github-catalog\venv\lib\python3.11\site-packages\pip\_internal\metadata\__init__.py",".py","Skript __init__.py"
"rpi5-github-catalog","rpi5/rpi5-github-catalog","rpi5\rpi5-github-catalog\venv\lib\python3.11\site-packages\pip\_internal\metadata\_json.py",".py","Extracted from https://github.com/pfmoore/pkg_metadata"
"rpi5-github-catalog","rpi5/rpi5-github-catalog","rpi5\rpi5-github-catalog\venv\lib\python3.11\site-packages\pip\_internal\metadata\base.py",".py","Skript base.py"
"rpi5-github-catalog","rpi5/rpi5-github-catalog","rpi5\rpi5-github-catalog\venv\lib\python3.11\site-packages\pip\_internal\metadata\pkg_resources.py",".py","Skript pkg_resources.py"
"rpi5-github-catalog","rpi5/rpi5-github-catalog","rpi5\rpi5-github-catalog\venv\lib\python3.11\site-packages\pip\_internal\models\__init__.py",".py","Skript __init__.py"
"rpi5-github-catalog","rpi5/rpi5-github-catalog","rpi5\rpi5-github-catalog\venv\lib\python3.11\site-packages\pip\_internal\models\candidate.py",".py","Skript candidate.py"
"rpi5-github-catalog","rpi5/rpi5-github-catalog","rpi5\rpi5-github-catalog\venv\lib\python3.11\site-packages\pip\_internal\models\direct_url.py",".py","Skript direct_url.py"
"rpi5-github-catalog","rpi5/rpi5-github-catalog","rpi5\rpi5-github-catalog\venv\lib\python3.11\site-packages\pip\_internal\models\format_control.py",".py","Skript format_control.py"
"rpi5-github-catalog","rpi5/rpi5-github-catalog","rpi5\rpi5-github-catalog\venv\lib\python3.11\site-packages\pip\_internal\models\index.py",".py","Skript index.py"
"rpi5-github-catalog","rpi5/rpi5-github-catalog","rpi5\rpi5-github-catalog\venv\lib\python3.11\site-packages\pip\_internal\models\installation_report.py",".py","Skript installation_report.py"
"rpi5-github-catalog","rpi5/rpi5-github-catalog","rpi5\rpi5-github-catalog\venv\lib\python3.11\site-packages\pip\_internal\models\link.py",".py","Skript link.py"
"rpi5-github-catalog","rpi5/rpi5-github-catalog","rpi5\rpi5-github-catalog\venv\lib\python3.11\site-packages\pip\_internal\models\search_scope.py",".py","Skript search_scope.py"
"rpi5-github-catalog","rpi5/rpi5-github-catalog","rpi5\rpi5-github-catalog\venv\lib\python3.11\site-packages\pip\_internal\models\selection_prefs.py",".py","Skript selection_prefs.py"
"rpi5-github-catalog","rpi5/rpi5-github-catalog","rpi5\rpi5-github-catalog\venv\lib\python3.11\site-packages\pip\_internal\models\scheme.py",".py","Skript scheme.py"
"rpi5-github-catalog","rpi5/rpi5-github-catalog","rpi5\rpi5-github-catalog\venv\lib\python3.11\site-packages\pip\_internal\models\target_python.py",".py","Skript target_python.py"
"rpi5-github-catalog","rpi5/rpi5-github-catalog","rpi5\rpi5-github-catalog\venv\lib\python3.11\site-packages\pip\_internal\models\wheel.py",".py","Skript wheel.py"
"rpi5-github-catalog","rpi5/rpi5-github-catalog","rpi5\rpi5-github-catalog\venv\lib\python3.11\site-packages\pip\_internal\network\__init__.py",".py","Skript __init__.py"
"rpi5-github-catalog","rpi5/rpi5-github-catalog","rpi5\rpi5-github-catalog\venv\lib\python3.11\site-packages\pip\_internal\network\auth.py",".py","Skript auth.py"
"rpi5-github-catalog","rpi5/rpi5-github-catalog","rpi5\rpi5-github-catalog\venv\lib\python3.11\site-packages\pip\_internal\network\cache.py",".py","Skript cache.py"
"rpi5-github-catalog","rpi5/rpi5-github-catalog","rpi5\rpi5-github-catalog\venv\lib\python3.11\site-packages\pip\_internal\network\download.py",".py","Skript download.py"
"rpi5-github-catalog","rpi5/rpi5-github-catalog","rpi5\rpi5-github-catalog\venv\lib\python3.11\site-packages\pip\_internal\network\lazy_wheel.py",".py","Skript lazy_wheel.py"
"rpi5-github-catalog","rpi5/rpi5-github-catalog","rpi5\rpi5-github-catalog\venv\lib\python3.11\site-packages\pip\_internal\network\session.py",".py","Skript session.py"
"rpi5-github-catalog","rpi5/rpi5-github-catalog","rpi5\rpi5-github-catalog\venv\lib\python3.11\site-packages\pip\_internal\network\utils.py",".py","Skript utils.py"
"rpi5-github-catalog","rpi5/rpi5-github-catalog","rpi5\rpi5-github-catalog\venv\lib\python3.11\site-packages\pip\_internal\network\xmlrpc.py",".py","Skript xmlrpc.py"
"rpi5-github-catalog","rpi5/rpi5-github-catalog","rpi5\rpi5-github-catalog\venv\lib\python3.11\site-packages\pip\_internal\operations\build\__init__.py",".py","Skript __init__.py"
"rpi5-github-catalog","rpi5/rpi5-github-catalog","rpi5\rpi5-github-catalog\venv\lib\python3.11\site-packages\pip\_internal\operations\build\build_tracker.py",".py","Skript build_tracker.py"
"rpi5-github-catalog","rpi5/rpi5-github-catalog","rpi5\rpi5-github-catalog\venv\lib\python3.11\site-packages\pip\_internal\operations\build\metadata_editable.py",".py","Skript metadata_editable.py"
"rpi5-github-catalog","rpi5/rpi5-github-catalog","rpi5\rpi5-github-catalog\venv\lib\python3.11\site-packages\pip\_internal\operations\build\metadata_legacy.py",".py","Skript metadata_legacy.py"
"rpi5-github-catalog","rpi5/rpi5-github-catalog","rpi5\rpi5-github-catalog\venv\lib\python3.11\site-packages\pip\_internal\operations\build\metadata.py",".py","Skript metadata.py"
"rpi5-github-catalog","rpi5/rpi5-github-catalog","rpi5\rpi5-github-catalog\venv\lib\python3.11\site-packages\pip\_internal\operations\build\wheel_editable.py",".py","Skript wheel_editable.py"
"rpi5-github-catalog","rpi5/rpi5-github-catalog","rpi5\rpi5-github-catalog\venv\lib\python3.11\site-packages\pip\_internal\operations\build\wheel_legacy.py",".py","Skript wheel_legacy.py"
"rpi5-github-catalog","rpi5/rpi5-github-catalog","rpi5\rpi5-github-catalog\venv\lib\python3.11\site-packages\pip\_internal\operations\build\wheel.py",".py","Skript wheel.py"
"rpi5-github-catalog","rpi5/rpi5-github-catalog","rpi5\rpi5-github-catalog\venv\lib\python3.11\site-packages\pip\_internal\operations\install\__init__.py",".py","Skript __init__.py"
"rpi5-github-catalog","rpi5/rpi5-github-catalog","rpi5\rpi5-github-catalog\venv\lib\python3.11\site-packages\pip\_internal\operations\install\editable_legacy.py",".py","Skript editable_legacy.py"
"rpi5-github-catalog","rpi5/rpi5-github-catalog","rpi5\rpi5-github-catalog\venv\lib\python3.11\site-packages\pip\_internal\operations\install\legacy.py",".py","Skript legacy.py"
"rpi5-github-catalog","rpi5/rpi5-github-catalog","rpi5\rpi5-github-catalog\venv\lib\python3.11\site-packages\pip\_internal\operations\install\wheel.py",".py","Skript wheel.py"
"rpi5-github-catalog","rpi5/rpi5-github-catalog","rpi5\rpi5-github-catalog\venv\lib\python3.11\site-packages\pip\_internal\operations\__init__.py",".py","Skript __init__.py"
"rpi5-github-catalog","rpi5/rpi5-github-catalog","rpi5\rpi5-github-catalog\venv\lib\python3.11\site-packages\pip\_internal\operations\freeze.py",".py","Skript freeze.py"
"rpi5-github-catalog","rpi5/rpi5-github-catalog","rpi5\rpi5-github-catalog\venv\lib\python3.11\site-packages\pip\_internal\operations\check.py",".py","Skript check.py"
"rpi5-github-catalog","rpi5/rpi5-github-catalog","rpi5\rpi5-github-catalog\venv\lib\python3.11\site-packages\pip\_internal\operations\prepare.py",".py","The following comment should be removed at some point in the future."
"rpi5-github-catalog","rpi5/rpi5-github-catalog","rpi5\rpi5-github-catalog\venv\lib\python3.11\site-packages\pip\_internal\req\__init__.py",".py","Skript __init__.py"
"rpi5-github-catalog","rpi5/rpi5-github-catalog","rpi5\rpi5-github-catalog\venv\lib\python3.11\site-packages\pip\_internal\req\constructors.py",".py","Skript constructors.py"
"rpi5-github-catalog","rpi5/rpi5-github-catalog","rpi5\rpi5-github-catalog\venv\lib\python3.11\site-packages\pip\_internal\req\req_file.py",".py","Skript req_file.py"
"rpi5-github-catalog","rpi5/rpi5-github-catalog","rpi5\rpi5-github-catalog\venv\lib\python3.11\site-packages\pip\_internal\req\req_install.py",".py","The following comment should be removed at some point in the future."
"rpi5-github-catalog","rpi5/rpi5-github-catalog","rpi5\rpi5-github-catalog\venv\lib\python3.11\site-packages\pip\_internal\req\req_set.py",".py","Skript req_set.py"
"rpi5-github-catalog","rpi5/rpi5-github-catalog","rpi5\rpi5-github-catalog\venv\lib\python3.11\site-packages\pip\_internal\req\req_uninstall.py",".py","Skript req_uninstall.py"
"rpi5-github-catalog","rpi5/rpi5-github-catalog","rpi5\rpi5-github-catalog\venv\lib\python3.11\site-packages\pip\_internal\resolution\legacy\__init__.py",".py","Skript __init__.py"
"rpi5-github-catalog","rpi5/rpi5-github-catalog","rpi5\rpi5-github-catalog\venv\lib\python3.11\site-packages\pip\_internal\resolution\legacy\resolver.py",".py","Skript resolver.py"
"rpi5-github-catalog","rpi5/rpi5-github-catalog","rpi5\rpi5-github-catalog\venv\lib\python3.11\site-packages\pip\_internal\resolution\resolvelib\__init__.py",".py","Skript __init__.py"
"rpi5-github-catalog","rpi5/rpi5-github-catalog","rpi5\rpi5-github-catalog\venv\lib\python3.11\site-packages\pip\_internal\resolution\resolvelib\base.py",".py","Skript base.py"
"rpi5-github-catalog","rpi5/rpi5-github-catalog","rpi5\rpi5-github-catalog\venv\lib\python3.11\site-packages\pip\_internal\resolution\resolvelib\candidates.py",".py","Skript candidates.py"
"rpi5-github-catalog","rpi5/rpi5-github-catalog","rpi5\rpi5-github-catalog\venv\lib\python3.11\site-packages\pip\_internal\resolution\resolvelib\factory.py",".py","Skript factory.py"
"rpi5-github-catalog","rpi5/rpi5-github-catalog","rpi5\rpi5-github-catalog\venv\lib\python3.11\site-packages\pip\_internal\resolution\resolvelib\found_candidates.py",".py","Skript found_candidates.py"
"rpi5-github-catalog","rpi5/rpi5-github-catalog","rpi5\rpi5-github-catalog\venv\lib\python3.11\site-packages\pip\_internal\resolution\resolvelib\provider.py",".py","Skript provider.py"
"rpi5-github-catalog","rpi5/rpi5-github-catalog","rpi5\rpi5-github-catalog\venv\lib\python3.11\site-packages\pip\_internal\resolution\resolvelib\reporter.py",".py","Skript reporter.py"
"rpi5-github-catalog","rpi5/rpi5-github-catalog","rpi5\rpi5-github-catalog\venv\lib\python3.11\site-packages\pip\_internal\resolution\resolvelib\requirements.py",".py","Skript requirements.py"
"rpi5-github-catalog","rpi5/rpi5-github-catalog","rpi5\rpi5-github-catalog\venv\lib\python3.11\site-packages\pip\_internal\resolution\resolvelib\resolver.py",".py","Skript resolver.py"
"rpi5-github-catalog","rpi5/rpi5-github-catalog","rpi5\rpi5-github-catalog\venv\lib\python3.11\site-packages\pip\_internal\resolution\__init__.py",".py","Skript __init__.py"
"rpi5-github-catalog","rpi5/rpi5-github-catalog","rpi5\rpi5-github-catalog\venv\lib\python3.11\site-packages\pip\_internal\resolution\base.py",".py","Skript base.py"
"rpi5-github-catalog","rpi5/rpi5-github-catalog","rpi5\rpi5-github-catalog\venv\lib\python3.11\site-packages\pip\_internal\utils\__init__.py",".py","Skript __init__.py"
"rpi5-github-catalog","rpi5/rpi5-github-catalog","rpi5\rpi5-github-catalog\venv\lib\python3.11\site-packages\pip\_internal\utils\_log.py",".py","Skript _log.py"
"rpi5-github-catalog","rpi5/rpi5-github-catalog","rpi5\rpi5-github-catalog\venv\lib\python3.11\site-packages\pip\_internal\utils\appdirs.py",".py","Skript appdirs.py"
"rpi5-github-catalog","rpi5/rpi5-github-catalog","rpi5\rpi5-github-catalog\venv\lib\python3.11\site-packages\pip\_internal\utils\compat.py",".py","Skript compat.py"
"rpi5-github-catalog","rpi5/rpi5-github-catalog","rpi5\rpi5-github-catalog\venv\lib\python3.11\site-packages\pip\_internal\utils\compatibility_tags.py",".py","Skript compatibility_tags.py"
"rpi5-github-catalog","rpi5/rpi5-github-catalog","rpi5\rpi5-github-catalog\venv\lib\python3.11\site-packages\pip\_internal\utils\datetime.py",".py","Skript datetime.py"
"rpi5-github-catalog","rpi5/rpi5-github-catalog","rpi5\rpi5-github-catalog\venv\lib\python3.11\site-packages\pip\_internal\utils\deprecation.py",".py","Skript deprecation.py"
"rpi5-github-catalog","rpi5/rpi5-github-catalog","rpi5\rpi5-github-catalog\venv\lib\python3.11\site-packages\pip\_internal\utils\direct_url_helpers.py",".py","Skript direct_url_helpers.py"
"rpi5-github-catalog","rpi5/rpi5-github-catalog","rpi5\rpi5-github-catalog\venv\lib\python3.11\site-packages\pip\_internal\utils\distutils_args.py",".py","Skript distutils_args.py"
"rpi5-github-catalog","rpi5/rpi5-github-catalog","rpi5\rpi5-github-catalog\venv\lib\python3.11\site-packages\pip\_internal\utils\egg_link.py",".py","Skript egg_link.py"
"rpi5-github-catalog","rpi5/rpi5-github-catalog","rpi5\rpi5-github-catalog\venv\lib\python3.11\site-packages\pip\_internal\utils\encoding.py",".py","Skript encoding.py"
"rpi5-github-catalog","rpi5/rpi5-github-catalog","rpi5\rpi5-github-catalog\venv\lib\python3.11\site-packages\pip\_internal\utils\entrypoints.py",".py","Skript entrypoints.py"
"rpi5-github-catalog","rpi5/rpi5-github-catalog","rpi5\rpi5-github-catalog\venv\lib\python3.11\site-packages\pip\_internal\utils\filesystem.py",".py","Skript filesystem.py"
"rpi5-github-catalog","rpi5/rpi5-github-catalog","rpi5\rpi5-github-catalog\venv\lib\python3.11\site-packages\pip\_internal\utils\filetypes.py",".py","Skript filetypes.py"
"rpi5-github-catalog","rpi5/rpi5-github-catalog","rpi5\rpi5-github-catalog\venv\lib\python3.11\site-packages\pip\_internal\utils\glibc.py",".py","The following comment should be removed at some point in the future."
"rpi5-github-catalog","rpi5/rpi5-github-catalog","rpi5\rpi5-github-catalog\venv\lib\python3.11\site-packages\pip\_internal\utils\hashes.py",".py","Skript hashes.py"
"rpi5-github-catalog","rpi5/rpi5-github-catalog","rpi5\rpi5-github-catalog\venv\lib\python3.11\site-packages\pip\_internal\utils\inject_securetransport.py",".py","Skript inject_securetransport.py"
"rpi5-github-catalog","rpi5/rpi5-github-catalog","rpi5\rpi5-github-catalog\venv\lib\python3.11\site-packages\pip\_internal\utils\logging.py",".py","Skript logging.py"
"rpi5-github-catalog","rpi5/rpi5-github-catalog","rpi5\rpi5-github-catalog\venv\lib\python3.11\site-packages\pip\_internal\utils\misc.py",".py","The following comment should be removed at some point in the future."
"rpi5-github-catalog","rpi5/rpi5-github-catalog","rpi5\rpi5-github-catalog\venv\lib\python3.11\site-packages\pip\_internal\utils\models.py",".py","Skript models.py"
"rpi5-github-catalog","rpi5/rpi5-github-catalog","rpi5\rpi5-github-catalog\venv\lib\python3.11\site-packages\pip\_internal\utils\packaging.py",".py","Skript packaging.py"
"rpi5-github-catalog","rpi5/rpi5-github-catalog","rpi5\rpi5-github-catalog\venv\lib\python3.11\site-packages\pip\_internal\utils\setuptools_build.py",".py","Shim to wrap setup.py invocation with setuptools"
"rpi5-github-catalog","rpi5/rpi5-github-catalog","rpi5\rpi5-github-catalog\venv\lib\python3.11\site-packages\pip\_internal\utils\subprocess.py",".py","Skript subprocess.py"
"rpi5-github-catalog","rpi5/rpi5-github-catalog","rpi5\rpi5-github-catalog\venv\lib\python3.11\site-packages\pip\_internal\utils\temp_dir.py",".py","Skript temp_dir.py"
"rpi5-github-catalog","rpi5/rpi5-github-catalog","rpi5\rpi5-github-catalog\venv\lib\python3.11\site-packages\pip\_internal\utils\unpacking.py",".py","Skript unpacking.py"
"rpi5-github-catalog","rpi5/rpi5-github-catalog","rpi5\rpi5-github-catalog\venv\lib\python3.11\site-packages\pip\_internal\utils\urls.py",".py","Skript urls.py"
"rpi5-github-catalog","rpi5/rpi5-github-catalog","rpi5\rpi5-github-catalog\venv\lib\python3.11\site-packages\pip\_internal\utils\virtualenv.py",".py","Skript virtualenv.py"
"rpi5-github-catalog","rpi5/rpi5-github-catalog","rpi5\rpi5-github-catalog\venv\lib\python3.11\site-packages\pip\_internal\utils\wheel.py",".py","Skript wheel.py"
"rpi5-github-catalog","rpi5/rpi5-github-catalog","rpi5\rpi5-github-catalog\venv\lib\python3.11\site-packages\pip\_internal\vcs\__init__.py",".py","Expose a limited set of classes and functions so callers outside of"
"rpi5-github-catalog","rpi5/rpi5-github-catalog","rpi5\rpi5-github-catalog\venv\lib\python3.11\site-packages\pip\_internal\vcs\bazaar.py",".py","Skript bazaar.py"
"rpi5-github-catalog","rpi5/rpi5-github-catalog","rpi5\rpi5-github-catalog\venv\lib\python3.11\site-packages\pip\_internal\vcs\git.py",".py","Skript git.py"
"rpi5-github-catalog","rpi5/rpi5-github-catalog","rpi5\rpi5-github-catalog\venv\lib\python3.11\site-packages\pip\_internal\vcs\mercurial.py",".py","Skript mercurial.py"
"rpi5-github-catalog","rpi5/rpi5-github-catalog","rpi5\rpi5-github-catalog\venv\lib\python3.11\site-packages\pip\_internal\vcs\subversion.py",".py","Skript subversion.py"
"rpi5-github-catalog","rpi5/rpi5-github-catalog","rpi5\rpi5-github-catalog\venv\lib\python3.11\site-packages\pip\_internal\vcs\versioncontrol.py",".py","Skript versioncontrol.py"
"rpi5-github-catalog","rpi5/rpi5-github-catalog","rpi5\rpi5-github-catalog\venv\lib\python3.11\site-packages\pip\_internal\__init__.py",".py","Skript __init__.py"
"rpi5-github-catalog","rpi5/rpi5-github-catalog","rpi5\rpi5-github-catalog\venv\lib\python3.11\site-packages\pip\_internal\build_env.py",".py","Skript build_env.py"
"rpi5-github-catalog","rpi5/rpi5-github-catalog","rpi5\rpi5-github-catalog\venv\lib\python3.11\site-packages\pip\_internal\cache.py",".py","Skript cache.py"
"rpi5-github-catalog","rpi5/rpi5-github-catalog","rpi5\rpi5-github-catalog\venv\lib\python3.11\site-packages\pip\_internal\configuration.py",".py","Skript configuration.py"
"rpi5-github-catalog","rpi5/rpi5-github-catalog","rpi5\rpi5-github-catalog\venv\lib\python3.11\site-packages\pip\_internal\exceptions.py",".py","Skript exceptions.py"
"rpi5-github-catalog","rpi5/rpi5-github-catalog","rpi5\rpi5-github-catalog\venv\lib\python3.11\site-packages\pip\_internal\main.py",".py","Skript main.py"
"rpi5-github-catalog","rpi5/rpi5-github-catalog","rpi5\rpi5-github-catalog\venv\lib\python3.11\site-packages\pip\_internal\pyproject.py",".py","Skript pyproject.py"
"rpi5-github-catalog","rpi5/rpi5-github-catalog","rpi5\rpi5-github-catalog\venv\lib\python3.11\site-packages\pip\_internal\self_outdated_check.py",".py","Skript self_outdated_check.py"
"rpi5-github-catalog","rpi5/rpi5-github-catalog","rpi5\rpi5-github-catalog\venv\lib\python3.11\site-packages\pip\_internal\wheel_builder.py",".py","Skript wheel_builder.py"
"rpi5-github-catalog","rpi5/rpi5-github-catalog","rpi5\rpi5-github-catalog\venv\lib\python3.11\site-packages\pip\_vendor\cachecontrol\caches\__init__.py",".py","SPDX-FileCopyrightText: 2015 Eric Larson"
"rpi5-github-catalog","rpi5/rpi5-github-catalog","rpi5\rpi5-github-catalog\venv\lib\python3.11\site-packages\pip\_vendor\cachecontrol\caches\file_cache.py",".py","SPDX-FileCopyrightText: 2015 Eric Larson"
"rpi5-github-catalog","rpi5/rpi5-github-catalog","rpi5\rpi5-github-catalog\venv\lib\python3.11\site-packages\pip\_vendor\cachecontrol\caches\redis_cache.py",".py","SPDX-FileCopyrightText: 2015 Eric Larson"
"rpi5-github-catalog","rpi5/rpi5-github-catalog","rpi5\rpi5-github-catalog\venv\lib\python3.11\site-packages\pip\_vendor\cachecontrol\__init__.py",".py","SPDX-FileCopyrightText: 2015 Eric Larson"
"rpi5-github-catalog","rpi5/rpi5-github-catalog","rpi5\rpi5-github-catalog\venv\lib\python3.11\site-packages\pip\_vendor\cachecontrol\_cmd.py",".py","SPDX-FileCopyrightText: 2015 Eric Larson"
"rpi5-github-catalog","rpi5/rpi5-github-catalog","rpi5\rpi5-github-catalog\venv\lib\python3.11\site-packages\pip\_vendor\cachecontrol\adapter.py",".py","SPDX-FileCopyrightText: 2015 Eric Larson"
"rpi5-github-catalog","rpi5/rpi5-github-catalog","rpi5\rpi5-github-catalog\venv\lib\python3.11\site-packages\pip\_vendor\cachecontrol\cache.py",".py","SPDX-FileCopyrightText: 2015 Eric Larson"
"rpi5-github-catalog","rpi5/rpi5-github-catalog","rpi5\rpi5-github-catalog\venv\lib\python3.11\site-packages\pip\_vendor\cachecontrol\compat.py",".py","SPDX-FileCopyrightText: 2015 Eric Larson"
"rpi5-github-catalog","rpi5/rpi5-github-catalog","rpi5\rpi5-github-catalog\venv\lib\python3.11\site-packages\pip\_vendor\cachecontrol\controller.py",".py","SPDX-FileCopyrightText: 2015 Eric Larson"
"rpi5-github-catalog","rpi5/rpi5-github-catalog","rpi5\rpi5-github-catalog\venv\lib\python3.11\site-packages\pip\_vendor\cachecontrol\filewrapper.py",".py","SPDX-FileCopyrightText: 2015 Eric Larson"
"rpi5-github-catalog","rpi5/rpi5-github-catalog","rpi5\rpi5-github-catalog\venv\lib\python3.11\site-packages\pip\_vendor\cachecontrol\heuristics.py",".py","SPDX-FileCopyrightText: 2015 Eric Larson"
"rpi5-github-catalog","rpi5/rpi5-github-catalog","rpi5\rpi5-github-catalog\venv\lib\python3.11\site-packages\pip\_vendor\cachecontrol\serialize.py",".py","SPDX-FileCopyrightText: 2015 Eric Larson"
"rpi5-github-catalog","rpi5/rpi5-github-catalog","rpi5\rpi5-github-catalog\venv\lib\python3.11\site-packages\pip\_vendor\cachecontrol\wrapper.py",".py","SPDX-FileCopyrightText: 2015 Eric Larson"
"rpi5-github-catalog","rpi5/rpi5-github-catalog","rpi5\rpi5-github-catalog\venv\lib\python3.11\site-packages\pip\_vendor\certifi\__init__.py",".py","Skript __init__.py"
"rpi5-github-catalog","rpi5/rpi5-github-catalog","rpi5\rpi5-github-catalog\venv\lib\python3.11\site-packages\pip\_vendor\certifi\__main__.py",".py","Skript __main__.py"
"rpi5-github-catalog","rpi5/rpi5-github-catalog","rpi5\rpi5-github-catalog\venv\lib\python3.11\site-packages\pip\_vendor\certifi\core.py",".py","Skript core.py"
"rpi5-github-catalog","rpi5/rpi5-github-catalog","rpi5\rpi5-github-catalog\venv\lib\python3.11\site-packages\pip\_vendor\colorama\tests\__init__.py",".py","Copyright Jonathan Hartley 2013. BSD 3-Clause license, see LICENSE file."
"rpi5-github-catalog","rpi5/rpi5-github-catalog","rpi5\rpi5-github-catalog\venv\lib\python3.11\site-packages\pip\_vendor\colorama\tests\ansi_test.py",".py","Copyright Jonathan Hartley 2013. BSD 3-Clause license, see LICENSE file."
"rpi5-github-catalog","rpi5/rpi5-github-catalog","rpi5\rpi5-github-catalog\venv\lib\python3.11\site-packages\pip\_vendor\colorama\tests\ansitowin32_test.py",".py","Copyright Jonathan Hartley 2013. BSD 3-Clause license, see LICENSE file."
"rpi5-github-catalog","rpi5/rpi5-github-catalog","rpi5\rpi5-github-catalog\venv\lib\python3.11\site-packages\pip\_vendor\colorama\tests\initialise_test.py",".py","Copyright Jonathan Hartley 2013. BSD 3-Clause license, see LICENSE file."
"rpi5-github-catalog","rpi5/rpi5-github-catalog","rpi5\rpi5-github-catalog\venv\lib\python3.11\site-packages\pip\_vendor\colorama\tests\isatty_test.py",".py","Copyright Jonathan Hartley 2013. BSD 3-Clause license, see LICENSE file."
"rpi5-github-catalog","rpi5/rpi5-github-catalog","rpi5\rpi5-github-catalog\venv\lib\python3.11\site-packages\pip\_vendor\colorama\tests\utils.py",".py","Copyright Jonathan Hartley 2013. BSD 3-Clause license, see LICENSE file."
"rpi5-github-catalog","rpi5/rpi5-github-catalog","rpi5\rpi5-github-catalog\venv\lib\python3.11\site-packages\pip\_vendor\colorama\tests\winterm_test.py",".py","Copyright Jonathan Hartley 2013. BSD 3-Clause license, see LICENSE file."
"rpi5-github-catalog","rpi5/rpi5-github-catalog","rpi5\rpi5-github-catalog\venv\lib\python3.11\site-packages\pip\_vendor\colorama\__init__.py",".py","Copyright Jonathan Hartley 2013. BSD 3-Clause license, see LICENSE file."
"rpi5-github-catalog","rpi5/rpi5-github-catalog","rpi5\rpi5-github-catalog\venv\lib\python3.11\site-packages\pip\_vendor\colorama\ansi.py",".py","Copyright Jonathan Hartley 2013. BSD 3-Clause license, see LICENSE file."
"rpi5-github-catalog","rpi5/rpi5-github-catalog","rpi5\rpi5-github-catalog\venv\lib\python3.11\site-packages\pip\_vendor\colorama\ansitowin32.py",".py","Copyright Jonathan Hartley 2013. BSD 3-Clause license, see LICENSE file."
"rpi5-github-catalog","rpi5/rpi5-github-catalog","rpi5\rpi5-github-catalog\venv\lib\python3.11\site-packages\pip\_vendor\colorama\initialise.py",".py","Copyright Jonathan Hartley 2013. BSD 3-Clause license, see LICENSE file."
"rpi5-github-catalog","rpi5/rpi5-github-catalog","rpi5\rpi5-github-catalog\venv\lib\python3.11\site-packages\pip\_vendor\colorama\win32.py",".py","Copyright Jonathan Hartley 2013. BSD 3-Clause license, see LICENSE file."
"rpi5-github-catalog","rpi5/rpi5-github-catalog","rpi5\rpi5-github-catalog\venv\lib\python3.11\site-packages\pip\_vendor\colorama\winterm.py",".py","Copyright Jonathan Hartley 2013. BSD 3-Clause license, see LICENSE file."
"rpi5-github-catalog","rpi5/rpi5-github-catalog","rpi5\rpi5-github-catalog\venv\lib\python3.11\site-packages\pip\_vendor\distlib\__init__.py",".py","-*- coding: utf-8 -*-"
"rpi5-github-catalog","rpi5/rpi5-github-catalog","rpi5\rpi5-github-catalog\venv\lib\python3.11\site-packages\pip\_vendor\distlib\compat.py",".py","-*- coding: utf-8 -*-"
"rpi5-github-catalog","rpi5/rpi5-github-catalog","rpi5\rpi5-github-catalog\venv\lib\python3.11\site-packages\pip\_vendor\distlib\database.py",".py","-*- coding: utf-8 -*-"
"rpi5-github-catalog","rpi5/rpi5-github-catalog","rpi5\rpi5-github-catalog\venv\lib\python3.11\site-packages\pip\_vendor\distlib\index.py",".py","-*- coding: utf-8 -*-"
"rpi5-github-catalog","rpi5/rpi5-github-catalog","rpi5\rpi5-github-catalog\venv\lib\python3.11\site-packages\pip\_vendor\distlib\locators.py",".py","-*- coding: utf-8 -*-"
"rpi5-github-catalog","rpi5/rpi5-github-catalog","rpi5\rpi5-github-catalog\venv\lib\python3.11\site-packages\pip\_vendor\distlib\manifest.py",".py","-*- coding: utf-8 -*-"
"rpi5-github-catalog","rpi5/rpi5-github-catalog","rpi5\rpi5-github-catalog\venv\lib\python3.11\site-packages\pip\_vendor\distlib\markers.py",".py","-*- coding: utf-8 -*-"
"rpi5-github-catalog","rpi5/rpi5-github-catalog","rpi5\rpi5-github-catalog\venv\lib\python3.11\site-packages\pip\_vendor\distlib\metadata.py",".py","-*- coding: utf-8 -*-"
"rpi5-github-catalog","rpi5/rpi5-github-catalog","rpi5\rpi5-github-catalog\venv\lib\python3.11\site-packages\pip\_vendor\distlib\resources.py",".py","-*- coding: utf-8 -*-"
"rpi5-github-catalog","rpi5/rpi5-github-catalog","rpi5\rpi5-github-catalog\venv\lib\python3.11\site-packages\pip\_vendor\distlib\scripts.py",".py","-*- coding: utf-8 -*-"
"rpi5-github-catalog","rpi5/rpi5-github-catalog","rpi5\rpi5-github-catalog\venv\lib\python3.11\site-packages\pip\_vendor\distlib\util.py",".py","Copyright (C) 2012-2021 The Python Software Foundation."
"rpi5-github-catalog","rpi5/rpi5-github-catalog","rpi5\rpi5-github-catalog\venv\lib\python3.11\site-packages\pip\_vendor\distlib\version.py",".py","-*- coding: utf-8 -*-"
"rpi5-github-catalog","rpi5/rpi5-github-catalog","rpi5\rpi5-github-catalog\venv\lib\python3.11\site-packages\pip\_vendor\distlib\wheel.py",".py","-*- coding: utf-8 -*-"
"rpi5-github-catalog","rpi5/rpi5-github-catalog","rpi5\rpi5-github-catalog\venv\lib\python3.11\site-packages\pip\_vendor\distro\__init__.py",".py","Skript __init__.py"
"rpi5-github-catalog","rpi5/rpi5-github-catalog","rpi5\rpi5-github-catalog\venv\lib\python3.11\site-packages\pip\_vendor\distro\__main__.py",".py","Skript __main__.py"
"rpi5-github-catalog","rpi5/rpi5-github-catalog","rpi5\rpi5-github-catalog\venv\lib\python3.11\site-packages\pip\_vendor\distro\distro.py",".py","!/usr/bin/env python"
"rpi5-github-catalog","rpi5/rpi5-github-catalog","rpi5\rpi5-github-catalog\venv\lib\python3.11\site-packages\pip\_vendor\chardet\cli\__init__.py",".py","Skript __init__.py"
"rpi5-github-catalog","rpi5/rpi5-github-catalog","rpi5\rpi5-github-catalog\venv\lib\python3.11\site-packages\pip\_vendor\chardet\cli\chardetect.py",".py","Skript chardetect.py"
"rpi5-github-catalog","rpi5/rpi5-github-catalog","rpi5\rpi5-github-catalog\venv\lib\python3.11\site-packages\pip\_vendor\chardet\metadata\__init__.py",".py","Skript __init__.py"
"rpi5-github-catalog","rpi5/rpi5-github-catalog","rpi5\rpi5-github-catalog\venv\lib\python3.11\site-packages\pip\_vendor\chardet\metadata\languages.py",".py","Skript languages.py"
"rpi5-github-catalog","rpi5/rpi5-github-catalog","rpi5\rpi5-github-catalog\venv\lib\python3.11\site-packages\pip\_vendor\chardet\__init__.py",".py","BEGIN LICENSE BLOCK ########################"
"rpi5-github-catalog","rpi5/rpi5-github-catalog","rpi5\rpi5-github-catalog\venv\lib\python3.11\site-packages\pip\_vendor\chardet\big5freq.py",".py","BEGIN LICENSE BLOCK ########################"
"rpi5-github-catalog","rpi5/rpi5-github-catalog","rpi5\rpi5-github-catalog\venv\lib\python3.11\site-packages\pip\_vendor\chardet\big5prober.py",".py","BEGIN LICENSE BLOCK ########################"
"rpi5-github-catalog","rpi5/rpi5-github-catalog","rpi5\rpi5-github-catalog\venv\lib\python3.11\site-packages\pip\_vendor\chardet\codingstatemachine.py",".py","BEGIN LICENSE BLOCK ########################"
"rpi5-github-catalog","rpi5/rpi5-github-catalog","rpi5\rpi5-github-catalog\venv\lib\python3.11\site-packages\pip\_vendor\chardet\codingstatemachinedict.py",".py","TypedDict was introduced in Python 3.8."
"rpi5-github-catalog","rpi5/rpi5-github-catalog","rpi5\rpi5-github-catalog\venv\lib\python3.11\site-packages\pip\_vendor\chardet\cp949prober.py",".py","BEGIN LICENSE BLOCK ########################"
"rpi5-github-catalog","rpi5/rpi5-github-catalog","rpi5\rpi5-github-catalog\venv\lib\python3.11\site-packages\pip\_vendor\chardet\enums.py",".py","Skript enums.py"
"rpi5-github-catalog","rpi5/rpi5-github-catalog","rpi5\rpi5-github-catalog\venv\lib\python3.11\site-packages\pip\_vendor\chardet\escprober.py",".py","BEGIN LICENSE BLOCK ########################"
"rpi5-github-catalog","rpi5/rpi5-github-catalog","rpi5\rpi5-github-catalog\venv\lib\python3.11\site-packages\pip\_vendor\chardet\escsm.py",".py","BEGIN LICENSE BLOCK ########################"
"rpi5-github-catalog","rpi5/rpi5-github-catalog","rpi5\rpi5-github-catalog\venv\lib\python3.11\site-packages\pip\_vendor\chardet\eucjpprober.py",".py","BEGIN LICENSE BLOCK ########################"
"rpi5-github-catalog","rpi5/rpi5-github-catalog","rpi5\rpi5-github-catalog\venv\lib\python3.11\site-packages\pip\_vendor\chardet\euckrfreq.py",".py","BEGIN LICENSE BLOCK ########################"
"rpi5-github-catalog","rpi5/rpi5-github-catalog","rpi5\rpi5-github-catalog\venv\lib\python3.11\site-packages\pip\_vendor\chardet\euckrprober.py",".py","BEGIN LICENSE BLOCK ########################"
"rpi5-github-catalog","rpi5/rpi5-github-catalog","rpi5\rpi5-github-catalog\venv\lib\python3.11\site-packages\pip\_vendor\chardet\euctwfreq.py",".py","BEGIN LICENSE BLOCK ########################"
"rpi5-github-catalog","rpi5/rpi5-github-catalog","rpi5\rpi5-github-catalog\venv\lib\python3.11\site-packages\pip\_vendor\chardet\euctwprober.py",".py","BEGIN LICENSE BLOCK ########################"
"rpi5-github-catalog","rpi5/rpi5-github-catalog","rpi5\rpi5-github-catalog\venv\lib\python3.11\site-packages\pip\_vendor\chardet\gb2312freq.py",".py","BEGIN LICENSE BLOCK ########################"
"rpi5-github-catalog","rpi5/rpi5-github-catalog","rpi5\rpi5-github-catalog\venv\lib\python3.11\site-packages\pip\_vendor\chardet\gb2312prober.py",".py","BEGIN LICENSE BLOCK ########################"
"rpi5-github-catalog","rpi5/rpi5-github-catalog","rpi5\rpi5-github-catalog\venv\lib\python3.11\site-packages\pip\_vendor\chardet\hebrewprober.py",".py","BEGIN LICENSE BLOCK ########################"
"rpi5-github-catalog","rpi5/rpi5-github-catalog","rpi5\rpi5-github-catalog\venv\lib\python3.11\site-packages\pip\_vendor\chardet\chardistribution.py",".py","BEGIN LICENSE BLOCK ########################"
"rpi5-github-catalog","rpi5/rpi5-github-catalog","rpi5\rpi5-github-catalog\venv\lib\python3.11\site-packages\pip\_vendor\chardet\charsetgroupprober.py",".py","BEGIN LICENSE BLOCK ########################"
"rpi5-github-catalog","rpi5/rpi5-github-catalog","rpi5\rpi5-github-catalog\venv\lib\python3.11\site-packages\pip\_vendor\chardet\charsetprober.py",".py","BEGIN LICENSE BLOCK ########################"
"rpi5-github-catalog","rpi5/rpi5-github-catalog","rpi5\rpi5-github-catalog\venv\lib\python3.11\site-packages\pip\_vendor\chardet\jisfreq.py",".py","BEGIN LICENSE BLOCK ########################"
"rpi5-github-catalog","rpi5/rpi5-github-catalog","rpi5\rpi5-github-catalog\venv\lib\python3.11\site-packages\pip\_vendor\chardet\johabfreq.py",".py","BEGIN LICENSE BLOCK ########################"
"rpi5-github-catalog","rpi5/rpi5-github-catalog","rpi5\rpi5-github-catalog\venv\lib\python3.11\site-packages\pip\_vendor\chardet\johabprober.py",".py","BEGIN LICENSE BLOCK ########################"
"rpi5-github-catalog","rpi5/rpi5-github-catalog","rpi5\rpi5-github-catalog\venv\lib\python3.11\site-packages\pip\_vendor\chardet\jpcntx.py",".py","BEGIN LICENSE BLOCK ########################"
"rpi5-github-catalog","rpi5/rpi5-github-catalog","rpi5\rpi5-github-catalog\venv\lib\python3.11\site-packages\pip\_vendor\chardet\langbulgarianmodel.py",".py","3: Positive"
"rpi5-github-catalog","rpi5/rpi5-github-catalog","rpi5\rpi5-github-catalog\venv\lib\python3.11\site-packages\pip\_vendor\chardet\langgreekmodel.py",".py","3: Positive"
"rpi5-github-catalog","rpi5/rpi5-github-catalog","rpi5\rpi5-github-catalog\venv\lib\python3.11\site-packages\pip\_vendor\chardet\langhebrewmodel.py",".py","3: Positive"
"rpi5-github-catalog","rpi5/rpi5-github-catalog","rpi5\rpi5-github-catalog\venv\lib\python3.11\site-packages\pip\_vendor\chardet\langhungarianmodel.py",".py","3: Positive"
"rpi5-github-catalog","rpi5/rpi5-github-catalog","rpi5\rpi5-github-catalog\venv\lib\python3.11\site-packages\pip\_vendor\chardet\langrussianmodel.py",".py","3: Positive"
"rpi5-github-catalog","rpi5/rpi5-github-catalog","rpi5\rpi5-github-catalog\venv\lib\python3.11\site-packages\pip\_vendor\chardet\langthaimodel.py",".py","3: Positive"
"rpi5-github-catalog","rpi5/rpi5-github-catalog","rpi5\rpi5-github-catalog\venv\lib\python3.11\site-packages\pip\_vendor\chardet\langturkishmodel.py",".py","3: Positive"
"rpi5-github-catalog","rpi5/rpi5-github-catalog","rpi5\rpi5-github-catalog\venv\lib\python3.11\site-packages\pip\_vendor\chardet\latin1prober.py",".py","BEGIN LICENSE BLOCK ########################"
"rpi5-github-catalog","rpi5/rpi5-github-catalog","rpi5\rpi5-github-catalog\venv\lib\python3.11\site-packages\pip\_vendor\chardet\macromanprober.py",".py","BEGIN LICENSE BLOCK ########################"
"rpi5-github-catalog","rpi5/rpi5-github-catalog","rpi5\rpi5-github-catalog\venv\lib\python3.11\site-packages\pip\_vendor\chardet\mbcsgroupprober.py",".py","BEGIN LICENSE BLOCK ########################"
"rpi5-github-catalog","rpi5/rpi5-github-catalog","rpi5\rpi5-github-catalog\venv\lib\python3.11\site-packages\pip\_vendor\chardet\mbcssm.py",".py","BEGIN LICENSE BLOCK ########################"
"rpi5-github-catalog","rpi5/rpi5-github-catalog","rpi5\rpi5-github-catalog\venv\lib\python3.11\site-packages\pip\_vendor\chardet\mbcharsetprober.py",".py","BEGIN LICENSE BLOCK ########################"
"rpi5-github-catalog","rpi5/rpi5-github-catalog","rpi5\rpi5-github-catalog\venv\lib\python3.11\site-packages\pip\_vendor\chardet\resultdict.py",".py","TypedDict was introduced in Python 3.8."
"rpi5-github-catalog","rpi5/rpi5-github-catalog","rpi5\rpi5-github-catalog\venv\lib\python3.11\site-packages\pip\_vendor\chardet\sbcsgroupprober.py",".py","BEGIN LICENSE BLOCK ########################"
"rpi5-github-catalog","rpi5/rpi5-github-catalog","rpi5\rpi5-github-catalog\venv\lib\python3.11\site-packages\pip\_vendor\chardet\sbcharsetprober.py",".py","BEGIN LICENSE BLOCK ########################"
"rpi5-github-catalog","rpi5/rpi5-github-catalog","rpi5\rpi5-github-catalog\venv\lib\python3.11\site-packages\pip\_vendor\chardet\sjisprober.py",".py","BEGIN LICENSE BLOCK ########################"
"rpi5-github-catalog","rpi5/rpi5-github-catalog","rpi5\rpi5-github-catalog\venv\lib\python3.11\site-packages\pip\_vendor\chardet\universaldetector.py",".py","BEGIN LICENSE BLOCK ########################"
"rpi5-github-catalog","rpi5/rpi5-github-catalog","rpi5\rpi5-github-catalog\venv\lib\python3.11\site-packages\pip\_vendor\chardet\utf1632prober.py",".py","BEGIN LICENSE BLOCK ########################"
"rpi5-github-catalog","rpi5/rpi5-github-catalog","rpi5\rpi5-github-catalog\venv\lib\python3.11\site-packages\pip\_vendor\chardet\utf8prober.py",".py","BEGIN LICENSE BLOCK ########################"
"rpi5-github-catalog","rpi5/rpi5-github-catalog","rpi5\rpi5-github-catalog\venv\lib\python3.11\site-packages\pip\_vendor\chardet\version.py",".py","Skript version.py"
"rpi5-github-catalog","rpi5/rpi5-github-catalog","rpi5\rpi5-github-catalog\venv\lib\python3.11\site-packages\pip\_vendor\idna\__init__.py",".py","Skript __init__.py"
"rpi5-github-catalog","rpi5/rpi5-github-catalog","rpi5\rpi5-github-catalog\venv\lib\python3.11\site-packages\pip\_vendor\idna\codec.py",".py","Skript codec.py"
"rpi5-github-catalog","rpi5/rpi5-github-catalog","rpi5\rpi5-github-catalog\venv\lib\python3.11\site-packages\pip\_vendor\idna\compat.py",".py","Skript compat.py"
"rpi5-github-catalog","rpi5/rpi5-github-catalog","rpi5\rpi5-github-catalog\venv\lib\python3.11\site-packages\pip\_vendor\idna\core.py",".py","Skript core.py"
"rpi5-github-catalog","rpi5/rpi5-github-catalog","rpi5\rpi5-github-catalog\venv\lib\python3.11\site-packages\pip\_vendor\idna\idnadata.py",".py","This file is automatically generated by tools/idna-data"
"rpi5-github-catalog","rpi5/rpi5-github-catalog","rpi5\rpi5-github-catalog\venv\lib\python3.11\site-packages\pip\_vendor\idna\intranges.py",".py","Skript intranges.py"
"rpi5-github-catalog","rpi5/rpi5-github-catalog","rpi5\rpi5-github-catalog\venv\lib\python3.11\site-packages\pip\_vendor\idna\package_data.py",".py","Skript package_data.py"
"rpi5-github-catalog","rpi5/rpi5-github-catalog","rpi5\rpi5-github-catalog\venv\lib\python3.11\site-packages\pip\_vendor\idna\uts46data.py",".py","This file is automatically generated by tools/idna-data"
"rpi5-github-catalog","rpi5/rpi5-github-catalog","rpi5\rpi5-github-catalog\venv\lib\python3.11\site-packages\pip\_vendor\msgpack\__init__.py",".py","coding: utf-8"
"rpi5-github-catalog","rpi5/rpi5-github-catalog","rpi5\rpi5-github-catalog\venv\lib\python3.11\site-packages\pip\_vendor\msgpack\exceptions.py",".py","Skript exceptions.py"
"rpi5-github-catalog","rpi5/rpi5-github-catalog","rpi5\rpi5-github-catalog\venv\lib\python3.11\site-packages\pip\_vendor\msgpack\ext.py",".py","coding: utf-8"
"rpi5-github-catalog","rpi5/rpi5-github-catalog","rpi5\rpi5-github-catalog\venv\lib\python3.11\site-packages\pip\_vendor\msgpack\fallback.py",".py","Skript fallback.py"
"rpi5-github-catalog","rpi5/rpi5-github-catalog","rpi5\rpi5-github-catalog\venv\lib\python3.11\site-packages\pip\_vendor\packaging\__about__.py",".py","This file is dual licensed under the terms of the Apache License, Version"
"rpi5-github-catalog","rpi5/rpi5-github-catalog","rpi5\rpi5-github-catalog\venv\lib\python3.11\site-packages\pip\_vendor\packaging\__init__.py",".py","This file is dual licensed under the terms of the Apache License, Version"
"rpi5-github-catalog","rpi5/rpi5-github-catalog","rpi5\rpi5-github-catalog\venv\lib\python3.11\site-packages\pip\_vendor\packaging\_manylinux.py",".py","Skript _manylinux.py"
"rpi5-github-catalog","rpi5/rpi5-github-catalog","rpi5\rpi5-github-catalog\venv\lib\python3.11\site-packages\pip\_vendor\packaging\_musllinux.py",".py","Skript _musllinux.py"
"rpi5-github-catalog","rpi5/rpi5-github-catalog","rpi5\rpi5-github-catalog\venv\lib\python3.11\site-packages\pip\_vendor\packaging\_structures.py",".py","This file is dual licensed under the terms of the Apache License, Version"
"rpi5-github-catalog","rpi5/rpi5-github-catalog","rpi5\rpi5-github-catalog\venv\lib\python3.11\site-packages\pip\_vendor\packaging\markers.py",".py","This file is dual licensed under the terms of the Apache License, Version"
"rpi5-github-catalog","rpi5/rpi5-github-catalog","rpi5\rpi5-github-catalog\venv\lib\python3.11\site-packages\pip\_vendor\packaging\requirements.py",".py","This file is dual licensed under the terms of the Apache License, Version"
"rpi5-github-catalog","rpi5/rpi5-github-catalog","rpi5\rpi5-github-catalog\venv\lib\python3.11\site-packages\pip\_vendor\packaging\specifiers.py",".py","This file is dual licensed under the terms of the Apache License, Version"
"rpi5-github-catalog","rpi5/rpi5-github-catalog","rpi5\rpi5-github-catalog\venv\lib\python3.11\site-packages\pip\_vendor\packaging\tags.py",".py","This file is dual licensed under the terms of the Apache License, Version"
"rpi5-github-catalog","rpi5/rpi5-github-catalog","rpi5\rpi5-github-catalog\venv\lib\python3.11\site-packages\pip\_vendor\packaging\utils.py",".py","This file is dual licensed under the terms of the Apache License, Version"
"rpi5-github-catalog","rpi5/rpi5-github-catalog","rpi5\rpi5-github-catalog\venv\lib\python3.11\site-packages\pip\_vendor\packaging\version.py",".py","This file is dual licensed under the terms of the Apache License, Version"
"rpi5-github-catalog","rpi5/rpi5-github-catalog","rpi5\rpi5-github-catalog\venv\lib\python3.11\site-packages\pip\_vendor\pkg_resources\__init__.py",".py","coding: utf-8"
"rpi5-github-catalog","rpi5/rpi5-github-catalog","rpi5\rpi5-github-catalog\venv\lib\python3.11\site-packages\pip\_vendor\pkg_resources\py31compat.py",".py","Skript py31compat.py"
"rpi5-github-catalog","rpi5/rpi5-github-catalog","rpi5\rpi5-github-catalog\venv\lib\python3.11\site-packages\pip\_vendor\platformdirs\__init__.py",".py","Skript __init__.py"
"rpi5-github-catalog","rpi5/rpi5-github-catalog","rpi5\rpi5-github-catalog\venv\lib\python3.11\site-packages\pip\_vendor\platformdirs\__main__.py",".py","Skript __main__.py"
"rpi5-github-catalog","rpi5/rpi5-github-catalog","rpi5\rpi5-github-catalog\venv\lib\python3.11\site-packages\pip\_vendor\platformdirs\android.py",".py","Skript android.py"
"rpi5-github-catalog","rpi5/rpi5-github-catalog","rpi5\rpi5-github-catalog\venv\lib\python3.11\site-packages\pip\_vendor\platformdirs\api.py",".py","Skript api.py"
"rpi5-github-catalog","rpi5/rpi5-github-catalog","rpi5\rpi5-github-catalog\venv\lib\python3.11\site-packages\pip\_vendor\platformdirs\macos.py",".py","Skript macos.py"
"rpi5-github-catalog","rpi5/rpi5-github-catalog","rpi5\rpi5-github-catalog\venv\lib\python3.11\site-packages\pip\_vendor\platformdirs\unix.py",".py","Skript unix.py"
"rpi5-github-catalog","rpi5/rpi5-github-catalog","rpi5\rpi5-github-catalog\venv\lib\python3.11\site-packages\pip\_vendor\platformdirs\version.py",".py","file generated by setuptools_scm"
"rpi5-github-catalog","rpi5/rpi5-github-catalog","rpi5\rpi5-github-catalog\venv\lib\python3.11\site-packages\pip\_vendor\platformdirs\windows.py",".py","Skript windows.py"
"rpi5-github-catalog","rpi5/rpi5-github-catalog","rpi5\rpi5-github-catalog\venv\lib\python3.11\site-packages\pip\_vendor\pygments\filters\__init__.py",".py","Skript __init__.py"
"rpi5-github-catalog","rpi5/rpi5-github-catalog","rpi5\rpi5-github-catalog\venv\lib\python3.11\site-packages\pip\_vendor\pygments\formatters\__init__.py",".py","Skript __init__.py"
"rpi5-github-catalog","rpi5/rpi5-github-catalog","rpi5\rpi5-github-catalog\venv\lib\python3.11\site-packages\pip\_vendor\pygments\formatters\_mapping.py",".py","Automatically generated by scripts/gen_mapfiles.py."
"rpi5-github-catalog","rpi5/rpi5-github-catalog","rpi5\rpi5-github-catalog\venv\lib\python3.11\site-packages\pip\_vendor\pygments\formatters\bbcode.py",".py","Skript bbcode.py"
"rpi5-github-catalog","rpi5/rpi5-github-catalog","rpi5\rpi5-github-catalog\venv\lib\python3.11\site-packages\pip\_vendor\pygments\formatters\groff.py",".py","Skript groff.py"
"rpi5-github-catalog","rpi5/rpi5-github-catalog","rpi5\rpi5-github-catalog\venv\lib\python3.11\site-packages\pip\_vendor\pygments\formatters\html.py",".py","Skript html.py"
"rpi5-github-catalog","rpi5/rpi5-github-catalog","rpi5\rpi5-github-catalog\venv\lib\python3.11\site-packages\pip\_vendor\pygments\formatters\img.py",".py","Skript img.py"
"rpi5-github-catalog","rpi5/rpi5-github-catalog","rpi5\rpi5-github-catalog\venv\lib\python3.11\site-packages\pip\_vendor\pygments\formatters\irc.py",".py","Skript irc.py"
"rpi5-github-catalog","rpi5/rpi5-github-catalog","rpi5\rpi5-github-catalog\venv\lib\python3.11\site-packages\pip\_vendor\pygments\formatters\latex.py",".py","Skript latex.py"
"rpi5-github-catalog","rpi5/rpi5-github-catalog","rpi5\rpi5-github-catalog\venv\lib\python3.11\site-packages\pip\_vendor\pygments\formatters\other.py",".py","Skript other.py"
"rpi5-github-catalog","rpi5/rpi5-github-catalog","rpi5\rpi5-github-catalog\venv\lib\python3.11\site-packages\pip\_vendor\pygments\formatters\pangomarkup.py",".py","Skript pangomarkup.py"
"rpi5-github-catalog","rpi5/rpi5-github-catalog","rpi5\rpi5-github-catalog\venv\lib\python3.11\site-packages\pip\_vendor\pygments\formatters\rtf.py",".py","Skript rtf.py"
"rpi5-github-catalog","rpi5/rpi5-github-catalog","rpi5\rpi5-github-catalog\venv\lib\python3.11\site-packages\pip\_vendor\pygments\formatters\svg.py",".py","Skript svg.py"
"rpi5-github-catalog","rpi5/rpi5-github-catalog","rpi5\rpi5-github-catalog\venv\lib\python3.11\site-packages\pip\_vendor\pygments\formatters\terminal.py",".py","Skript terminal.py"
"rpi5-github-catalog","rpi5/rpi5-github-catalog","rpi5\rpi5-github-catalog\venv\lib\python3.11\site-packages\pip\_vendor\pygments\formatters\terminal256.py",".py","Skript terminal256.py"
"rpi5-github-catalog","rpi5/rpi5-github-catalog","rpi5\rpi5-github-catalog\venv\lib\python3.11\site-packages\pip\_vendor\pygments\lexers\__init__.py",".py","Skript __init__.py"
"rpi5-github-catalog","rpi5/rpi5-github-catalog","rpi5\rpi5-github-catalog\venv\lib\python3.11\site-packages\pip\_vendor\pygments\lexers\_mapping.py",".py","Automatically generated by scripts/gen_mapfiles.py."
"rpi5-github-catalog","rpi5/rpi5-github-catalog","rpi5\rpi5-github-catalog\venv\lib\python3.11\site-packages\pip\_vendor\pygments\lexers\python.py",".py","Skript python.py"
"rpi5-github-catalog","rpi5/rpi5-github-catalog","rpi5\rpi5-github-catalog\venv\lib\python3.11\site-packages\pip\_vendor\pygments\styles\__init__.py",".py","Skript __init__.py"
"rpi5-github-catalog","rpi5/rpi5-github-catalog","rpi5\rpi5-github-catalog\venv\lib\python3.11\site-packages\pip\_vendor\pygments\__init__.py",".py","Skript __init__.py"
"rpi5-github-catalog","rpi5/rpi5-github-catalog","rpi5\rpi5-github-catalog\venv\lib\python3.11\site-packages\pip\_vendor\pygments\__main__.py",".py","Skript __main__.py"
"rpi5-github-catalog","rpi5/rpi5-github-catalog","rpi5\rpi5-github-catalog\venv\lib\python3.11\site-packages\pip\_vendor\pygments\cmdline.py",".py","Skript cmdline.py"
"rpi5-github-catalog","rpi5/rpi5-github-catalog","rpi5\rpi5-github-catalog\venv\lib\python3.11\site-packages\pip\_vendor\pygments\console.py",".py","Skript console.py"
"rpi5-github-catalog","rpi5/rpi5-github-catalog","rpi5\rpi5-github-catalog\venv\lib\python3.11\site-packages\pip\_vendor\pygments\filter.py",".py","Skript filter.py"
"rpi5-github-catalog","rpi5/rpi5-github-catalog","rpi5\rpi5-github-catalog\venv\lib\python3.11\site-packages\pip\_vendor\pygments\formatter.py",".py","Skript formatter.py"
"rpi5-github-catalog","rpi5/rpi5-github-catalog","rpi5\rpi5-github-catalog\venv\lib\python3.11\site-packages\pip\_vendor\pygments\lexer.py",".py","Skript lexer.py"
"rpi5-github-catalog","rpi5/rpi5-github-catalog","rpi5\rpi5-github-catalog\venv\lib\python3.11\site-packages\pip\_vendor\pygments\modeline.py",".py","Skript modeline.py"
"rpi5-github-catalog","rpi5/rpi5-github-catalog","rpi5\rpi5-github-catalog\venv\lib\python3.11\site-packages\pip\_vendor\pygments\plugin.py",".py","Skript plugin.py"
"rpi5-github-catalog","rpi5/rpi5-github-catalog","rpi5\rpi5-github-catalog\venv\lib\python3.11\site-packages\pip\_vendor\pygments\regexopt.py",".py","Skript regexopt.py"
"rpi5-github-catalog","rpi5/rpi5-github-catalog","rpi5\rpi5-github-catalog\venv\lib\python3.11\site-packages\pip\_vendor\pygments\scanner.py",".py","Skript scanner.py"
"rpi5-github-catalog","rpi5/rpi5-github-catalog","rpi5\rpi5-github-catalog\venv\lib\python3.11\site-packages\pip\_vendor\pygments\sphinxext.py",".py","Skript sphinxext.py"
"rpi5-github-catalog","rpi5/rpi5-github-catalog","rpi5\rpi5-github-catalog\venv\lib\python3.11\site-packages\pip\_vendor\pygments\style.py",".py","Skript style.py"
"rpi5-github-catalog","rpi5/rpi5-github-catalog","rpi5\rpi5-github-catalog\venv\lib\python3.11\site-packages\pip\_vendor\pygments\token.py",".py","Skript token.py"
"rpi5-github-catalog","rpi5/rpi5-github-catalog","rpi5\rpi5-github-catalog\venv\lib\python3.11\site-packages\pip\_vendor\pygments\unistring.py",".py","Skript unistring.py"
"rpi5-github-catalog","rpi5/rpi5-github-catalog","rpi5\rpi5-github-catalog\venv\lib\python3.11\site-packages\pip\_vendor\pygments\util.py",".py","Skript util.py"
"rpi5-github-catalog","rpi5/rpi5-github-catalog","rpi5\rpi5-github-catalog\venv\lib\python3.11\site-packages\pip\_vendor\pyparsing\diagram\__init__.py",".py","Skript __init__.py"
"rpi5-github-catalog","rpi5/rpi5-github-catalog","rpi5\rpi5-github-catalog\venv\lib\python3.11\site-packages\pip\_vendor\pyparsing\__init__.py",".py","module pyparsing.py"
"rpi5-github-catalog","rpi5/rpi5-github-catalog","rpi5\rpi5-github-catalog\venv\lib\python3.11\site-packages\pip\_vendor\pyparsing\actions.py",".py","actions.py"
"rpi5-github-catalog","rpi5/rpi5-github-catalog","rpi5\rpi5-github-catalog\venv\lib\python3.11\site-packages\pip\_vendor\pyparsing\common.py",".py","common.py"
"rpi5-github-catalog","rpi5/rpi5-github-catalog","rpi5\rpi5-github-catalog\venv\lib\python3.11\site-packages\pip\_vendor\pyparsing\core.py",".py","core.py"
"rpi5-github-catalog","rpi5/rpi5-github-catalog","rpi5\rpi5-github-catalog\venv\lib\python3.11\site-packages\pip\_vendor\pyparsing\exceptions.py",".py","exceptions.py"
"rpi5-github-catalog","rpi5/rpi5-github-catalog","rpi5\rpi5-github-catalog\venv\lib\python3.11\site-packages\pip\_vendor\pyparsing\helpers.py",".py","helpers.py"
"rpi5-github-catalog","rpi5/rpi5-github-catalog","rpi5\rpi5-github-catalog\venv\lib\python3.11\site-packages\pip\_vendor\pyparsing\results.py",".py","results.py"
"rpi5-github-catalog","rpi5/rpi5-github-catalog","rpi5\rpi5-github-catalog\venv\lib\python3.11\site-packages\pip\_vendor\pyparsing\testing.py",".py","testing.py"
"rpi5-github-catalog","rpi5/rpi5-github-catalog","rpi5\rpi5-github-catalog\venv\lib\python3.11\site-packages\pip\_vendor\pyparsing\unicode.py",".py","unicode.py"
"rpi5-github-catalog","rpi5/rpi5-github-catalog","rpi5\rpi5-github-catalog\venv\lib\python3.11\site-packages\pip\_vendor\pyparsing\util.py",".py","util.py"
"rpi5-github-catalog","rpi5/rpi5-github-catalog","rpi5\rpi5-github-catalog\venv\lib\python3.11\site-packages\pip\_vendor\pyproject_hooks\_in_process\__init__.py",".py","Skript __init__.py"
"rpi5-github-catalog","rpi5/rpi5-github-catalog","rpi5\rpi5-github-catalog\venv\lib\python3.11\site-packages\pip\_vendor\pyproject_hooks\_in_process\_in_process.py",".py","Skript _in_process.py"
"rpi5-github-catalog","rpi5/rpi5-github-catalog","rpi5\rpi5-github-catalog\venv\lib\python3.11\site-packages\pip\_vendor\pyproject_hooks\__init__.py",".py","Skript __init__.py"
"rpi5-github-catalog","rpi5/rpi5-github-catalog","rpi5\rpi5-github-catalog\venv\lib\python3.11\site-packages\pip\_vendor\pyproject_hooks\_compat.py",".py","Skript _compat.py"
"rpi5-github-catalog","rpi5/rpi5-github-catalog","rpi5\rpi5-github-catalog\venv\lib\python3.11\site-packages\pip\_vendor\pyproject_hooks\_impl.py",".py","Skript _impl.py"
"rpi5-github-catalog","rpi5/rpi5-github-catalog","rpi5\rpi5-github-catalog\venv\lib\python3.11\site-packages\pip\_vendor\requests\__init__.py",".py","__"
"rpi5-github-catalog","rpi5/rpi5-github-catalog","rpi5\rpi5-github-catalog\venv\lib\python3.11\site-packages\pip\_vendor\requests\__version__.py",".py",".-. .-. .-. . . .-. .-. .-. .-."
"rpi5-github-catalog","rpi5/rpi5-github-catalog","rpi5\rpi5-github-catalog\venv\lib\python3.11\site-packages\pip\_vendor\requests\_internal_utils.py",".py","Skript _internal_utils.py"
"rpi5-github-catalog","rpi5/rpi5-github-catalog","rpi5\rpi5-github-catalog\venv\lib\python3.11\site-packages\pip\_vendor\requests\adapters.py",".py","Skript adapters.py"
"rpi5-github-catalog","rpi5/rpi5-github-catalog","rpi5\rpi5-github-catalog\venv\lib\python3.11\site-packages\pip\_vendor\requests\api.py",".py","Skript api.py"
"rpi5-github-catalog","rpi5/rpi5-github-catalog","rpi5\rpi5-github-catalog\venv\lib\python3.11\site-packages\pip\_vendor\requests\auth.py",".py","Skript auth.py"
"rpi5-github-catalog","rpi5/rpi5-github-catalog","rpi5\rpi5-github-catalog\venv\lib\python3.11\site-packages\pip\_vendor\requests\certs.py",".py","!/usr/bin/env python"
"rpi5-github-catalog","rpi5/rpi5-github-catalog","rpi5\rpi5-github-catalog\venv\lib\python3.11\site-packages\pip\_vendor\requests\compat.py",".py","Skript compat.py"
"rpi5-github-catalog","rpi5/rpi5-github-catalog","rpi5\rpi5-github-catalog\venv\lib\python3.11\site-packages\pip\_vendor\requests\cookies.py",".py","Skript cookies.py"
"rpi5-github-catalog","rpi5/rpi5-github-catalog","rpi5\rpi5-github-catalog\venv\lib\python3.11\site-packages\pip\_vendor\requests\exceptions.py",".py","Skript exceptions.py"
"rpi5-github-catalog","rpi5/rpi5-github-catalog","rpi5\rpi5-github-catalog\venv\lib\python3.11\site-packages\pip\_vendor\requests\help.py",".py","Skript help.py"
"rpi5-github-catalog","rpi5/rpi5-github-catalog","rpi5\rpi5-github-catalog\venv\lib\python3.11\site-packages\pip\_vendor\requests\hooks.py",".py","Skript hooks.py"
"rpi5-github-catalog","rpi5/rpi5-github-catalog","rpi5\rpi5-github-catalog\venv\lib\python3.11\site-packages\pip\_vendor\requests\models.py",".py","Skript models.py"
"rpi5-github-catalog","rpi5/rpi5-github-catalog","rpi5\rpi5-github-catalog\venv\lib\python3.11\site-packages\pip\_vendor\requests\packages.py",".py","This code exists for backwards compatibility reasons."
"rpi5-github-catalog","rpi5/rpi5-github-catalog","rpi5\rpi5-github-catalog\venv\lib\python3.11\site-packages\pip\_vendor\requests\sessions.py",".py","Skript sessions.py"
"rpi5-github-catalog","rpi5/rpi5-github-catalog","rpi5\rpi5-github-catalog\venv\lib\python3.11\site-packages\pip\_vendor\requests\status_codes.py",".py","Skript status_codes.py"
"rpi5-github-catalog","rpi5/rpi5-github-catalog","rpi5\rpi5-github-catalog\venv\lib\python3.11\site-packages\pip\_vendor\requests\structures.py",".py","Skript structures.py"
"rpi5-github-catalog","rpi5/rpi5-github-catalog","rpi5\rpi5-github-catalog\venv\lib\python3.11\site-packages\pip\_vendor\requests\utils.py",".py","Skript utils.py"
"rpi5-github-catalog","rpi5/rpi5-github-catalog","rpi5\rpi5-github-catalog\venv\lib\python3.11\site-packages\pip\_vendor\resolvelib\compat\__init__.py",".py","Skript __init__.py"
"rpi5-github-catalog","rpi5/rpi5-github-catalog","rpi5\rpi5-github-catalog\venv\lib\python3.11\site-packages\pip\_vendor\resolvelib\compat\collections_abc.py",".py","Skript collections_abc.py"
"rpi5-github-catalog","rpi5/rpi5-github-catalog","rpi5\rpi5-github-catalog\venv\lib\python3.11\site-packages\pip\_vendor\resolvelib\__init__.py",".py","Skript __init__.py"
"rpi5-github-catalog","rpi5/rpi5-github-catalog","rpi5\rpi5-github-catalog\venv\lib\python3.11\site-packages\pip\_vendor\resolvelib\providers.py",".py","Skript providers.py"
"rpi5-github-catalog","rpi5/rpi5-github-catalog","rpi5\rpi5-github-catalog\venv\lib\python3.11\site-packages\pip\_vendor\resolvelib\reporters.py",".py","Skript reporters.py"
"rpi5-github-catalog","rpi5/rpi5-github-catalog","rpi5\rpi5-github-catalog\venv\lib\python3.11\site-packages\pip\_vendor\resolvelib\resolvers.py",".py","Skript resolvers.py"
"rpi5-github-catalog","rpi5/rpi5-github-catalog","rpi5\rpi5-github-catalog\venv\lib\python3.11\site-packages\pip\_vendor\resolvelib\structs.py",".py","Skript structs.py"
"rpi5-github-catalog","rpi5/rpi5-github-catalog","rpi5\rpi5-github-catalog\venv\lib\python3.11\site-packages\pip\_vendor\rich\__init__.py",".py","Skript __init__.py"
"rpi5-github-catalog","rpi5/rpi5-github-catalog","rpi5\rpi5-github-catalog\venv\lib\python3.11\site-packages\pip\_vendor\rich\__main__.py",".py","Skript __main__.py"
"rpi5-github-catalog","rpi5/rpi5-github-catalog","rpi5\rpi5-github-catalog\venv\lib\python3.11\site-packages\pip\_vendor\rich\_cell_widths.py",".py","Auto generated by make_terminal_widths.py"
"rpi5-github-catalog","rpi5/rpi5-github-catalog","rpi5\rpi5-github-catalog\venv\lib\python3.11\site-packages\pip\_vendor\rich\_emoji_codes.py",".py","Skript _emoji_codes.py"
"rpi5-github-catalog","rpi5/rpi5-github-catalog","rpi5\rpi5-github-catalog\venv\lib\python3.11\site-packages\pip\_vendor\rich\_emoji_replace.py",".py","Skript _emoji_replace.py"
"rpi5-github-catalog","rpi5/rpi5-github-catalog","rpi5\rpi5-github-catalog\venv\lib\python3.11\site-packages\pip\_vendor\rich\_export_format.py",".py","Skript _export_format.py"
"rpi5-github-catalog","rpi5/rpi5-github-catalog","rpi5\rpi5-github-catalog\venv\lib\python3.11\site-packages\pip\_vendor\rich\_extension.py",".py","prevent circular import"
"rpi5-github-catalog","rpi5/rpi5-github-catalog","rpi5\rpi5-github-catalog\venv\lib\python3.11\site-packages\pip\_vendor\rich\_inspect.py",".py","Skript _inspect.py"
"rpi5-github-catalog","rpi5/rpi5-github-catalog","rpi5\rpi5-github-catalog\venv\lib\python3.11\site-packages\pip\_vendor\rich\_log_render.py",".py","Skript _log_render.py"
"rpi5-github-catalog","rpi5/rpi5-github-catalog","rpi5\rpi5-github-catalog\venv\lib\python3.11\site-packages\pip\_vendor\rich\_loop.py",".py","Skript _loop.py"
"rpi5-github-catalog","rpi5/rpi5-github-catalog","rpi5\rpi5-github-catalog\venv\lib\python3.11\site-packages\pip\_vendor\rich\_null_file.py",".py","Skript _null_file.py"
"rpi5-github-catalog","rpi5/rpi5-github-catalog","rpi5\rpi5-github-catalog\venv\lib\python3.11\site-packages\pip\_vendor\rich\_palettes.py",".py","Taken from https://en.wikipedia.org/wiki/ANSI_escape_code (Windows 10 column)"
"rpi5-github-catalog","rpi5/rpi5-github-catalog","rpi5\rpi5-github-catalog\venv\lib\python3.11\site-packages\pip\_vendor\rich\_pick.py",".py","Skript _pick.py"
"rpi5-github-catalog","rpi5/rpi5-github-catalog","rpi5\rpi5-github-catalog\venv\lib\python3.11\site-packages\pip\_vendor\rich\_ratio.py",".py","Skript _ratio.py"
"rpi5-github-catalog","rpi5/rpi5-github-catalog","rpi5\rpi5-github-catalog\venv\lib\python3.11\site-packages\pip\_vendor\rich\_spinners.py",".py","Skript _spinners.py"
"rpi5-github-catalog","rpi5/rpi5-github-catalog","rpi5\rpi5-github-catalog\venv\lib\python3.11\site-packages\pip\_vendor\rich\_stack.py",".py","Skript _stack.py"
"rpi5-github-catalog","rpi5/rpi5-github-catalog","rpi5\rpi5-github-catalog\venv\lib\python3.11\site-packages\pip\_vendor\rich\_timer.py",".py","Skript _timer.py"
"rpi5-github-catalog","rpi5/rpi5-github-catalog","rpi5\rpi5-github-catalog\venv\lib\python3.11\site-packages\pip\_vendor\rich\_win32_console.py",".py","Skript _win32_console.py"
"rpi5-github-catalog","rpi5/rpi5-github-catalog","rpi5\rpi5-github-catalog\venv\lib\python3.11\site-packages\pip\_vendor\rich\_windows_renderer.py",".py","Skript _windows_renderer.py"
"rpi5-github-catalog","rpi5/rpi5-github-catalog","rpi5\rpi5-github-catalog\venv\lib\python3.11\site-packages\pip\_vendor\rich\_windows.py",".py","Skript _windows.py"
"rpi5-github-catalog","rpi5/rpi5-github-catalog","rpi5\rpi5-github-catalog\venv\lib\python3.11\site-packages\pip\_vendor\rich\_wrap.py",".py","Skript _wrap.py"
"rpi5-github-catalog","rpi5/rpi5-github-catalog","rpi5\rpi5-github-catalog\venv\lib\python3.11\site-packages\pip\_vendor\rich\abc.py",".py","Skript abc.py"
"rpi5-github-catalog","rpi5/rpi5-github-catalog","rpi5\rpi5-github-catalog\venv\lib\python3.11\site-packages\pip\_vendor\rich\align.py",".py","Skript align.py"
"rpi5-github-catalog","rpi5/rpi5-github-catalog","rpi5\rpi5-github-catalog\venv\lib\python3.11\site-packages\pip\_vendor\rich\ansi.py",".py","Skript ansi.py"
"rpi5-github-catalog","rpi5/rpi5-github-catalog","rpi5\rpi5-github-catalog\venv\lib\python3.11\site-packages\pip\_vendor\rich\bar.py",".py","Skript bar.py"
"rpi5-github-catalog","rpi5/rpi5-github-catalog","rpi5\rpi5-github-catalog\venv\lib\python3.11\site-packages\pip\_vendor\rich\box.py",".py","Skript box.py"
"rpi5-github-catalog","rpi5/rpi5-github-catalog","rpi5\rpi5-github-catalog\venv\lib\python3.11\site-packages\pip\_vendor\rich\cells.py",".py","Skript cells.py"
"rpi5-github-catalog","rpi5/rpi5-github-catalog","rpi5\rpi5-github-catalog\venv\lib\python3.11\site-packages\pip\_vendor\rich\color_triplet.py",".py","Skript color_triplet.py"
"rpi5-github-catalog","rpi5/rpi5-github-catalog","rpi5\rpi5-github-catalog\venv\lib\python3.11\site-packages\pip\_vendor\rich\color.py",".py","Skript color.py"
"rpi5-github-catalog","rpi5/rpi5-github-catalog","rpi5\rpi5-github-catalog\venv\lib\python3.11\site-packages\pip\_vendor\rich\columns.py",".py","Skript columns.py"
"rpi5-github-catalog","rpi5/rpi5-github-catalog","rpi5\rpi5-github-catalog\venv\lib\python3.11\site-packages\pip\_vendor\rich\console.py",".py","Skript console.py"
"rpi5-github-catalog","rpi5/rpi5-github-catalog","rpi5\rpi5-github-catalog\venv\lib\python3.11\site-packages\pip\_vendor\rich\constrain.py",".py","Skript constrain.py"
"rpi5-github-catalog","rpi5/rpi5-github-catalog","rpi5\rpi5-github-catalog\venv\lib\python3.11\site-packages\pip\_vendor\rich\containers.py",".py","Skript containers.py"
"rpi5-github-catalog","rpi5/rpi5-github-catalog","rpi5\rpi5-github-catalog\venv\lib\python3.11\site-packages\pip\_vendor\rich\control.py",".py","Skript control.py"
"rpi5-github-catalog","rpi5/rpi5-github-catalog","rpi5\rpi5-github-catalog\venv\lib\python3.11\site-packages\pip\_vendor\rich\default_styles.py",".py","Skript default_styles.py"
"rpi5-github-catalog","rpi5/rpi5-github-catalog","rpi5\rpi5-github-catalog\venv\lib\python3.11\site-packages\pip\_vendor\rich\diagnose.py",".py","Skript diagnose.py"
"rpi5-github-catalog","rpi5/rpi5-github-catalog","rpi5\rpi5-github-catalog\venv\lib\python3.11\site-packages\pip\_vendor\rich\emoji.py",".py","Skript emoji.py"
"rpi5-github-catalog","rpi5/rpi5-github-catalog","rpi5\rpi5-github-catalog\venv\lib\python3.11\site-packages\pip\_vendor\rich\errors.py",".py","Skript errors.py"
"rpi5-github-catalog","rpi5/rpi5-github-catalog","rpi5\rpi5-github-catalog\venv\lib\python3.11\site-packages\pip\_vendor\rich\file_proxy.py",".py","Skript file_proxy.py"
"rpi5-github-catalog","rpi5/rpi5-github-catalog","rpi5\rpi5-github-catalog\venv\lib\python3.11\site-packages\pip\_vendor\rich\filesize.py",".py","coding: utf-8"
"rpi5-github-catalog","rpi5/rpi5-github-catalog","rpi5\rpi5-github-catalog\venv\lib\python3.11\site-packages\pip\_vendor\rich\highlighter.py",".py","Skript highlighter.py"
"rpi5-github-catalog","rpi5/rpi5-github-catalog","rpi5\rpi5-github-catalog\venv\lib\python3.11\site-packages\pip\_vendor\rich\json.py",".py","Skript json.py"
"rpi5-github-catalog","rpi5/rpi5-github-catalog","rpi5\rpi5-github-catalog\venv\lib\python3.11\site-packages\pip\_vendor\rich\jupyter.py",".py","Skript jupyter.py"
"rpi5-github-catalog","rpi5/rpi5-github-catalog","rpi5\rpi5-github-catalog\venv\lib\python3.11\site-packages\pip\_vendor\rich\layout.py",".py","Skript layout.py"
"rpi5-github-catalog","rpi5/rpi5-github-catalog","rpi5\rpi5-github-catalog\venv\lib\python3.11\site-packages\pip\_vendor\rich\live_render.py",".py","Skript live_render.py"
"rpi5-github-catalog","rpi5/rpi5-github-catalog","rpi5\rpi5-github-catalog\venv\lib\python3.11\site-packages\pip\_vendor\rich\live.py",".py","Skript live.py"
"rpi5-github-catalog","rpi5/rpi5-github-catalog","rpi5\rpi5-github-catalog\venv\lib\python3.11\site-packages\pip\_vendor\rich\logging.py",".py","Skript logging.py"
"rpi5-github-catalog","rpi5/rpi5-github-catalog","rpi5\rpi5-github-catalog\venv\lib\python3.11\site-packages\pip\_vendor\rich\markup.py",".py","Skript markup.py"
"rpi5-github-catalog","rpi5/rpi5-github-catalog","rpi5\rpi5-github-catalog\venv\lib\python3.11\site-packages\pip\_vendor\rich\measure.py",".py","Skript measure.py"
"rpi5-github-catalog","rpi5/rpi5-github-catalog","rpi5\rpi5-github-catalog\venv\lib\python3.11\site-packages\pip\_vendor\rich\padding.py",".py","Skript padding.py"
"rpi5-github-catalog","rpi5/rpi5-github-catalog","rpi5\rpi5-github-catalog\venv\lib\python3.11\site-packages\pip\_vendor\rich\pager.py",".py","Skript pager.py"
"rpi5-github-catalog","rpi5/rpi5-github-catalog","rpi5\rpi5-github-catalog\venv\lib\python3.11\site-packages\pip\_vendor\rich\palette.py",".py","Skript palette.py"
"rpi5-github-catalog","rpi5/rpi5-github-catalog","rpi5\rpi5-github-catalog\venv\lib\python3.11\site-packages\pip\_vendor\rich\panel.py",".py","Skript panel.py"
"rpi5-github-catalog","rpi5/rpi5-github-catalog","rpi5\rpi5-github-catalog\venv\lib\python3.11\site-packages\pip\_vendor\rich\pretty.py",".py","Skript pretty.py"
"rpi5-github-catalog","rpi5/rpi5-github-catalog","rpi5\rpi5-github-catalog\venv\lib\python3.11\site-packages\pip\_vendor\rich\progress_bar.py",".py","Skript progress_bar.py"
"rpi5-github-catalog","rpi5/rpi5-github-catalog","rpi5\rpi5-github-catalog\venv\lib\python3.11\site-packages\pip\_vendor\rich\progress.py",".py","Skript progress.py"
"rpi5-github-catalog","rpi5/rpi5-github-catalog","rpi5\rpi5-github-catalog\venv\lib\python3.11\site-packages\pip\_vendor\rich\prompt.py",".py","Skript prompt.py"
"rpi5-github-catalog","rpi5/rpi5-github-catalog","rpi5\rpi5-github-catalog\venv\lib\python3.11\site-packages\pip\_vendor\rich\protocol.py",".py","Skript protocol.py"
"rpi5-github-catalog","rpi5/rpi5-github-catalog","rpi5\rpi5-github-catalog\venv\lib\python3.11\site-packages\pip\_vendor\rich\region.py",".py","Skript region.py"
"rpi5-github-catalog","rpi5/rpi5-github-catalog","rpi5\rpi5-github-catalog\venv\lib\python3.11\site-packages\pip\_vendor\rich\repr.py",".py","Skript repr.py"
"rpi5-github-catalog","rpi5/rpi5-github-catalog","rpi5\rpi5-github-catalog\venv\lib\python3.11\site-packages\pip\_vendor\rich\rule.py",".py","Skript rule.py"
"rpi5-github-catalog","rpi5/rpi5-github-catalog","rpi5\rpi5-github-catalog\venv\lib\python3.11\site-packages\pip\_vendor\rich\scope.py",".py","Skript scope.py"
"rpi5-github-catalog","rpi5/rpi5-github-catalog","rpi5\rpi5-github-catalog\venv\lib\python3.11\site-packages\pip\_vendor\rich\screen.py",".py","Skript screen.py"
"rpi5-github-catalog","rpi5/rpi5-github-catalog","rpi5\rpi5-github-catalog\venv\lib\python3.11\site-packages\pip\_vendor\rich\segment.py",".py","Skript segment.py"
"rpi5-github-catalog","rpi5/rpi5-github-catalog","rpi5\rpi5-github-catalog\venv\lib\python3.11\site-packages\pip\_vendor\rich\spinner.py",".py","Skript spinner.py"
"rpi5-github-catalog","rpi5/rpi5-github-catalog","rpi5\rpi5-github-catalog\venv\lib\python3.11\site-packages\pip\_vendor\rich\status.py",".py","Skript status.py"
"rpi5-github-catalog","rpi5/rpi5-github-catalog","rpi5\rpi5-github-catalog\venv\lib\python3.11\site-packages\pip\_vendor\rich\style.py",".py","Skript style.py"
"rpi5-github-catalog","rpi5/rpi5-github-catalog","rpi5\rpi5-github-catalog\venv\lib\python3.11\site-packages\pip\_vendor\rich\styled.py",".py","Skript styled.py"
"rpi5-github-catalog","rpi5/rpi5-github-catalog","rpi5\rpi5-github-catalog\venv\lib\python3.11\site-packages\pip\_vendor\rich\syntax.py",".py","Skript syntax.py"
"rpi5-github-catalog","rpi5/rpi5-github-catalog","rpi5\rpi5-github-catalog\venv\lib\python3.11\site-packages\pip\_vendor\rich\table.py",".py","Skript table.py"
"rpi5-github-catalog","rpi5/rpi5-github-catalog","rpi5\rpi5-github-catalog\venv\lib\python3.11\site-packages\pip\_vendor\rich\terminal_theme.py",".py","Skript terminal_theme.py"
"rpi5-github-catalog","rpi5/rpi5-github-catalog","rpi5\rpi5-github-catalog\venv\lib\python3.11\site-packages\pip\_vendor\rich\text.py",".py","Skript text.py"
"rpi5-github-catalog","rpi5/rpi5-github-catalog","rpi5\rpi5-github-catalog\venv\lib\python3.11\site-packages\pip\_vendor\rich\theme.py",".py","Skript theme.py"
"rpi5-github-catalog","rpi5/rpi5-github-catalog","rpi5\rpi5-github-catalog\venv\lib\python3.11\site-packages\pip\_vendor\rich\themes.py",".py","Skript themes.py"
"rpi5-github-catalog","rpi5/rpi5-github-catalog","rpi5\rpi5-github-catalog\venv\lib\python3.11\site-packages\pip\_vendor\rich\traceback.py",".py","Skript traceback.py"
"rpi5-github-catalog","rpi5/rpi5-github-catalog","rpi5\rpi5-github-catalog\venv\lib\python3.11\site-packages\pip\_vendor\rich\tree.py",".py","Skript tree.py"
"rpi5-github-catalog","rpi5/rpi5-github-catalog","rpi5\rpi5-github-catalog\venv\lib\python3.11\site-packages\pip\_vendor\tenacity\__init__.py",".py","Copyright 2016-2018 Julien Danjou"
"rpi5-github-catalog","rpi5/rpi5-github-catalog","rpi5\rpi5-github-catalog\venv\lib\python3.11\site-packages\pip\_vendor\tenacity\_asyncio.py",".py","Copyright 2016 Étienne Bersac"
"rpi5-github-catalog","rpi5/rpi5-github-catalog","rpi5\rpi5-github-catalog\venv\lib\python3.11\site-packages\pip\_vendor\tenacity\_utils.py",".py","Copyright 2016 Julien Danjou"
"rpi5-github-catalog","rpi5/rpi5-github-catalog","rpi5\rpi5-github-catalog\venv\lib\python3.11\site-packages\pip\_vendor\tenacity\after.py",".py","Copyright 2016 Julien Danjou"
"rpi5-github-catalog","rpi5/rpi5-github-catalog","rpi5\rpi5-github-catalog\venv\lib\python3.11\site-packages\pip\_vendor\tenacity\before_sleep.py",".py","Copyright 2016 Julien Danjou"
"rpi5-github-catalog","rpi5/rpi5-github-catalog","rpi5\rpi5-github-catalog\venv\lib\python3.11\site-packages\pip\_vendor\tenacity\before.py",".py","Copyright 2016 Julien Danjou"
"rpi5-github-catalog","rpi5/rpi5-github-catalog","rpi5\rpi5-github-catalog\venv\lib\python3.11\site-packages\pip\_vendor\tenacity\nap.py",".py","Copyright 2016 Étienne Bersac"
"rpi5-github-catalog","rpi5/rpi5-github-catalog","rpi5\rpi5-github-catalog\venv\lib\python3.11\site-packages\pip\_vendor\tenacity\retry.py",".py","Copyright 2016–2021 Julien Danjou"
"rpi5-github-catalog","rpi5/rpi5-github-catalog","rpi5\rpi5-github-catalog\venv\lib\python3.11\site-packages\pip\_vendor\tenacity\stop.py",".py","Copyright 2016–2021 Julien Danjou"
"rpi5-github-catalog","rpi5/rpi5-github-catalog","rpi5\rpi5-github-catalog\venv\lib\python3.11\site-packages\pip\_vendor\tenacity\tornadoweb.py",".py","Copyright 2017 Elisey Zanko"
"rpi5-github-catalog","rpi5/rpi5-github-catalog","rpi5\rpi5-github-catalog\venv\lib\python3.11\site-packages\pip\_vendor\tenacity\wait.py",".py","Copyright 2016–2021 Julien Danjou"
"rpi5-github-catalog","rpi5/rpi5-github-catalog","rpi5\rpi5-github-catalog\venv\lib\python3.11\site-packages\pip\_vendor\tomli\__init__.py",".py","SPDX-License-Identifier: MIT"
"rpi5-github-catalog","rpi5/rpi5-github-catalog","rpi5\rpi5-github-catalog\venv\lib\python3.11\site-packages\pip\_vendor\tomli\_parser.py",".py","SPDX-License-Identifier: MIT"
"rpi5-github-catalog","rpi5/rpi5-github-catalog","rpi5\rpi5-github-catalog\venv\lib\python3.11\site-packages\pip\_vendor\tomli\_re.py",".py","SPDX-License-Identifier: MIT"
"rpi5-github-catalog","rpi5/rpi5-github-catalog","rpi5\rpi5-github-catalog\venv\lib\python3.11\site-packages\pip\_vendor\tomli\_types.py",".py","SPDX-License-Identifier: MIT"
"rpi5-github-catalog","rpi5/rpi5-github-catalog","rpi5\rpi5-github-catalog\venv\lib\python3.11\site-packages\pip\_vendor\urllib3\contrib\_securetransport\__init__.py",".py","Skript __init__.py"
"rpi5-github-catalog","rpi5/rpi5-github-catalog","rpi5\rpi5-github-catalog\venv\lib\python3.11\site-packages\pip\_vendor\urllib3\contrib\_securetransport\bindings.py",".py","Skript bindings.py"
"rpi5-github-catalog","rpi5/rpi5-github-catalog","rpi5\rpi5-github-catalog\venv\lib\python3.11\site-packages\pip\_vendor\urllib3\contrib\_securetransport\low_level.py",".py","Skript low_level.py"
"rpi5-github-catalog","rpi5/rpi5-github-catalog","rpi5\rpi5-github-catalog\venv\lib\python3.11\site-packages\pip\_vendor\urllib3\contrib\__init__.py",".py","Skript __init__.py"
"rpi5-github-catalog","rpi5/rpi5-github-catalog","rpi5\rpi5-github-catalog\venv\lib\python3.11\site-packages\pip\_vendor\urllib3\contrib\_appengine_environ.py",".py","Skript _appengine_environ.py"
"rpi5-github-catalog","rpi5/rpi5-github-catalog","rpi5\rpi5-github-catalog\venv\lib\python3.11\site-packages\pip\_vendor\urllib3\contrib\appengine.py",".py","Skript appengine.py"
"rpi5-github-catalog","rpi5/rpi5-github-catalog","rpi5\rpi5-github-catalog\venv\lib\python3.11\site-packages\pip\_vendor\urllib3\contrib\ntlmpool.py",".py","Skript ntlmpool.py"
"rpi5-github-catalog","rpi5/rpi5-github-catalog","rpi5\rpi5-github-catalog\venv\lib\python3.11\site-packages\pip\_vendor\urllib3\contrib\pyopenssl.py",".py","Skript pyopenssl.py"
"rpi5-github-catalog","rpi5/rpi5-github-catalog","rpi5\rpi5-github-catalog\venv\lib\python3.11\site-packages\pip\_vendor\urllib3\contrib\securetransport.py",".py","Skript securetransport.py"
"rpi5-github-catalog","rpi5/rpi5-github-catalog","rpi5\rpi5-github-catalog\venv\lib\python3.11\site-packages\pip\_vendor\urllib3\contrib\socks.py",".py","-*- coding: utf-8 -*-"
"rpi5-github-catalog","rpi5/rpi5-github-catalog","rpi5\rpi5-github-catalog\venv\lib\python3.11\site-packages\pip\_vendor\urllib3\packages\backports\__init__.py",".py","Skript __init__.py"
"rpi5-github-catalog","rpi5/rpi5-github-catalog","rpi5\rpi5-github-catalog\venv\lib\python3.11\site-packages\pip\_vendor\urllib3\packages\backports\makefile.py",".py","-*- coding: utf-8 -*-"
"rpi5-github-catalog","rpi5/rpi5-github-catalog","rpi5\rpi5-github-catalog\venv\lib\python3.11\site-packages\pip\_vendor\urllib3\packages\__init__.py",".py","Skript __init__.py"
"rpi5-github-catalog","rpi5/rpi5-github-catalog","rpi5\rpi5-github-catalog\venv\lib\python3.11\site-packages\pip\_vendor\urllib3\packages\six.py",".py","Copyright (c) 2010-2020 Benjamin Peterson"
"rpi5-github-catalog","rpi5/rpi5-github-catalog","rpi5\rpi5-github-catalog\venv\lib\python3.11\site-packages\pip\_vendor\urllib3\util\__init__.py",".py","For backwards compatibility, provide imports that used to be here."
"rpi5-github-catalog","rpi5/rpi5-github-catalog","rpi5\rpi5-github-catalog\venv\lib\python3.11\site-packages\pip\_vendor\urllib3\util\connection.py",".py","Skript connection.py"
"rpi5-github-catalog","rpi5/rpi5-github-catalog","rpi5\rpi5-github-catalog\venv\lib\python3.11\site-packages\pip\_vendor\urllib3\util\proxy.py",".py","Skript proxy.py"
"rpi5-github-catalog","rpi5/rpi5-github-catalog","rpi5\rpi5-github-catalog\venv\lib\python3.11\site-packages\pip\_vendor\urllib3\util\queue.py",".py","Skript queue.py"
"rpi5-github-catalog","rpi5/rpi5-github-catalog","rpi5\rpi5-github-catalog\venv\lib\python3.11\site-packages\pip\_vendor\urllib3\util\request.py",".py","Skript request.py"
"rpi5-github-catalog","rpi5/rpi5-github-catalog","rpi5\rpi5-github-catalog\venv\lib\python3.11\site-packages\pip\_vendor\urllib3\util\response.py",".py","Skript response.py"
"rpi5-github-catalog","rpi5/rpi5-github-catalog","rpi5\rpi5-github-catalog\venv\lib\python3.11\site-packages\pip\_vendor\urllib3\util\retry.py",".py","Skript retry.py"
"rpi5-github-catalog","rpi5/rpi5-github-catalog","rpi5\rpi5-github-catalog\venv\lib\python3.11\site-packages\pip\_vendor\urllib3\util\ssl_.py",".py","Skript ssl_.py"
"rpi5-github-catalog","rpi5/rpi5-github-catalog","rpi5\rpi5-github-catalog\venv\lib\python3.11\site-packages\pip\_vendor\urllib3\util\ssl_match_hostname.py",".py","Note: This file is under the PSF license as the code comes from the python"
"rpi5-github-catalog","rpi5/rpi5-github-catalog","rpi5\rpi5-github-catalog\venv\lib\python3.11\site-packages\pip\_vendor\urllib3\util\ssltransport.py",".py","Skript ssltransport.py"
"rpi5-github-catalog","rpi5/rpi5-github-catalog","rpi5\rpi5-github-catalog\venv\lib\python3.11\site-packages\pip\_vendor\urllib3\util\timeout.py",".py","The default socket timeout, used by httplib to indicate that no timeout was"
"rpi5-github-catalog","rpi5/rpi5-github-catalog","rpi5\rpi5-github-catalog\venv\lib\python3.11\site-packages\pip\_vendor\urllib3\util\url.py",".py","Skript url.py"
"rpi5-github-catalog","rpi5/rpi5-github-catalog","rpi5\rpi5-github-catalog\venv\lib\python3.11\site-packages\pip\_vendor\urllib3\util\wait.py",".py","Skript wait.py"
"rpi5-github-catalog","rpi5/rpi5-github-catalog","rpi5\rpi5-github-catalog\venv\lib\python3.11\site-packages\pip\_vendor\urllib3\__init__.py",".py","Skript __init__.py"
"rpi5-github-catalog","rpi5/rpi5-github-catalog","rpi5\rpi5-github-catalog\venv\lib\python3.11\site-packages\pip\_vendor\urllib3\_collections.py",".py","Skript _collections.py"
"rpi5-github-catalog","rpi5/rpi5-github-catalog","rpi5\rpi5-github-catalog\venv\lib\python3.11\site-packages\pip\_vendor\urllib3\_version.py",".py","This file is protected via CODEOWNERS"
"rpi5-github-catalog","rpi5/rpi5-github-catalog","rpi5\rpi5-github-catalog\venv\lib\python3.11\site-packages\pip\_vendor\urllib3\connection.py",".py","Skript connection.py"
"rpi5-github-catalog","rpi5/rpi5-github-catalog","rpi5\rpi5-github-catalog\venv\lib\python3.11\site-packages\pip\_vendor\urllib3\connectionpool.py",".py","Skript connectionpool.py"
"rpi5-github-catalog","rpi5/rpi5-github-catalog","rpi5\rpi5-github-catalog\venv\lib\python3.11\site-packages\pip\_vendor\urllib3\exceptions.py",".py","Base Exceptions"
"rpi5-github-catalog","rpi5/rpi5-github-catalog","rpi5\rpi5-github-catalog\venv\lib\python3.11\site-packages\pip\_vendor\urllib3\fields.py",".py","Skript fields.py"
"rpi5-github-catalog","rpi5/rpi5-github-catalog","rpi5\rpi5-github-catalog\venv\lib\python3.11\site-packages\pip\_vendor\urllib3\filepost.py",".py","Skript filepost.py"
"rpi5-github-catalog","rpi5/rpi5-github-catalog","rpi5\rpi5-github-catalog\venv\lib\python3.11\site-packages\pip\_vendor\urllib3\poolmanager.py",".py","Skript poolmanager.py"
"rpi5-github-catalog","rpi5/rpi5-github-catalog","rpi5\rpi5-github-catalog\venv\lib\python3.11\site-packages\pip\_vendor\urllib3\request.py",".py","Skript request.py"
"rpi5-github-catalog","rpi5/rpi5-github-catalog","rpi5\rpi5-github-catalog\venv\lib\python3.11\site-packages\pip\_vendor\urllib3\response.py",".py","Skript response.py"
"rpi5-github-catalog","rpi5/rpi5-github-catalog","rpi5\rpi5-github-catalog\venv\lib\python3.11\site-packages\pip\_vendor\webencodings\__init__.py",".py","coding: utf-8"
"rpi5-github-catalog","rpi5/rpi5-github-catalog","rpi5\rpi5-github-catalog\venv\lib\python3.11\site-packages\pip\_vendor\webencodings\labels.py",".py","Skript labels.py"
"rpi5-github-catalog","rpi5/rpi5-github-catalog","rpi5\rpi5-github-catalog\venv\lib\python3.11\site-packages\pip\_vendor\webencodings\mklabels.py",".py","Skript mklabels.py"
"rpi5-github-catalog","rpi5/rpi5-github-catalog","rpi5\rpi5-github-catalog\venv\lib\python3.11\site-packages\pip\_vendor\webencodings\tests.py",".py","coding: utf-8"
"rpi5-github-catalog","rpi5/rpi5-github-catalog","rpi5\rpi5-github-catalog\venv\lib\python3.11\site-packages\pip\_vendor\webencodings\x_user_defined.py",".py","coding: utf-8"
"rpi5-github-catalog","rpi5/rpi5-github-catalog","rpi5\rpi5-github-catalog\venv\lib\python3.11\site-packages\pip\_vendor\__init__.py",".py","Skript __init__.py"
"rpi5-github-catalog","rpi5/rpi5-github-catalog","rpi5\rpi5-github-catalog\venv\lib\python3.11\site-packages\pip\_vendor\six.py",".py","Copyright (c) 2010-2020 Benjamin Peterson"
"rpi5-github-catalog","rpi5/rpi5-github-catalog","rpi5\rpi5-github-catalog\venv\lib\python3.11\site-packages\pip\_vendor\typing_extensions.py",".py","Skript typing_extensions.py"
"rpi5-github-catalog","rpi5/rpi5-github-catalog","rpi5\rpi5-github-catalog\venv\lib\python3.11\site-packages\pip\__init__.py",".py","Skript __init__.py"
"rpi5-github-catalog","rpi5/rpi5-github-catalog","rpi5\rpi5-github-catalog\venv\lib\python3.11\site-packages\pip\__main__.py",".py","Remove '' and current working directory from the first entry"
"rpi5-github-catalog","rpi5/rpi5-github-catalog","rpi5\rpi5-github-catalog\venv\lib\python3.11\site-packages\pip\__pip-runner__.py",".py","Skript __pip-runner__.py"
"rpi5-github-catalog","rpi5/rpi5-github-catalog","rpi5\rpi5-github-catalog\venv\lib\python3.11\site-packages\pkg_resources\_vendor\importlib_resources\__init__.py",".py","Skript __init__.py"
"rpi5-github-catalog","rpi5/rpi5-github-catalog","rpi5\rpi5-github-catalog\venv\lib\python3.11\site-packages\pkg_resources\_vendor\importlib_resources\_adapters.py",".py","Skript _adapters.py"
"rpi5-github-catalog","rpi5/rpi5-github-catalog","rpi5\rpi5-github-catalog\venv\lib\python3.11\site-packages\pkg_resources\_vendor\importlib_resources\_common.py",".py","Skript _common.py"
"rpi5-github-catalog","rpi5/rpi5-github-catalog","rpi5\rpi5-github-catalog\venv\lib\python3.11\site-packages\pkg_resources\_vendor\importlib_resources\_compat.py",".py","flake8: noqa"
"rpi5-github-catalog","rpi5/rpi5-github-catalog","rpi5\rpi5-github-catalog\venv\lib\python3.11\site-packages\pkg_resources\_vendor\importlib_resources\_itertools.py",".py","Skript _itertools.py"
"rpi5-github-catalog","rpi5/rpi5-github-catalog","rpi5\rpi5-github-catalog\venv\lib\python3.11\site-packages\pkg_resources\_vendor\importlib_resources\_legacy.py",".py","Skript _legacy.py"
"rpi5-github-catalog","rpi5/rpi5-github-catalog","rpi5\rpi5-github-catalog\venv\lib\python3.11\site-packages\pkg_resources\_vendor\importlib_resources\abc.py",".py","Skript abc.py"
"rpi5-github-catalog","rpi5/rpi5-github-catalog","rpi5\rpi5-github-catalog\venv\lib\python3.11\site-packages\pkg_resources\_vendor\importlib_resources\readers.py",".py","Skript readers.py"
"rpi5-github-catalog","rpi5/rpi5-github-catalog","rpi5\rpi5-github-catalog\venv\lib\python3.11\site-packages\pkg_resources\_vendor\importlib_resources\simple.py",".py","Skript simple.py"
"rpi5-github-catalog","rpi5/rpi5-github-catalog","rpi5\rpi5-github-catalog\venv\lib\python3.11\site-packages\pkg_resources\_vendor\jaraco\text\__init__.py",".py","Skript __init__.py"
"rpi5-github-catalog","rpi5/rpi5-github-catalog","rpi5\rpi5-github-catalog\venv\lib\python3.11\site-packages\pkg_resources\_vendor\jaraco\__init__.py",".py","Skript __init__.py"
"rpi5-github-catalog","rpi5/rpi5-github-catalog","rpi5\rpi5-github-catalog\venv\lib\python3.11\site-packages\pkg_resources\_vendor\jaraco\context.py",".py","Skript context.py"
"rpi5-github-catalog","rpi5/rpi5-github-catalog","rpi5\rpi5-github-catalog\venv\lib\python3.11\site-packages\pkg_resources\_vendor\jaraco\functools.py",".py","Skript functools.py"
"rpi5-github-catalog","rpi5/rpi5-github-catalog","rpi5\rpi5-github-catalog\venv\lib\python3.11\site-packages\pkg_resources\_vendor\more_itertools\__init__.py",".py","Skript __init__.py"
"rpi5-github-catalog","rpi5/rpi5-github-catalog","rpi5\rpi5-github-catalog\venv\lib\python3.11\site-packages\pkg_resources\_vendor\more_itertools\more.py",".py","Skript more.py"
"rpi5-github-catalog","rpi5/rpi5-github-catalog","rpi5\rpi5-github-catalog\venv\lib\python3.11\site-packages\pkg_resources\_vendor\more_itertools\recipes.py",".py","Skript recipes.py"
"rpi5-github-catalog","rpi5/rpi5-github-catalog","rpi5\rpi5-github-catalog\venv\lib\python3.11\site-packages\pkg_resources\_vendor\packaging\__about__.py",".py","This file is dual licensed under the terms of the Apache License, Version"
"rpi5-github-catalog","rpi5/rpi5-github-catalog","rpi5\rpi5-github-catalog\venv\lib\python3.11\site-packages\pkg_resources\_vendor\packaging\__init__.py",".py","This file is dual licensed under the terms of the Apache License, Version"
"rpi5-github-catalog","rpi5/rpi5-github-catalog","rpi5\rpi5-github-catalog\venv\lib\python3.11\site-packages\pkg_resources\_vendor\packaging\_manylinux.py",".py","Skript _manylinux.py"
"rpi5-github-catalog","rpi5/rpi5-github-catalog","rpi5\rpi5-github-catalog\venv\lib\python3.11\site-packages\pkg_resources\_vendor\packaging\_musllinux.py",".py","Skript _musllinux.py"
"rpi5-github-catalog","rpi5/rpi5-github-catalog","rpi5\rpi5-github-catalog\venv\lib\python3.11\site-packages\pkg_resources\_vendor\packaging\_structures.py",".py","This file is dual licensed under the terms of the Apache License, Version"
"rpi5-github-catalog","rpi5/rpi5-github-catalog","rpi5\rpi5-github-catalog\venv\lib\python3.11\site-packages\pkg_resources\_vendor\packaging\markers.py",".py","This file is dual licensed under the terms of the Apache License, Version"
"rpi5-github-catalog","rpi5/rpi5-github-catalog","rpi5\rpi5-github-catalog\venv\lib\python3.11\site-packages\pkg_resources\_vendor\packaging\requirements.py",".py","This file is dual licensed under the terms of the Apache License, Version"
"rpi5-github-catalog","rpi5/rpi5-github-catalog","rpi5\rpi5-github-catalog\venv\lib\python3.11\site-packages\pkg_resources\_vendor\packaging\specifiers.py",".py","This file is dual licensed under the terms of the Apache License, Version"
"rpi5-github-catalog","rpi5/rpi5-github-catalog","rpi5\rpi5-github-catalog\venv\lib\python3.11\site-packages\pkg_resources\_vendor\packaging\tags.py",".py","This file is dual licensed under the terms of the Apache License, Version"
"rpi5-github-catalog","rpi5/rpi5-github-catalog","rpi5\rpi5-github-catalog\venv\lib\python3.11\site-packages\pkg_resources\_vendor\packaging\utils.py",".py","This file is dual licensed under the terms of the Apache License, Version"
"rpi5-github-catalog","rpi5/rpi5-github-catalog","rpi5\rpi5-github-catalog\venv\lib\python3.11\site-packages\pkg_resources\_vendor\packaging\version.py",".py","This file is dual licensed under the terms of the Apache License, Version"
"rpi5-github-catalog","rpi5/rpi5-github-catalog","rpi5\rpi5-github-catalog\venv\lib\python3.11\site-packages\pkg_resources\_vendor\platformdirs\__init__.py",".py","Skript __init__.py"
"rpi5-github-catalog","rpi5/rpi5-github-catalog","rpi5\rpi5-github-catalog\venv\lib\python3.11\site-packages\pkg_resources\_vendor\platformdirs\__main__.py",".py","Skript __main__.py"
"rpi5-github-catalog","rpi5/rpi5-github-catalog","rpi5\rpi5-github-catalog\venv\lib\python3.11\site-packages\pkg_resources\_vendor\platformdirs\android.py",".py","Skript android.py"
"rpi5-github-catalog","rpi5/rpi5-github-catalog","rpi5\rpi5-github-catalog\venv\lib\python3.11\site-packages\pkg_resources\_vendor\platformdirs\api.py",".py","Skript api.py"
"rpi5-github-catalog","rpi5/rpi5-github-catalog","rpi5\rpi5-github-catalog\venv\lib\python3.11\site-packages\pkg_resources\_vendor\platformdirs\macos.py",".py","Skript macos.py"
"rpi5-github-catalog","rpi5/rpi5-github-catalog","rpi5\rpi5-github-catalog\venv\lib\python3.11\site-packages\pkg_resources\_vendor\platformdirs\unix.py",".py","Skript unix.py"
"rpi5-github-catalog","rpi5/rpi5-github-catalog","rpi5\rpi5-github-catalog\venv\lib\python3.11\site-packages\pkg_resources\_vendor\platformdirs\version.py",".py","file generated by setuptools_scm"
"rpi5-github-catalog","rpi5/rpi5-github-catalog","rpi5\rpi5-github-catalog\venv\lib\python3.11\site-packages\pkg_resources\_vendor\platformdirs\windows.py",".py","Skript windows.py"
"rpi5-github-catalog","rpi5/rpi5-github-catalog","rpi5\rpi5-github-catalog\venv\lib\python3.11\site-packages\pkg_resources\_vendor\pyparsing\diagram\__init__.py",".py","Skript __init__.py"
"rpi5-github-catalog","rpi5/rpi5-github-catalog","rpi5\rpi5-github-catalog\venv\lib\python3.11\site-packages\pkg_resources\_vendor\pyparsing\__init__.py",".py","module pyparsing.py"
"rpi5-github-catalog","rpi5/rpi5-github-catalog","rpi5\rpi5-github-catalog\venv\lib\python3.11\site-packages\pkg_resources\_vendor\pyparsing\actions.py",".py","actions.py"
"rpi5-github-catalog","rpi5/rpi5-github-catalog","rpi5\rpi5-github-catalog\venv\lib\python3.11\site-packages\pkg_resources\_vendor\pyparsing\common.py",".py","common.py"
"rpi5-github-catalog","rpi5/rpi5-github-catalog","rpi5\rpi5-github-catalog\venv\lib\python3.11\site-packages\pkg_resources\_vendor\pyparsing\core.py",".py","core.py"
"rpi5-github-catalog","rpi5/rpi5-github-catalog","rpi5\rpi5-github-catalog\venv\lib\python3.11\site-packages\pkg_resources\_vendor\pyparsing\exceptions.py",".py","exceptions.py"
"rpi5-github-catalog","rpi5/rpi5-github-catalog","rpi5\rpi5-github-catalog\venv\lib\python3.11\site-packages\pkg_resources\_vendor\pyparsing\helpers.py",".py","helpers.py"
"rpi5-github-catalog","rpi5/rpi5-github-catalog","rpi5\rpi5-github-catalog\venv\lib\python3.11\site-packages\pkg_resources\_vendor\pyparsing\results.py",".py","results.py"
"rpi5-github-catalog","rpi5/rpi5-github-catalog","rpi5\rpi5-github-catalog\venv\lib\python3.11\site-packages\pkg_resources\_vendor\pyparsing\testing.py",".py","testing.py"
"rpi5-github-catalog","rpi5/rpi5-github-catalog","rpi5\rpi5-github-catalog\venv\lib\python3.11\site-packages\pkg_resources\_vendor\pyparsing\unicode.py",".py","unicode.py"
"rpi5-github-catalog","rpi5/rpi5-github-catalog","rpi5\rpi5-github-catalog\venv\lib\python3.11\site-packages\pkg_resources\_vendor\pyparsing\util.py",".py","util.py"
"rpi5-github-catalog","rpi5/rpi5-github-catalog","rpi5\rpi5-github-catalog\venv\lib\python3.11\site-packages\pkg_resources\_vendor\__init__.py",".py","Skript __init__.py"
"rpi5-github-catalog","rpi5/rpi5-github-catalog","rpi5\rpi5-github-catalog\venv\lib\python3.11\site-packages\pkg_resources\_vendor\typing_extensions.py",".py","Skript typing_extensions.py"
"rpi5-github-catalog","rpi5/rpi5-github-catalog","rpi5\rpi5-github-catalog\venv\lib\python3.11\site-packages\pkg_resources\_vendor\zipp.py",".py","Skript zipp.py"
"rpi5-github-catalog","rpi5/rpi5-github-catalog","rpi5\rpi5-github-catalog\venv\lib\python3.11\site-packages\pkg_resources\extern\__init__.py",".py","Skript __init__.py"
"rpi5-github-catalog","rpi5/rpi5-github-catalog","rpi5\rpi5-github-catalog\venv\lib\python3.11\site-packages\pkg_resources\__init__.py",".py","Skript __init__.py"
"rpi5-github-catalog","rpi5/rpi5-github-catalog","rpi5\rpi5-github-catalog\venv\lib\python3.11\site-packages\requests\__init__.py",".py","__"
"rpi5-github-catalog","rpi5/rpi5-github-catalog","rpi5\rpi5-github-catalog\venv\lib\python3.11\site-packages\requests\__version__.py",".py",".-. .-. .-. . . .-. .-. .-. .-."
"rpi5-github-catalog","rpi5/rpi5-github-catalog","rpi5\rpi5-github-catalog\venv\lib\python3.11\site-packages\requests\_internal_utils.py",".py","Skript _internal_utils.py"
"rpi5-github-catalog","rpi5/rpi5-github-catalog","rpi5\rpi5-github-catalog\venv\lib\python3.11\site-packages\requests\adapters.py",".py","Skript adapters.py"
"rpi5-github-catalog","rpi5/rpi5-github-catalog","rpi5\rpi5-github-catalog\venv\lib\python3.11\site-packages\requests\api.py",".py","Skript api.py"
"rpi5-github-catalog","rpi5/rpi5-github-catalog","rpi5\rpi5-github-catalog\venv\lib\python3.11\site-packages\requests\auth.py",".py","Skript auth.py"
"rpi5-github-catalog","rpi5/rpi5-github-catalog","rpi5\rpi5-github-catalog\venv\lib\python3.11\site-packages\requests\certs.py",".py","!/usr/bin/env python"
"rpi5-github-catalog","rpi5/rpi5-github-catalog","rpi5\rpi5-github-catalog\venv\lib\python3.11\site-packages\requests\compat.py",".py","Skript compat.py"
"rpi5-github-catalog","rpi5/rpi5-github-catalog","rpi5\rpi5-github-catalog\venv\lib\python3.11\site-packages\requests\cookies.py",".py","Skript cookies.py"
"rpi5-github-catalog","rpi5/rpi5-github-catalog","rpi5\rpi5-github-catalog\venv\lib\python3.11\site-packages\requests\exceptions.py",".py","Skript exceptions.py"
"rpi5-github-catalog","rpi5/rpi5-github-catalog","rpi5\rpi5-github-catalog\venv\lib\python3.11\site-packages\requests\help.py",".py","Skript help.py"
"rpi5-github-catalog","rpi5/rpi5-github-catalog","rpi5\rpi5-github-catalog\venv\lib\python3.11\site-packages\requests\hooks.py",".py","Skript hooks.py"
"rpi5-github-catalog","rpi5/rpi5-github-catalog","rpi5\rpi5-github-catalog\venv\lib\python3.11\site-packages\requests\models.py",".py","Skript models.py"
"rpi5-github-catalog","rpi5/rpi5-github-catalog","rpi5\rpi5-github-catalog\venv\lib\python3.11\site-packages\requests\packages.py",".py","This code exists for backwards compatibility reasons."
"rpi5-github-catalog","rpi5/rpi5-github-catalog","rpi5\rpi5-github-catalog\venv\lib\python3.11\site-packages\requests\sessions.py",".py","Skript sessions.py"
"rpi5-github-catalog","rpi5/rpi5-github-catalog","rpi5\rpi5-github-catalog\venv\lib\python3.11\site-packages\requests\status_codes.py",".py","Skript status_codes.py"
"rpi5-github-catalog","rpi5/rpi5-github-catalog","rpi5\rpi5-github-catalog\venv\lib\python3.11\site-packages\requests\structures.py",".py","Skript structures.py"
"rpi5-github-catalog","rpi5/rpi5-github-catalog","rpi5\rpi5-github-catalog\venv\lib\python3.11\site-packages\requests\utils.py",".py","Skript utils.py"
"rpi5-github-catalog","rpi5/rpi5-github-catalog","rpi5\rpi5-github-catalog\venv\lib\python3.11\site-packages\setuptools\_distutils\command\__init__.py",".py","Skript __init__.py"
"rpi5-github-catalog","rpi5/rpi5-github-catalog","rpi5\rpi5-github-catalog\venv\lib\python3.11\site-packages\setuptools\_distutils\command\_framework_compat.py",".py","Skript _framework_compat.py"
"rpi5-github-catalog","rpi5/rpi5-github-catalog","rpi5\rpi5-github-catalog\venv\lib\python3.11\site-packages\setuptools\_distutils\command\bdist_dumb.py",".py","Skript bdist_dumb.py"
"rpi5-github-catalog","rpi5/rpi5-github-catalog","rpi5\rpi5-github-catalog\venv\lib\python3.11\site-packages\setuptools\_distutils\command\bdist_rpm.py",".py","Skript bdist_rpm.py"
"rpi5-github-catalog","rpi5/rpi5-github-catalog","rpi5\rpi5-github-catalog\venv\lib\python3.11\site-packages\setuptools\_distutils\command\bdist.py",".py","Skript bdist.py"
"rpi5-github-catalog","rpi5/rpi5-github-catalog","rpi5\rpi5-github-catalog\venv\lib\python3.11\site-packages\setuptools\_distutils\command\build_clib.py",".py","Skript build_clib.py"
"rpi5-github-catalog","rpi5/rpi5-github-catalog","rpi5\rpi5-github-catalog\venv\lib\python3.11\site-packages\setuptools\_distutils\command\build_ext.py",".py","Skript build_ext.py"
"rpi5-github-catalog","rpi5/rpi5-github-catalog","rpi5\rpi5-github-catalog\venv\lib\python3.11\site-packages\setuptools\_distutils\command\build_py.py",".py","Skript build_py.py"
"rpi5-github-catalog","rpi5/rpi5-github-catalog","rpi5\rpi5-github-catalog\venv\lib\python3.11\site-packages\setuptools\_distutils\command\build_scripts.py",".py","Skript build_scripts.py"
"rpi5-github-catalog","rpi5/rpi5-github-catalog","rpi5\rpi5-github-catalog\venv\lib\python3.11\site-packages\setuptools\_distutils\command\build.py",".py","Skript build.py"
"rpi5-github-catalog","rpi5/rpi5-github-catalog","rpi5\rpi5-github-catalog\venv\lib\python3.11\site-packages\setuptools\_distutils\command\clean.py",".py","contributed by Bastian Kleineidam <calvin@cs.uni-sb.de>, added 2000-03-18"
"rpi5-github-catalog","rpi5/rpi5-github-catalog","rpi5\rpi5-github-catalog\venv\lib\python3.11\site-packages\setuptools\_distutils\command\config.py",".py","Skript config.py"
"rpi5-github-catalog","rpi5/rpi5-github-catalog","rpi5\rpi5-github-catalog\venv\lib\python3.11\site-packages\setuptools\_distutils\command\check.py",".py","Skript check.py"
"rpi5-github-catalog","rpi5/rpi5-github-catalog","rpi5\rpi5-github-catalog\venv\lib\python3.11\site-packages\setuptools\_distutils\command\install_data.py",".py","Skript install_data.py"
"rpi5-github-catalog","rpi5/rpi5-github-catalog","rpi5\rpi5-github-catalog\venv\lib\python3.11\site-packages\setuptools\_distutils\command\install_egg_info.py",".py","Skript install_egg_info.py"
"rpi5-github-catalog","rpi5/rpi5-github-catalog","rpi5\rpi5-github-catalog\venv\lib\python3.11\site-packages\setuptools\_distutils\command\install_headers.py",".py","Skript install_headers.py"
"rpi5-github-catalog","rpi5/rpi5-github-catalog","rpi5\rpi5-github-catalog\venv\lib\python3.11\site-packages\setuptools\_distutils\command\install_lib.py",".py","Skript install_lib.py"
"rpi5-github-catalog","rpi5/rpi5-github-catalog","rpi5\rpi5-github-catalog\venv\lib\python3.11\site-packages\setuptools\_distutils\command\install_scripts.py",".py","Skript install_scripts.py"
"rpi5-github-catalog","rpi5/rpi5-github-catalog","rpi5\rpi5-github-catalog\venv\lib\python3.11\site-packages\setuptools\_distutils\command\install.py",".py","Skript install.py"
"rpi5-github-catalog","rpi5/rpi5-github-catalog","rpi5\rpi5-github-catalog\venv\lib\python3.11\site-packages\setuptools\_distutils\command\py37compat.py",".py","Skript py37compat.py"
"rpi5-github-catalog","rpi5/rpi5-github-catalog","rpi5\rpi5-github-catalog\venv\lib\python3.11\site-packages\setuptools\_distutils\command\register.py",".py","Skript register.py"
"rpi5-github-catalog","rpi5/rpi5-github-catalog","rpi5\rpi5-github-catalog\venv\lib\python3.11\site-packages\setuptools\_distutils\command\sdist.py",".py","Skript sdist.py"
"rpi5-github-catalog","rpi5/rpi5-github-catalog","rpi5\rpi5-github-catalog\venv\lib\python3.11\site-packages\setuptools\_distutils\command\upload.py",".py","Skript upload.py"
"rpi5-github-catalog","rpi5/rpi5-github-catalog","rpi5\rpi5-github-catalog\venv\lib\python3.11\site-packages\setuptools\_distutils\__init__.py",".py","Skript __init__.py"
"rpi5-github-catalog","rpi5/rpi5-github-catalog","rpi5\rpi5-github-catalog\venv\lib\python3.11\site-packages\setuptools\_distutils\_collections.py",".py","Skript _collections.py"
"rpi5-github-catalog","rpi5/rpi5-github-catalog","rpi5\rpi5-github-catalog\venv\lib\python3.11\site-packages\setuptools\_distutils\_functools.py",".py","from jaraco.functools 3.5"
"rpi5-github-catalog","rpi5/rpi5-github-catalog","rpi5\rpi5-github-catalog\venv\lib\python3.11\site-packages\setuptools\_distutils\_log.py",".py","Skript _log.py"
"rpi5-github-catalog","rpi5/rpi5-github-catalog","rpi5\rpi5-github-catalog\venv\lib\python3.11\site-packages\setuptools\_distutils\_macos_compat.py",".py","Skript _macos_compat.py"
"rpi5-github-catalog","rpi5/rpi5-github-catalog","rpi5\rpi5-github-catalog\venv\lib\python3.11\site-packages\setuptools\_distutils\_msvccompiler.py",".py","Skript _msvccompiler.py"
"rpi5-github-catalog","rpi5/rpi5-github-catalog","rpi5\rpi5-github-catalog\venv\lib\python3.11\site-packages\setuptools\_distutils\archive_util.py",".py","Skript archive_util.py"
"rpi5-github-catalog","rpi5/rpi5-github-catalog","rpi5\rpi5-github-catalog\venv\lib\python3.11\site-packages\setuptools\_distutils\bcppcompiler.py",".py","Skript bcppcompiler.py"
"rpi5-github-catalog","rpi5/rpi5-github-catalog","rpi5\rpi5-github-catalog\venv\lib\python3.11\site-packages\setuptools\_distutils\ccompiler.py",".py","Skript ccompiler.py"
"rpi5-github-catalog","rpi5/rpi5-github-catalog","rpi5\rpi5-github-catalog\venv\lib\python3.11\site-packages\setuptools\_distutils\cmd.py",".py","Skript cmd.py"
"rpi5-github-catalog","rpi5/rpi5-github-catalog","rpi5\rpi5-github-catalog\venv\lib\python3.11\site-packages\setuptools\_distutils\config.py",".py","Skript config.py"
"rpi5-github-catalog","rpi5/rpi5-github-catalog","rpi5\rpi5-github-catalog\venv\lib\python3.11\site-packages\setuptools\_distutils\core.py",".py","Skript core.py"
"rpi5-github-catalog","rpi5/rpi5-github-catalog","rpi5\rpi5-github-catalog\venv\lib\python3.11\site-packages\setuptools\_distutils\cygwinccompiler.py",".py","Skript cygwinccompiler.py"
"rpi5-github-catalog","rpi5/rpi5-github-catalog","rpi5\rpi5-github-catalog\venv\lib\python3.11\site-packages\setuptools\_distutils\debug.py",".py","If DISTUTILS_DEBUG is anything other than the empty string, we run in"
"rpi5-github-catalog","rpi5/rpi5-github-catalog","rpi5\rpi5-github-catalog\venv\lib\python3.11\site-packages\setuptools\_distutils\dep_util.py",".py","Skript dep_util.py"
"rpi5-github-catalog","rpi5/rpi5-github-catalog","rpi5\rpi5-github-catalog\venv\lib\python3.11\site-packages\setuptools\_distutils\dir_util.py",".py","Skript dir_util.py"
"rpi5-github-catalog","rpi5/rpi5-github-catalog","rpi5\rpi5-github-catalog\venv\lib\python3.11\site-packages\setuptools\_distutils\dist.py",".py","Skript dist.py"
"rpi5-github-catalog","rpi5/rpi5-github-catalog","rpi5\rpi5-github-catalog\venv\lib\python3.11\site-packages\setuptools\_distutils\errors.py",".py","Skript errors.py"
"rpi5-github-catalog","rpi5/rpi5-github-catalog","rpi5\rpi5-github-catalog\venv\lib\python3.11\site-packages\setuptools\_distutils\extension.py",".py","Skript extension.py"
"rpi5-github-catalog","rpi5/rpi5-github-catalog","rpi5\rpi5-github-catalog\venv\lib\python3.11\site-packages\setuptools\_distutils\fancy_getopt.py",".py","Skript fancy_getopt.py"
"rpi5-github-catalog","rpi5/rpi5-github-catalog","rpi5\rpi5-github-catalog\venv\lib\python3.11\site-packages\setuptools\_distutils\file_util.py",".py","Skript file_util.py"
"rpi5-github-catalog","rpi5/rpi5-github-catalog","rpi5\rpi5-github-catalog\venv\lib\python3.11\site-packages\setuptools\_distutils\filelist.py",".py","Skript filelist.py"
"rpi5-github-catalog","rpi5/rpi5-github-catalog","rpi5\rpi5-github-catalog\venv\lib\python3.11\site-packages\setuptools\_distutils\log.py",".py","Skript log.py"
"rpi5-github-catalog","rpi5/rpi5-github-catalog","rpi5\rpi5-github-catalog\venv\lib\python3.11\site-packages\setuptools\_distutils\msvc9compiler.py",".py","Skript msvc9compiler.py"
"rpi5-github-catalog","rpi5/rpi5-github-catalog","rpi5\rpi5-github-catalog\venv\lib\python3.11\site-packages\setuptools\_distutils\msvccompiler.py",".py","Skript msvccompiler.py"
"rpi5-github-catalog","rpi5/rpi5-github-catalog","rpi5\rpi5-github-catalog\venv\lib\python3.11\site-packages\setuptools\_distutils\py38compat.py",".py","Skript py38compat.py"
"rpi5-github-catalog","rpi5/rpi5-github-catalog","rpi5\rpi5-github-catalog\venv\lib\python3.11\site-packages\setuptools\_distutils\py39compat.py",".py","Skript py39compat.py"
"rpi5-github-catalog","rpi5/rpi5-github-catalog","rpi5\rpi5-github-catalog\venv\lib\python3.11\site-packages\setuptools\_distutils\spawn.py",".py","Skript spawn.py"
"rpi5-github-catalog","rpi5/rpi5-github-catalog","rpi5\rpi5-github-catalog\venv\lib\python3.11\site-packages\setuptools\_distutils\sysconfig.py",".py","Skript sysconfig.py"
"rpi5-github-catalog","rpi5/rpi5-github-catalog","rpi5\rpi5-github-catalog\venv\lib\python3.11\site-packages\setuptools\_distutils\text_file.py",".py","Skript text_file.py"
"rpi5-github-catalog","rpi5/rpi5-github-catalog","rpi5\rpi5-github-catalog\venv\lib\python3.11\site-packages\setuptools\_distutils\unixccompiler.py",".py","Skript unixccompiler.py"
"rpi5-github-catalog","rpi5/rpi5-github-catalog","rpi5\rpi5-github-catalog\venv\lib\python3.11\site-packages\setuptools\_distutils\util.py",".py","Skript util.py"
"rpi5-github-catalog","rpi5/rpi5-github-catalog","rpi5\rpi5-github-catalog\venv\lib\python3.11\site-packages\setuptools\_distutils\version.py",".py","distutils/version.py"
"rpi5-github-catalog","rpi5/rpi5-github-catalog","rpi5\rpi5-github-catalog\venv\lib\python3.11\site-packages\setuptools\_distutils\versionpredicate.py",".py","Skript versionpredicate.py"
"rpi5-github-catalog","rpi5/rpi5-github-catalog","rpi5\rpi5-github-catalog\venv\lib\python3.11\site-packages\setuptools\_vendor\importlib_metadata\__init__.py",".py","Skript __init__.py"
"rpi5-github-catalog","rpi5/rpi5-github-catalog","rpi5\rpi5-github-catalog\venv\lib\python3.11\site-packages\setuptools\_vendor\importlib_metadata\_adapters.py",".py","Skript _adapters.py"
"rpi5-github-catalog","rpi5/rpi5-github-catalog","rpi5\rpi5-github-catalog\venv\lib\python3.11\site-packages\setuptools\_vendor\importlib_metadata\_collections.py",".py","from jaraco.collections 3.3"
"rpi5-github-catalog","rpi5/rpi5-github-catalog","rpi5\rpi5-github-catalog\venv\lib\python3.11\site-packages\setuptools\_vendor\importlib_metadata\_compat.py",".py","Skript _compat.py"
"rpi5-github-catalog","rpi5/rpi5-github-catalog","rpi5\rpi5-github-catalog\venv\lib\python3.11\site-packages\setuptools\_vendor\importlib_metadata\_functools.py",".py","from jaraco.functools 3.3"
"rpi5-github-catalog","rpi5/rpi5-github-catalog","rpi5\rpi5-github-catalog\venv\lib\python3.11\site-packages\setuptools\_vendor\importlib_metadata\_itertools.py",".py","Skript _itertools.py"
"rpi5-github-catalog","rpi5/rpi5-github-catalog","rpi5\rpi5-github-catalog\venv\lib\python3.11\site-packages\setuptools\_vendor\importlib_metadata\_meta.py",".py","Skript _meta.py"
"rpi5-github-catalog","rpi5/rpi5-github-catalog","rpi5\rpi5-github-catalog\venv\lib\python3.11\site-packages\setuptools\_vendor\importlib_metadata\_text.py",".py","Skript _text.py"
"rpi5-github-catalog","rpi5/rpi5-github-catalog","rpi5\rpi5-github-catalog\venv\lib\python3.11\site-packages\setuptools\_vendor\importlib_resources\__init__.py",".py","Skript __init__.py"
"rpi5-github-catalog","rpi5/rpi5-github-catalog","rpi5\rpi5-github-catalog\venv\lib\python3.11\site-packages\setuptools\_vendor\importlib_resources\_adapters.py",".py","Skript _adapters.py"
"rpi5-github-catalog","rpi5/rpi5-github-catalog","rpi5\rpi5-github-catalog\venv\lib\python3.11\site-packages\setuptools\_vendor\importlib_resources\_common.py",".py","Skript _common.py"
"rpi5-github-catalog","rpi5/rpi5-github-catalog","rpi5\rpi5-github-catalog\venv\lib\python3.11\site-packages\setuptools\_vendor\importlib_resources\_compat.py",".py","flake8: noqa"
"rpi5-github-catalog","rpi5/rpi5-github-catalog","rpi5\rpi5-github-catalog\venv\lib\python3.11\site-packages\setuptools\_vendor\importlib_resources\_itertools.py",".py","Skript _itertools.py"
"rpi5-github-catalog","rpi5/rpi5-github-catalog","rpi5\rpi5-github-catalog\venv\lib\python3.11\site-packages\setuptools\_vendor\importlib_resources\_legacy.py",".py","Skript _legacy.py"
"rpi5-github-catalog","rpi5/rpi5-github-catalog","rpi5\rpi5-github-catalog\venv\lib\python3.11\site-packages\setuptools\_vendor\importlib_resources\abc.py",".py","Skript abc.py"
"rpi5-github-catalog","rpi5/rpi5-github-catalog","rpi5\rpi5-github-catalog\venv\lib\python3.11\site-packages\setuptools\_vendor\importlib_resources\readers.py",".py","Skript readers.py"
"rpi5-github-catalog","rpi5/rpi5-github-catalog","rpi5\rpi5-github-catalog\venv\lib\python3.11\site-packages\setuptools\_vendor\importlib_resources\simple.py",".py","Skript simple.py"
"rpi5-github-catalog","rpi5/rpi5-github-catalog","rpi5\rpi5-github-catalog\venv\lib\python3.11\site-packages\setuptools\_vendor\jaraco\text\__init__.py",".py","Skript __init__.py"
"rpi5-github-catalog","rpi5/rpi5-github-catalog","rpi5\rpi5-github-catalog\venv\lib\python3.11\site-packages\setuptools\_vendor\jaraco\__init__.py",".py","Skript __init__.py"
"rpi5-github-catalog","rpi5/rpi5-github-catalog","rpi5\rpi5-github-catalog\venv\lib\python3.11\site-packages\setuptools\_vendor\jaraco\context.py",".py","Skript context.py"
"rpi5-github-catalog","rpi5/rpi5-github-catalog","rpi5\rpi5-github-catalog\venv\lib\python3.11\site-packages\setuptools\_vendor\jaraco\functools.py",".py","Skript functools.py"
"rpi5-github-catalog","rpi5/rpi5-github-catalog","rpi5\rpi5-github-catalog\venv\lib\python3.11\site-packages\setuptools\_vendor\more_itertools\__init__.py",".py","Skript __init__.py"
"rpi5-github-catalog","rpi5/rpi5-github-catalog","rpi5\rpi5-github-catalog\venv\lib\python3.11\site-packages\setuptools\_vendor\more_itertools\more.py",".py","Skript more.py"
"rpi5-github-catalog","rpi5/rpi5-github-catalog","rpi5\rpi5-github-catalog\venv\lib\python3.11\site-packages\setuptools\_vendor\more_itertools\recipes.py",".py","Skript recipes.py"
"rpi5-github-catalog","rpi5/rpi5-github-catalog","rpi5\rpi5-github-catalog\venv\lib\python3.11\site-packages\setuptools\_vendor\packaging\__about__.py",".py","This file is dual licensed under the terms of the Apache License, Version"
"rpi5-github-catalog","rpi5/rpi5-github-catalog","rpi5\rpi5-github-catalog\venv\lib\python3.11\site-packages\setuptools\_vendor\packaging\__init__.py",".py","This file is dual licensed under the terms of the Apache License, Version"
"rpi5-github-catalog","rpi5/rpi5-github-catalog","rpi5\rpi5-github-catalog\venv\lib\python3.11\site-packages\setuptools\_vendor\packaging\_manylinux.py",".py","Skript _manylinux.py"
"rpi5-github-catalog","rpi5/rpi5-github-catalog","rpi5\rpi5-github-catalog\venv\lib\python3.11\site-packages\setuptools\_vendor\packaging\_musllinux.py",".py","Skript _musllinux.py"
"rpi5-github-catalog","rpi5/rpi5-github-catalog","rpi5\rpi5-github-catalog\venv\lib\python3.11\site-packages\setuptools\_vendor\packaging\_structures.py",".py","This file is dual licensed under the terms of the Apache License, Version"
"rpi5-github-catalog","rpi5/rpi5-github-catalog","rpi5\rpi5-github-catalog\venv\lib\python3.11\site-packages\setuptools\_vendor\packaging\markers.py",".py","This file is dual licensed under the terms of the Apache License, Version"
"rpi5-github-catalog","rpi5/rpi5-github-catalog","rpi5\rpi5-github-catalog\venv\lib\python3.11\site-packages\setuptools\_vendor\packaging\requirements.py",".py","This file is dual licensed under the terms of the Apache License, Version"
"rpi5-github-catalog","rpi5/rpi5-github-catalog","rpi5\rpi5-github-catalog\venv\lib\python3.11\site-packages\setuptools\_vendor\packaging\specifiers.py",".py","This file is dual licensed under the terms of the Apache License, Version"
"rpi5-github-catalog","rpi5/rpi5-github-catalog","rpi5\rpi5-github-catalog\venv\lib\python3.11\site-packages\setuptools\_vendor\packaging\tags.py",".py","This file is dual licensed under the terms of the Apache License, Version"
"rpi5-github-catalog","rpi5/rpi5-github-catalog","rpi5\rpi5-github-catalog\venv\lib\python3.11\site-packages\setuptools\_vendor\packaging\utils.py",".py","This file is dual licensed under the terms of the Apache License, Version"
"rpi5-github-catalog","rpi5/rpi5-github-catalog","rpi5\rpi5-github-catalog\venv\lib\python3.11\site-packages\setuptools\_vendor\packaging\version.py",".py","This file is dual licensed under the terms of the Apache License, Version"
"rpi5-github-catalog","rpi5/rpi5-github-catalog","rpi5\rpi5-github-catalog\venv\lib\python3.11\site-packages\setuptools\_vendor\pyparsing\diagram\__init__.py",".py","Skript __init__.py"
"rpi5-github-catalog","rpi5/rpi5-github-catalog","rpi5\rpi5-github-catalog\venv\lib\python3.11\site-packages\setuptools\_vendor\pyparsing\__init__.py",".py","module pyparsing.py"
"rpi5-github-catalog","rpi5/rpi5-github-catalog","rpi5\rpi5-github-catalog\venv\lib\python3.11\site-packages\setuptools\_vendor\pyparsing\actions.py",".py","actions.py"
"rpi5-github-catalog","rpi5/rpi5-github-catalog","rpi5\rpi5-github-catalog\venv\lib\python3.11\site-packages\setuptools\_vendor\pyparsing\common.py",".py","common.py"
"rpi5-github-catalog","rpi5/rpi5-github-catalog","rpi5\rpi5-github-catalog\venv\lib\python3.11\site-packages\setuptools\_vendor\pyparsing\core.py",".py","core.py"
"rpi5-github-catalog","rpi5/rpi5-github-catalog","rpi5\rpi5-github-catalog\venv\lib\python3.11\site-packages\setuptools\_vendor\pyparsing\exceptions.py",".py","exceptions.py"
"rpi5-github-catalog","rpi5/rpi5-github-catalog","rpi5\rpi5-github-catalog\venv\lib\python3.11\site-packages\setuptools\_vendor\pyparsing\helpers.py",".py","helpers.py"
"rpi5-github-catalog","rpi5/rpi5-github-catalog","rpi5\rpi5-github-catalog\venv\lib\python3.11\site-packages\setuptools\_vendor\pyparsing\results.py",".py","results.py"
"rpi5-github-catalog","rpi5/rpi5-github-catalog","rpi5\rpi5-github-catalog\venv\lib\python3.11\site-packages\setuptools\_vendor\pyparsing\testing.py",".py","testing.py"
"rpi5-github-catalog","rpi5/rpi5-github-catalog","rpi5\rpi5-github-catalog\venv\lib\python3.11\site-packages\setuptools\_vendor\pyparsing\unicode.py",".py","unicode.py"
"rpi5-github-catalog","rpi5/rpi5-github-catalog","rpi5\rpi5-github-catalog\venv\lib\python3.11\site-packages\setuptools\_vendor\pyparsing\util.py",".py","util.py"
"rpi5-github-catalog","rpi5/rpi5-github-catalog","rpi5\rpi5-github-catalog\venv\lib\python3.11\site-packages\setuptools\_vendor\tomli\__init__.py",".py","SPDX-License-Identifier: MIT"
"rpi5-github-catalog","rpi5/rpi5-github-catalog","rpi5\rpi5-github-catalog\venv\lib\python3.11\site-packages\setuptools\_vendor\tomli\_parser.py",".py","SPDX-License-Identifier: MIT"
"rpi5-github-catalog","rpi5/rpi5-github-catalog","rpi5\rpi5-github-catalog\venv\lib\python3.11\site-packages\setuptools\_vendor\tomli\_re.py",".py","SPDX-License-Identifier: MIT"
"rpi5-github-catalog","rpi5/rpi5-github-catalog","rpi5\rpi5-github-catalog\venv\lib\python3.11\site-packages\setuptools\_vendor\tomli\_types.py",".py","SPDX-License-Identifier: MIT"
"rpi5-github-catalog","rpi5/rpi5-github-catalog","rpi5\rpi5-github-catalog\venv\lib\python3.11\site-packages\setuptools\_vendor\__init__.py",".py","Skript __init__.py"
"rpi5-github-catalog","rpi5/rpi5-github-catalog","rpi5\rpi5-github-catalog\venv\lib\python3.11\site-packages\setuptools\_vendor\ordered_set.py",".py","Skript ordered_set.py"
"rpi5-github-catalog","rpi5/rpi5-github-catalog","rpi5\rpi5-github-catalog\venv\lib\python3.11\site-packages\setuptools\_vendor\typing_extensions.py",".py","Skript typing_extensions.py"
"rpi5-github-catalog","rpi5/rpi5-github-catalog","rpi5\rpi5-github-catalog\venv\lib\python3.11\site-packages\setuptools\_vendor\zipp.py",".py","Skript zipp.py"
"rpi5-github-catalog","rpi5/rpi5-github-catalog","rpi5\rpi5-github-catalog\venv\lib\python3.11\site-packages\setuptools\command\__init__.py",".py","Skript __init__.py"
"rpi5-github-catalog","rpi5/rpi5-github-catalog","rpi5\rpi5-github-catalog\venv\lib\python3.11\site-packages\setuptools\command\alias.py",".py","Skript alias.py"
"rpi5-github-catalog","rpi5/rpi5-github-catalog","rpi5\rpi5-github-catalog\venv\lib\python3.11\site-packages\setuptools\command\bdist_egg.py",".py","Skript bdist_egg.py"
"rpi5-github-catalog","rpi5/rpi5-github-catalog","rpi5\rpi5-github-catalog\venv\lib\python3.11\site-packages\setuptools\command\bdist_rpm.py",".py","Skript bdist_rpm.py"
"rpi5-github-catalog","rpi5/rpi5-github-catalog","rpi5\rpi5-github-catalog\venv\lib\python3.11\site-packages\setuptools\command\build_clib.py",".py","Skript build_clib.py"
"rpi5-github-catalog","rpi5/rpi5-github-catalog","rpi5\rpi5-github-catalog\venv\lib\python3.11\site-packages\setuptools\command\build_ext.py",".py","Skript build_ext.py"
"rpi5-github-catalog","rpi5/rpi5-github-catalog","rpi5\rpi5-github-catalog\venv\lib\python3.11\site-packages\setuptools\command\build_py.py",".py","Skript build_py.py"
"rpi5-github-catalog","rpi5/rpi5-github-catalog","rpi5\rpi5-github-catalog\venv\lib\python3.11\site-packages\setuptools\command\build.py",".py","Skript build.py"
"rpi5-github-catalog","rpi5/rpi5-github-catalog","rpi5\rpi5-github-catalog\venv\lib\python3.11\site-packages\setuptools\command\develop.py",".py","Skript develop.py"
"rpi5-github-catalog","rpi5/rpi5-github-catalog","rpi5\rpi5-github-catalog\venv\lib\python3.11\site-packages\setuptools\command\dist_info.py",".py","Skript dist_info.py"
"rpi5-github-catalog","rpi5/rpi5-github-catalog","rpi5\rpi5-github-catalog\venv\lib\python3.11\site-packages\setuptools\command\easy_install.py",".py","Skript easy_install.py"
"rpi5-github-catalog","rpi5/rpi5-github-catalog","rpi5\rpi5-github-catalog\venv\lib\python3.11\site-packages\setuptools\command\editable_wheel.py",".py","Skript editable_wheel.py"
"rpi5-github-catalog","rpi5/rpi5-github-catalog","rpi5\rpi5-github-catalog\venv\lib\python3.11\site-packages\setuptools\command\egg_info.py",".py","Skript egg_info.py"
"rpi5-github-catalog","rpi5/rpi5-github-catalog","rpi5\rpi5-github-catalog\venv\lib\python3.11\site-packages\setuptools\command\install_egg_info.py",".py","Skript install_egg_info.py"
"rpi5-github-catalog","rpi5/rpi5-github-catalog","rpi5\rpi5-github-catalog\venv\lib\python3.11\site-packages\setuptools\command\install_lib.py",".py","Skript install_lib.py"
"rpi5-github-catalog","rpi5/rpi5-github-catalog","rpi5\rpi5-github-catalog\venv\lib\python3.11\site-packages\setuptools\command\install_scripts.py",".py","Skript install_scripts.py"
"rpi5-github-catalog","rpi5/rpi5-github-catalog","rpi5\rpi5-github-catalog\venv\lib\python3.11\site-packages\setuptools\command\install.py",".py","Skript install.py"
"rpi5-github-catalog","rpi5/rpi5-github-catalog","rpi5\rpi5-github-catalog\venv\lib\python3.11\site-packages\setuptools\command\py36compat.py",".py","Skript py36compat.py"
"rpi5-github-catalog","rpi5/rpi5-github-catalog","rpi5\rpi5-github-catalog\venv\lib\python3.11\site-packages\setuptools\command\register.py",".py","Skript register.py"
"rpi5-github-catalog","rpi5/rpi5-github-catalog","rpi5\rpi5-github-catalog\venv\lib\python3.11\site-packages\setuptools\command\rotate.py",".py","Skript rotate.py"
"rpi5-github-catalog","rpi5/rpi5-github-catalog","rpi5\rpi5-github-catalog\venv\lib\python3.11\site-packages\setuptools\command\saveopts.py",".py","Skript saveopts.py"
"rpi5-github-catalog","rpi5/rpi5-github-catalog","rpi5\rpi5-github-catalog\venv\lib\python3.11\site-packages\setuptools\command\sdist.py",".py","Skript sdist.py"
"rpi5-github-catalog","rpi5/rpi5-github-catalog","rpi5\rpi5-github-catalog\venv\lib\python3.11\site-packages\setuptools\command\setopt.py",".py","Skript setopt.py"
"rpi5-github-catalog","rpi5/rpi5-github-catalog","rpi5\rpi5-github-catalog\venv\lib\python3.11\site-packages\setuptools\command\test.py",".py","Skript test.py"
"rpi5-github-catalog","rpi5/rpi5-github-catalog","rpi5\rpi5-github-catalog\venv\lib\python3.11\site-packages\setuptools\command\upload_docs.py",".py","Skript upload_docs.py"
"rpi5-github-catalog","rpi5/rpi5-github-catalog","rpi5\rpi5-github-catalog\venv\lib\python3.11\site-packages\setuptools\command\upload.py",".py","Skript upload.py"
"rpi5-github-catalog","rpi5/rpi5-github-catalog","rpi5\rpi5-github-catalog\venv\lib\python3.11\site-packages\setuptools\config\_validate_pyproject\__init__.py",".py","Skript __init__.py"
"rpi5-github-catalog","rpi5/rpi5-github-catalog","rpi5\rpi5-github-catalog\venv\lib\python3.11\site-packages\setuptools\config\_validate_pyproject\error_reporting.py",".py","Skript error_reporting.py"
"rpi5-github-catalog","rpi5/rpi5-github-catalog","rpi5\rpi5-github-catalog\venv\lib\python3.11\site-packages\setuptools\config\_validate_pyproject\extra_validations.py",".py","Skript extra_validations.py"
"rpi5-github-catalog","rpi5/rpi5-github-catalog","rpi5\rpi5-github-catalog\venv\lib\python3.11\site-packages\setuptools\config\_validate_pyproject\fastjsonschema_exceptions.py",".py","Skript fastjsonschema_exceptions.py"
"rpi5-github-catalog","rpi5/rpi5-github-catalog","rpi5\rpi5-github-catalog\venv\lib\python3.11\site-packages\setuptools\config\_validate_pyproject\fastjsonschema_validations.py",".py","noqa"
"rpi5-github-catalog","rpi5/rpi5-github-catalog","rpi5\rpi5-github-catalog\venv\lib\python3.11\site-packages\setuptools\config\_validate_pyproject\formats.py",".py","Skript formats.py"
"rpi5-github-catalog","rpi5/rpi5-github-catalog","rpi5\rpi5-github-catalog\venv\lib\python3.11\site-packages\setuptools\config\__init__.py",".py","Skript __init__.py"
"rpi5-github-catalog","rpi5/rpi5-github-catalog","rpi5\rpi5-github-catalog\venv\lib\python3.11\site-packages\setuptools\config\_apply_pyprojecttoml.py",".py","Skript _apply_pyprojecttoml.py"
"rpi5-github-catalog","rpi5/rpi5-github-catalog","rpi5\rpi5-github-catalog\venv\lib\python3.11\site-packages\setuptools\config\expand.py",".py","Skript expand.py"
"rpi5-github-catalog","rpi5/rpi5-github-catalog","rpi5\rpi5-github-catalog\venv\lib\python3.11\site-packages\setuptools\config\pyprojecttoml.py",".py","Skript pyprojecttoml.py"
"rpi5-github-catalog","rpi5/rpi5-github-catalog","rpi5\rpi5-github-catalog\venv\lib\python3.11\site-packages\setuptools\config\setupcfg.py",".py","Skript setupcfg.py"
"rpi5-github-catalog","rpi5/rpi5-github-catalog","rpi5\rpi5-github-catalog\venv\lib\python3.11\site-packages\setuptools\extern\__init__.py",".py","Skript __init__.py"
"rpi5-github-catalog","rpi5/rpi5-github-catalog","rpi5\rpi5-github-catalog\venv\lib\python3.11\site-packages\setuptools\__init__.py",".py","Skript __init__.py"
"rpi5-github-catalog","rpi5/rpi5-github-catalog","rpi5\rpi5-github-catalog\venv\lib\python3.11\site-packages\setuptools\_deprecation_warning.py",".py","Skript _deprecation_warning.py"
"rpi5-github-catalog","rpi5/rpi5-github-catalog","rpi5\rpi5-github-catalog\venv\lib\python3.11\site-packages\setuptools\_entry_points.py",".py","Skript _entry_points.py"
"rpi5-github-catalog","rpi5/rpi5-github-catalog","rpi5\rpi5-github-catalog\venv\lib\python3.11\site-packages\setuptools\_imp.py",".py","Skript _imp.py"
"rpi5-github-catalog","rpi5/rpi5-github-catalog","rpi5\rpi5-github-catalog\venv\lib\python3.11\site-packages\setuptools\_importlib.py",".py","Skript _importlib.py"
"rpi5-github-catalog","rpi5/rpi5-github-catalog","rpi5\rpi5-github-catalog\venv\lib\python3.11\site-packages\setuptools\_itertools.py",".py","copied from jaraco.itertools 6.1"
"rpi5-github-catalog","rpi5/rpi5-github-catalog","rpi5\rpi5-github-catalog\venv\lib\python3.11\site-packages\setuptools\_path.py",".py","Skript _path.py"
"rpi5-github-catalog","rpi5/rpi5-github-catalog","rpi5\rpi5-github-catalog\venv\lib\python3.11\site-packages\setuptools\_reqs.py",".py","Skript _reqs.py"
"rpi5-github-catalog","rpi5/rpi5-github-catalog","rpi5\rpi5-github-catalog\venv\lib\python3.11\site-packages\setuptools\archive_util.py",".py","Skript archive_util.py"
"rpi5-github-catalog","rpi5/rpi5-github-catalog","rpi5\rpi5-github-catalog\venv\lib\python3.11\site-packages\setuptools\build_meta.py",".py","Skript build_meta.py"
"rpi5-github-catalog","rpi5/rpi5-github-catalog","rpi5\rpi5-github-catalog\venv\lib\python3.11\site-packages\setuptools\dep_util.py",".py","yes, this is was almost entirely copy-pasted from"
"rpi5-github-catalog","rpi5/rpi5-github-catalog","rpi5\rpi5-github-catalog\venv\lib\python3.11\site-packages\setuptools\depends.py",".py","Skript depends.py"
"rpi5-github-catalog","rpi5/rpi5-github-catalog","rpi5\rpi5-github-catalog\venv\lib\python3.11\site-packages\setuptools\discovery.py",".py","Skript discovery.py"
"rpi5-github-catalog","rpi5/rpi5-github-catalog","rpi5\rpi5-github-catalog\venv\lib\python3.11\site-packages\setuptools\dist.py",".py","Skript dist.py"
"rpi5-github-catalog","rpi5/rpi5-github-catalog","rpi5\rpi5-github-catalog\venv\lib\python3.11\site-packages\setuptools\errors.py",".py","Skript errors.py"
"rpi5-github-catalog","rpi5/rpi5-github-catalog","rpi5\rpi5-github-catalog\venv\lib\python3.11\site-packages\setuptools\extension.py",".py","Skript extension.py"
"rpi5-github-catalog","rpi5/rpi5-github-catalog","rpi5\rpi5-github-catalog\venv\lib\python3.11\site-packages\setuptools\glob.py",".py","Skript glob.py"
"rpi5-github-catalog","rpi5/rpi5-github-catalog","rpi5\rpi5-github-catalog\venv\lib\python3.11\site-packages\setuptools\installer.py",".py","Skript installer.py"
"rpi5-github-catalog","rpi5/rpi5-github-catalog","rpi5\rpi5-github-catalog\venv\lib\python3.11\site-packages\setuptools\launch.py",".py","Skript launch.py"
"rpi5-github-catalog","rpi5/rpi5-github-catalog","rpi5\rpi5-github-catalog\venv\lib\python3.11\site-packages\setuptools\logging.py",".py","Skript logging.py"
"rpi5-github-catalog","rpi5/rpi5-github-catalog","rpi5\rpi5-github-catalog\venv\lib\python3.11\site-packages\setuptools\monkey.py",".py","Skript monkey.py"
"rpi5-github-catalog","rpi5/rpi5-github-catalog","rpi5\rpi5-github-catalog\venv\lib\python3.11\site-packages\setuptools\msvc.py",".py","Skript msvc.py"
"rpi5-github-catalog","rpi5/rpi5-github-catalog","rpi5\rpi5-github-catalog\venv\lib\python3.11\site-packages\setuptools\namespaces.py",".py","Skript namespaces.py"
"rpi5-github-catalog","rpi5/rpi5-github-catalog","rpi5\rpi5-github-catalog\venv\lib\python3.11\site-packages\setuptools\package_index.py",".py","Skript package_index.py"
"rpi5-github-catalog","rpi5/rpi5-github-catalog","rpi5\rpi5-github-catalog\venv\lib\python3.11\site-packages\setuptools\py34compat.py",".py","Skript py34compat.py"
"rpi5-github-catalog","rpi5/rpi5-github-catalog","rpi5\rpi5-github-catalog\venv\lib\python3.11\site-packages\setuptools\sandbox.py",".py","Skript sandbox.py"
"rpi5-github-catalog","rpi5/rpi5-github-catalog","rpi5\rpi5-github-catalog\venv\lib\python3.11\site-packages\setuptools\unicode_utils.py",".py","HFS Plus uses decomposed UTF-8"
"rpi5-github-catalog","rpi5/rpi5-github-catalog","rpi5\rpi5-github-catalog\venv\lib\python3.11\site-packages\setuptools\version.py",".py","Skript version.py"
"rpi5-github-catalog","rpi5/rpi5-github-catalog","rpi5\rpi5-github-catalog\venv\lib\python3.11\site-packages\setuptools\wheel.py",".py","Skript wheel.py"
"rpi5-github-catalog","rpi5/rpi5-github-catalog","rpi5\rpi5-github-catalog\venv\lib\python3.11\site-packages\setuptools\windows_support.py",".py","Skript windows_support.py"
"rpi5-github-catalog","rpi5/rpi5-github-catalog","rpi5\rpi5-github-catalog\venv\lib\python3.11\site-packages\urllib3\contrib\emscripten\__init__.py",".py","Skript __init__.py"
"rpi5-github-catalog","rpi5/rpi5-github-catalog","rpi5\rpi5-github-catalog\venv\lib\python3.11\site-packages\urllib3\contrib\emscripten\connection.py",".py","Skript connection.py"
"rpi5-github-catalog","rpi5/rpi5-github-catalog","rpi5\rpi5-github-catalog\venv\lib\python3.11\site-packages\urllib3\contrib\emscripten\emscripten_fetch_worker.js",".js","Skript emscripten_fetch_worker.js"
"rpi5-github-catalog","rpi5/rpi5-github-catalog","rpi5\rpi5-github-catalog\venv\lib\python3.11\site-packages\urllib3\contrib\emscripten\fetch.py",".py","Skript fetch.py"
"rpi5-github-catalog","rpi5/rpi5-github-catalog","rpi5\rpi5-github-catalog\venv\lib\python3.11\site-packages\urllib3\contrib\emscripten\request.py",".py","Skript request.py"
"rpi5-github-catalog","rpi5/rpi5-github-catalog","rpi5\rpi5-github-catalog\venv\lib\python3.11\site-packages\urllib3\contrib\emscripten\response.py",".py","Skript response.py"
"rpi5-github-catalog","rpi5/rpi5-github-catalog","rpi5\rpi5-github-catalog\venv\lib\python3.11\site-packages\urllib3\contrib\__init__.py",".py","Skript __init__.py"
"rpi5-github-catalog","rpi5/rpi5-github-catalog","rpi5\rpi5-github-catalog\venv\lib\python3.11\site-packages\urllib3\contrib\pyopenssl.py",".py","Skript pyopenssl.py"
"rpi5-github-catalog","rpi5/rpi5-github-catalog","rpi5\rpi5-github-catalog\venv\lib\python3.11\site-packages\urllib3\contrib\socks.py",".py","Skript socks.py"
"rpi5-github-catalog","rpi5/rpi5-github-catalog","rpi5\rpi5-github-catalog\venv\lib\python3.11\site-packages\urllib3\http2\__init__.py",".py","Skript __init__.py"
"rpi5-github-catalog","rpi5/rpi5-github-catalog","rpi5\rpi5-github-catalog\venv\lib\python3.11\site-packages\urllib3\http2\connection.py",".py","Skript connection.py"
"rpi5-github-catalog","rpi5/rpi5-github-catalog","rpi5\rpi5-github-catalog\venv\lib\python3.11\site-packages\urllib3\http2\probe.py",".py","Skript probe.py"
"rpi5-github-catalog","rpi5/rpi5-github-catalog","rpi5\rpi5-github-catalog\venv\lib\python3.11\site-packages\urllib3\util\__init__.py",".py","For backwards compatibility, provide imports that used to be here."
"rpi5-github-catalog","rpi5/rpi5-github-catalog","rpi5\rpi5-github-catalog\venv\lib\python3.11\site-packages\urllib3\util\connection.py",".py","Skript connection.py"
"rpi5-github-catalog","rpi5/rpi5-github-catalog","rpi5\rpi5-github-catalog\venv\lib\python3.11\site-packages\urllib3\util\proxy.py",".py","Skript proxy.py"
"rpi5-github-catalog","rpi5/rpi5-github-catalog","rpi5\rpi5-github-catalog\venv\lib\python3.11\site-packages\urllib3\util\request.py",".py","Skript request.py"
"rpi5-github-catalog","rpi5/rpi5-github-catalog","rpi5\rpi5-github-catalog\venv\lib\python3.11\site-packages\urllib3\util\response.py",".py","Skript response.py"
"rpi5-github-catalog","rpi5/rpi5-github-catalog","rpi5\rpi5-github-catalog\venv\lib\python3.11\site-packages\urllib3\util\retry.py",".py","Skript retry.py"
"rpi5-github-catalog","rpi5/rpi5-github-catalog","rpi5\rpi5-github-catalog\venv\lib\python3.11\site-packages\urllib3\util\ssl_.py",".py","Skript ssl_.py"
"rpi5-github-catalog","rpi5/rpi5-github-catalog","rpi5\rpi5-github-catalog\venv\lib\python3.11\site-packages\urllib3\util\ssl_match_hostname.py",".py","Note: This file is under the PSF license as the code comes from the python"
"rpi5-github-catalog","rpi5/rpi5-github-catalog","rpi5\rpi5-github-catalog\venv\lib\python3.11\site-packages\urllib3\util\ssltransport.py",".py","Skript ssltransport.py"
"rpi5-github-catalog","rpi5/rpi5-github-catalog","rpi5\rpi5-github-catalog\venv\lib\python3.11\site-packages\urllib3\util\timeout.py",".py","Skript timeout.py"
"rpi5-github-catalog","rpi5/rpi5-github-catalog","rpi5\rpi5-github-catalog\venv\lib\python3.11\site-packages\urllib3\util\url.py",".py","Skript url.py"
"rpi5-github-catalog","rpi5/rpi5-github-catalog","rpi5\rpi5-github-catalog\venv\lib\python3.11\site-packages\urllib3\util\util.py",".py","Skript util.py"
"rpi5-github-catalog","rpi5/rpi5-github-catalog","rpi5\rpi5-github-catalog\venv\lib\python3.11\site-packages\urllib3\util\wait.py",".py","Skript wait.py"
"rpi5-github-catalog","rpi5/rpi5-github-catalog","rpi5\rpi5-github-catalog\venv\lib\python3.11\site-packages\urllib3\__init__.py",".py","Skript __init__.py"
"rpi5-github-catalog","rpi5/rpi5-github-catalog","rpi5\rpi5-github-catalog\venv\lib\python3.11\site-packages\urllib3\_base_connection.py",".py","Skript _base_connection.py"
"rpi5-github-catalog","rpi5/rpi5-github-catalog","rpi5\rpi5-github-catalog\venv\lib\python3.11\site-packages\urllib3\_collections.py",".py","Skript _collections.py"
"rpi5-github-catalog","rpi5/rpi5-github-catalog","rpi5\rpi5-github-catalog\venv\lib\python3.11\site-packages\urllib3\_request_methods.py",".py","Skript _request_methods.py"
"rpi5-github-catalog","rpi5/rpi5-github-catalog","rpi5\rpi5-github-catalog\venv\lib\python3.11\site-packages\urllib3\_version.py",".py","file generated by setuptools-scm"
"rpi5-github-catalog","rpi5/rpi5-github-catalog","rpi5\rpi5-github-catalog\venv\lib\python3.11\site-packages\urllib3\connection.py",".py","Skript connection.py"
"rpi5-github-catalog","rpi5/rpi5-github-catalog","rpi5\rpi5-github-catalog\venv\lib\python3.11\site-packages\urllib3\connectionpool.py",".py","Skript connectionpool.py"
"rpi5-github-catalog","rpi5/rpi5-github-catalog","rpi5\rpi5-github-catalog\venv\lib\python3.11\site-packages\urllib3\exceptions.py",".py","Skript exceptions.py"
"rpi5-github-catalog","rpi5/rpi5-github-catalog","rpi5\rpi5-github-catalog\venv\lib\python3.11\site-packages\urllib3\fields.py",".py","Skript fields.py"
"rpi5-github-catalog","rpi5/rpi5-github-catalog","rpi5\rpi5-github-catalog\venv\lib\python3.11\site-packages\urllib3\filepost.py",".py","Skript filepost.py"
"rpi5-github-catalog","rpi5/rpi5-github-catalog","rpi5\rpi5-github-catalog\venv\lib\python3.11\site-packages\urllib3\poolmanager.py",".py","Skript poolmanager.py"
"rpi5-github-catalog","rpi5/rpi5-github-catalog","rpi5\rpi5-github-catalog\venv\lib\python3.11\site-packages\urllib3\response.py",".py","Skript response.py"
"rpi5-github-catalog","rpi5/rpi5-github-catalog","rpi5\rpi5-github-catalog\crawler.py",".py","Skript crawler.py"
"rpi5-github-catalog","rpi5/rpi5-github-catalog","rpi5\rpi5-github-catalog\reader.py",".py","Skript reader.py"
"rpi5-github-catalog","rpi5/rpi5-github-catalog","rpi5\rpi5-github-catalog\update.sh",".sh","!/bin/bash"
"rpi5-homeassistant-suite","rpi5/rpi5-homeassistant-suite","rpi5\rpi5-homeassistant-suite\DIAGNOSTICS\deepseek_python_20251108_74e969.py",".py","!/usr/bin/env python3"
"rpi5-homeassistant-suite","rpi5/rpi5-homeassistant-suite","rpi5\rpi5-homeassistant-suite\DIAGNOSTICS\device_structure_scan.py",".py","!/usr/bin/env python3"
"rpi5-homeassistant-suite","rpi5/rpi5-homeassistant-suite","rpi5\rpi5-homeassistant-suite\DIAGNOSTICS\health_dashboard.sh",".sh","!/bin/bash"
"rpi5-homeassistant-suite","rpi5/rpi5-homeassistant-suite","rpi5\rpi5-homeassistant-suite\DIAGNOSTICS\quick_entities.sh",".sh","!/bin/bash"
"rpi5-homeassistant-suite","rpi5/rpi5-homeassistant-suite","rpi5\rpi5-homeassistant-suite\DIAGNOSTICS\quick_scan.sh",".sh","!/bin/bash"
"rpi5-homeassistant-suite","rpi5/rpi5-homeassistant-suite","rpi5\rpi5-homeassistant-suite\DIAGNOSTICS\repair_homeassistant.py",".py","!/usr/bin/env python3"
"rpi5-homeassistant-suite","rpi5/rpi5-homeassistant-suite","rpi5\rpi5-homeassistant-suite\DIAGNOSTICS\storage_analyzer.py",".py","!/usr/bin/env python3"
"rpi5-homeassistant-suite","rpi5/rpi5-homeassistant-suite","rpi5\rpi5-homeassistant-suite\DIAGNOSTICS\storage_optimizer.py",".py","!/usr/bin/env python3"
"rpi5-homeassistant-suite","rpi5/rpi5-homeassistant-suite","rpi5\rpi5-homeassistant-suite\HARDWARE\mhs35_setup.sh",".sh","!/bin/bash"
"rpi5-homeassistant-suite","rpi5/rpi5-homeassistant-suite","rpi5\rpi5-homeassistant-suite\HARDWARE\one_step_fullsuite_starkos_mhs35_interactive.sh",".sh","!/bin/bash"
"rpi5-homeassistant-suite","rpi5/rpi5-homeassistant-suite","rpi5\rpi5-homeassistant-suite\INSTALLATION\auto_install.sh",".sh","!/bin/bash"
"rpi5-homeassistant-suite","rpi5/rpi5-homeassistant-suite","rpi5\rpi5-homeassistant-suite\INSTALLATION\create_ha_full_suite.sh",".sh","!/usr/bin/env bash"
"rpi5-homeassistant-suite","rpi5/rpi5-homeassistant-suite","rpi5\rpi5-homeassistant-suite\INSTALLATION\install_ha_complete.sh",".sh","!/bin/bash"
"rpi5-homeassistant-suite","rpi5/rpi5-homeassistant-suite","rpi5\rpi5-homeassistant-suite\INSTALLATION\install_ha_docker_complete.sh",".sh","!/bin/bash"
"rpi5-homeassistant-suite","rpi5/rpi5-homeassistant-suite","rpi5\rpi5-homeassistant-suite\INSTALLATION\one_step_ha_full_suite.sh",".sh","!/usr/bin/env bash"
"rpi5-homeassistant-suite","rpi5/rpi5-homeassistant-suite","rpi5\rpi5-homeassistant-suite\INSTALLATION\quick_fix_docker_compose.sh",".sh","!/bin/bash"
"rpi5-homeassistant-suite","rpi5/rpi5-homeassistant-suite","rpi5\rpi5-homeassistant-suite\POST_INSTALL\install_addons.sh",".sh","!/bin/bash"
"rpi5-homeassistant-suite","rpi5/rpi5-homeassistant-suite","rpi5\rpi5-homeassistant-suite\POST_INSTALL\post_install_addons.sh",".sh","!/bin/bash"
"rpi5-homeassistant-suite","rpi5/rpi5-homeassistant-suite","rpi5\rpi5-homeassistant-suite\POST_INSTALL\post_install_setup_menu.sh",".sh","!/bin/bash"
"rpi5-homeassistant-suite","rpi5/rpi5-homeassistant-suite","rpi5\rpi5-homeassistant-suite\POST_INSTALL\setup_file_explorer.sh",".sh","!/bin/bash"
"rpi5-homeassistant-suite","rpi5/rpi5-homeassistant-suite","rpi5\rpi5-homeassistant-suite\POST_INSTALL\setup_gaming_services.sh",".sh","!/bin/bash"
"rpi5-homeassistant-suite","rpi5/rpi5-homeassistant-suite","rpi5\rpi5-homeassistant-suite\POST_INSTALL\setup_maintenance.sh",".sh","!/bin/bash"
"rpi5-homeassistant-suite","rpi5/rpi5-homeassistant-suite","rpi5\rpi5-homeassistant-suite\POST_INSTALL\setup_monitoring.sh",".sh","!/bin/bash"
"rpi5-homeassistant-suite","rpi5/rpi5-homeassistant-suite","rpi5\rpi5-homeassistant-suite\POST_INSTALL\setup_nas.sh",".sh","!/bin/bash"
"rpi5-homeassistant-suite","rpi5/rpi5-homeassistant-suite","rpi5\rpi5-homeassistant-suite\POST_INSTALL\setup_storage_auto_mount.sh",".sh","!/bin/bash"
"rpi5-homeassistant-suite","rpi5/rpi5-homeassistant-suite","rpi5\rpi5-homeassistant-suite\POST_INSTALL\setup_storage.sh",".sh","!/usr/bin/env bash"
"rpi5-homeassistant-suite","rpi5/rpi5-homeassistant-suite","rpi5\rpi5-homeassistant-suite\POST_INSTALL\setup_supervised_env.sh",".sh","!/usr/bin/env bash"
"rpi5-homeassistant-suite","rpi5/rpi5-homeassistant-suite","rpi5\rpi5-homeassistant-suite\POST_INSTALL\setup_vmspace.sh",".sh","!/usr/bin/env bash"
"rpi5-homeassistant-suite","rpi5/rpi5-homeassistant-suite","rpi5\rpi5-homeassistant-suite\scripts\autocommit.sh",".sh","!/bin/bash"
"rpi5-homeassistant-suite","rpi5/rpi5-homeassistant-suite","rpi5\rpi5-homeassistant-suite\scripts\backup_config.sh",".sh","!/bin/bash"
"rpi5-homeassistant-suite","rpi5/rpi5-homeassistant-suite","rpi5\rpi5-homeassistant-suite\scripts\cleanup_previous.sh",".sh","!/bin/bash"
"rpi5-homeassistant-suite","rpi5/rpi5-homeassistant-suite","rpi5\rpi5-homeassistant-suite\scripts\deploy_to_github.sh",".sh","!/bin/bash"
"rpi5-homeassistant-suite","rpi5/rpi5-homeassistant-suite","rpi5\rpi5-homeassistant-suite\scripts\detect_os.sh",".sh","!/bin/bash"
"rpi5-homeassistant-suite","rpi5/rpi5-homeassistant-suite","rpi5\rpi5-homeassistant-suite\scripts\fix_configuration_yaml.sh",".sh","!/bin/bash"
"rpi5-homeassistant-suite","rpi5/rpi5-homeassistant-suite","rpi5\rpi5-homeassistant-suite\scripts\fix_docker_dns_and_compose.sh",".sh","!/bin/bash"
"rpi5-homeassistant-suite","rpi5/rpi5-homeassistant-suite","rpi5\rpi5-homeassistant-suite\scripts\check_configs.sh",".sh","!/bin/bash"
"rpi5-homeassistant-suite","rpi5/rpi5-homeassistant-suite","rpi5\rpi5-homeassistant-suite\scripts\install_hacs_repos.sh",".sh","!/bin/bash"
"rpi5-homeassistant-suite","rpi5/rpi5-homeassistant-suite","rpi5\rpi5-homeassistant-suite\scripts\merge_configs.sh",".sh","!/bin/bash"
"rpi5-homeassistant-suite","rpi5/rpi5-homeassistant-suite","rpi5\rpi5-homeassistant-suite\scripts\migrate_to_nvme.sh",".sh","!/bin/bash"
"rpi5-homeassistant-suite","rpi5/rpi5-homeassistant-suite","rpi5\rpi5-homeassistant-suite\scripts\mount_storage.sh",".sh","!/bin/bash"
"rpi5-homeassistant-suite","rpi5/rpi5-homeassistant-suite","rpi5\rpi5-homeassistant-suite\scripts\setup_cron_backup.sh",".sh","!/bin/bash"
"rpi5-homeassistant-suite","rpi5/rpi5-homeassistant-suite","rpi5\rpi5-homeassistant-suite\scripts\storage_analyzer.sh",".sh","!/bin/bash"
"rpi5-homeassistant-suite","rpi5/rpi5-homeassistant-suite","rpi5\rpi5-homeassistant-suite\scripts\storage_setup_wizard.sh",".sh","!/bin/bash"
"rpi5-homeassistant-suite","rpi5/rpi5-homeassistant-suite","rpi5\rpi5-homeassistant-suite\scripts\sync_config.sh",".sh","!/bin/bash"
"rpi5-homeassistant-suite","rpi5/rpi5-homeassistant-suite","rpi5\rpi5-homeassistant-suite\scripts\system_check.sh",".sh","!/bin/bash"
"rpi5-homeassistant-suite","rpi5/rpi5-homeassistant-suite","rpi5\rpi5-homeassistant-suite\scripts\validate_ha_config.py",".py","!/usr/bin/env python3"
"rpi5-homeassistant-suite","rpi5/rpi5-homeassistant-suite","rpi5\rpi5-homeassistant-suite\scripts\validate_yaml.sh",".sh","!/bin/bash"
"rpi5-homeassistant-suite","rpi5/rpi5-homeassistant-suite","rpi5\rpi5-homeassistant-suite\scripts\verify_installation.sh",".sh","!/bin/bash"
"rpi5-homeassistant-suite","rpi5/rpi5-homeassistant-suite","rpi5\rpi5-homeassistant-suite\STORAGE\auto_mount_setup.sh",".sh","!/bin/bash"
"rpi5-homeassistant-suite","rpi5/rpi5-homeassistant-suite","rpi5\rpi5-homeassistant-suite\tests\test_scripts.sh",".sh","!/bin/bash"
"rpi5-homeassistant-suite","rpi5/rpi5-homeassistant-suite","rpi5\rpi5-homeassistant-suite\install.sh",".sh","!/bin/bash"
"rpi5-homeassistant-suite","rpi5/rpi5-homeassistant-suite","rpi5\rpi5-homeassistant-suite\setup_master.sh",".sh","!/bin/bash"
"rpi5-starkhost","rpi5/rpi5-starkhost","rpi5\rpi5-starkhost\headless_full_deploy_rpi5.sh",".sh","!/bin/bash"
"run-os-from-fyzdisk-on-win","infrastructure/run-os-from-fyzdisk-on-win","infrastructure\run-os-from-fyzdisk-on-win\Installer.ps1",".ps1","========================================================================="
"run-os-from-fyzdisk-on-win","infrastructure/run-os-from-fyzdisk-on-win","infrastructure\run-os-from-fyzdisk-on-win\SpustitVM-v6.ps1",".ps1","========================================================================="
"skripty","infrastructure/skripty","infrastructure\skripty\AI\deploy_chatbot_wifi.sh",".sh","!/bin/bash"
"skripty","infrastructure/skripty","infrastructure\skripty\android_tools\android_gui.py",".py","!/usr/bin/env python3"
"skripty","infrastructure/skripty","infrastructure\skripty\lcd-switch-raspi5\Displej rozliseni\rozliseni\install_vnc.sh",".sh","!/bin/bash"
"skripty","infrastructure/skripty","infrastructure\skripty\lcd-switch-raspi5\Displej rozliseni\rozliseni\vnc-auto-resize-ultimate-v3.sh",".sh","!/bin/bash"
"skripty","infrastructure/skripty","infrastructure\skripty\lcd-switch-raspi5\Displej rozliseni\install gui vnc server.sh",".sh","Skript install gui vnc server.sh"
"skripty","infrastructure/skripty","infrastructure\skripty\lcd-switch-raspi5\lcd-switch\backup-config.sh",".sh","!/bin/bash"
"skripty","infrastructure/skripty","infrastructure\skripty\lcd-switch-raspi5\lcd-switch\lcd-off.sh",".sh","!/bin/bash"
"skripty","infrastructure/skripty","infrastructure\skripty\lcd-switch-raspi5\lcd-switch\lcd-on.sh",".sh","!/bin/bash"
"skripty","infrastructure/skripty","infrastructure\skripty\lcd-switch-raspi5\TFT_hdmi_hotplug\hdmi_hotplug_switch.sh",".sh","!/bin/bash"
"skripty","infrastructure/skripty","infrastructure\skripty\lcd-switch-raspi5\setup_mhs35_auto_dpi.sh",".sh","!/bin/bash"
"skripty","infrastructure/skripty","infrastructure\skripty\lcd-switch-raspi5\setup_mhs35.sh",".sh","!/bin/bash"
"skripty","infrastructure/skripty","infrastructure\skripty\OS\Android_kit_ OS\format_ssd.sh",".sh","Skript format_ssd.sh"
"skripty","infrastructure/skripty","infrastructure\skripty\OS\Android_kit_ OS\setup_devlab.sh",".sh","Skript setup_devlab.sh"
"skripty","infrastructure/skripty","infrastructure\skripty\OS\Android_kit_ OS\setup_stardroid.sh",".sh","Skript setup_stardroid.sh"
"skripty","infrastructure/skripty","infrastructure\skripty\OS\HerniOS\skripty\create-launcher.sh",".sh","!/bin/bash"
"skripty","infrastructure/skripty","infrastructure\skripty\OS\HerniOS\skripty\check-bios.sh",".sh","!/bin/bash"
"skripty","infrastructure/skripty","infrastructure\skripty\OS\HerniOS\skripty\rom-import.sh",".sh","!/bin/bash"
"skripty","infrastructure/skripty","infrastructure\skripty\OS\HerniOS\Starkos full install.sh",".sh","!/bin/bash"
"skripty","infrastructure/skripty","infrastructure\skripty\OS\Run_OS_from_fyzDisk_on_win\Installer.ps1",".ps1","========================================================================="
"skripty","infrastructure/skripty","infrastructure\skripty\OS\Run_OS_from_fyzDisk_on_win\SpustitVM-v6.ps1",".ps1","========================================================================="
"skripty","infrastructure/skripty","infrastructure\skripty\OS\UltraOS\UltraOS-Project\ai_advisor.sh",".sh","!/bin/bash"
"skripty","infrastructure/skripty","infrastructure\skripty\OS\UltraOS\UltraOS-Project\backup-config.sh",".sh","!/bin/bash"
"skripty","infrastructure/skripty","infrastructure\skripty\OS\UltraOS\UltraOS-Project\build.sh",".sh","!/bin/bash"
"skripty","infrastructure/skripty","infrastructure\skripty\OS\UltraOS\UltraOS-Project\detect_device.sh",".sh","!/bin/bash"
"skripty","infrastructure/skripty","infrastructure\skripty\OS\UltraOS\UltraOS-Project\frp_samsung.sh",".sh","!/bin/bash"
"skripty","infrastructure/skripty","infrastructure\skripty\OS\UltraOS\UltraOS-Project\gui.sh",".sh","!/bin/bash"
"skripty","infrastructure/skripty","infrastructure\skripty\OS\UltraOS\UltraOS-Project\install_starkos_lab.sh",".sh","!/usr/bin/env bash"
"skripty","infrastructure/skripty","infrastructure\skripty\OS\UltraOS\UltraOS-Project\lcd-off.sh",".sh","!/bin/bash"
"skripty","infrastructure/skripty","infrastructure\skripty\OS\UltraOS\UltraOS-Project\lcd-on.sh",".sh","!/bin/bash"
"skripty","infrastructure/skripty","infrastructure\skripty\OS\UltraOS\UltraOS-Project\udrzba.sh",".sh","Udržba systému s grafickým menu pro Raspberry Pi"
"skripty","infrastructure/skripty","infrastructure\skripty\OS\UltraOS\UltraOS-Toolkit\scripts\ai_advisor.sh",".sh","!/bin/bash"
"skripty","infrastructure/skripty","infrastructure\skripty\OS\UltraOS\UltraOS-Toolkit\scripts\detect_device.sh",".sh","!/bin/bash"
"skripty","infrastructure/skripty","infrastructure\skripty\OS\UltraOS\UltraOS-Toolkit\scripts\frp_samsung.sh",".sh","!/bin/bash"
"skripty","infrastructure/skripty","infrastructure\skripty\OS\UltraOS\UltraOS-Toolkit\webui\assets\ajax.js",".js","--- JavaScript pro AJAX komunikaci webového GUI ---"
"skripty","infrastructure/skripty","infrastructure\skripty\OS\UltraOS\UltraOS-Toolkit\gui.sh",".sh","!/bin/bash"
"skripty","infrastructure/skripty","infrastructure\skripty\OS\UltraOS\customize_ultraos_desktop.sh",".sh","!/usr/bin/env bash"
"skripty","infrastructure/skripty","infrastructure\skripty\OS\mini_OS_term.sh",".sh","!/usr/bin/env bash"
"skripty","infrastructure/skripty","infrastructure\skripty\OS\starko_final_srtup.sh",".sh","!/usr/bin/env bash"
"skripty","infrastructure/skripty","infrastructure\skripty\Pegi ovladac\profily\pg9157_android.sh",".sh","!/bin/bash"
"skripty","infrastructure/skripty","infrastructure\skripty\Pegi ovladac\profily\pg9157_game.sh",".sh","!/bin/bash"
"skripty","infrastructure/skripty","infrastructure\skripty\Pegi ovladac\profily\pg9157_keyboard.sh",".sh","!/bin/bash"
"skripty","infrastructure/skripty","infrastructure\skripty\Pegi ovladac\profily\pg9157_mouse.sh",".sh","!/bin/bash"
"skripty","infrastructure/skripty","infrastructure\skripty\Pegi ovladac\instal_run_mapp_autorun_ovladac.sh",".sh","!/bin/bash"
"skripty","infrastructure/skripty","infrastructure\skripty\Pegi ovladac\pg9157_abo.sh",".sh","!/bin/bash"
"skripty","infrastructure/skripty","infrastructure\skripty\Pegi ovladac\pg9157_auto_connect.sh",".sh","!/bin/bash"
"skripty","infrastructure/skripty","infrastructure\skripty\TermuxFilesSh\_wd.sh",".sh","compdef wd"
"skripty","infrastructure/skripty","infrastructure\skripty\TermuxFilesSh\00-base.sh",".sh","Skript 00-base.sh"
"skripty","infrastructure/skripty","infrastructure\skripty\TermuxFilesSh\01-dev.sh",".sh","Skript 01-dev.sh"
"skripty","infrastructure/skripty","infrastructure\skripty\TermuxFilesSh\02-ai.sh",".sh","Skript 02-ai.sh"
"skripty","infrastructure/skripty","infrastructure\skripty\TermuxFilesSh\03-re.sh",".sh","Skript 03-re.sh"
"skripty","infrastructure/skripty","infrastructure\skripty\TermuxFilesSh\04-gui.sh",".sh","Skript 04-gui.sh"
"skripty","infrastructure/skripty","infrastructure\skripty\TermuxFilesSh\05-cleaner.sh",".sh","Skript 05-cleaner.sh"
"skripty","infrastructure/skripty","infrastructure\skripty\TermuxFilesSh\06-diagnostics.sh",".sh","Skript 06-diagnostics.sh"
"skripty","infrastructure/skripty","infrastructure\skripty\TermuxFilesSh\50-systemd-user.sh",".sh","!/usr/bin/sh"
"skripty","infrastructure/skripty","infrastructure\skripty\TermuxFilesSh\adb_tools.sh",".sh","!/bin/bash"
"skripty","infrastructure/skripty","infrastructure\skripty\TermuxFilesSh\add_macos_jna.sh",".sh","!/bin/bash"
"skripty","infrastructure/skripty","infrastructure\skripty\TermuxFilesSh\add_system_icons.sh",".sh","!/bin/bash"
"skripty","infrastructure/skripty","infrastructure\skripty\TermuxFilesSh\ai_cli.sh",".sh","!/bin/bash"
"skripty","infrastructure/skripty","infrastructure\skripty\TermuxFilesSh\ai_dev_autonomous_push.sh",".sh","!/data/data/com.termux/files/usr/bin/bash"
"skripty","infrastructure/skripty","infrastructure\skripty\TermuxFilesSh\ai_dev_codechat.sh",".sh","!/data/data/com.termux/files/usr/bin/bash"
"skripty","infrastructure/skripty","infrastructure\skripty\TermuxFilesSh\ai_dev_codespace_full.sh",".sh","!/data/data/com.termux/files/usr/bin/bash"
"skripty","infrastructure/skripty","infrastructure\skripty\TermuxFilesSh\ai_dev_interactive.sh",".sh","!/data/data/com.termux/files/usr/bin/bash"
"skripty","infrastructure/skripty","infrastructure\skripty\TermuxFilesSh\ai_dev_setup.sh",".sh","!/data/data/com.termux/files/usr/bin/bash"
"skripty","infrastructure/skripty","infrastructure\skripty\TermuxFilesSh\ai_engine.sh",".sh","!/bin/bash"
"skripty","infrastructure/skripty","infrastructure\skripty\TermuxFilesSh\ai_helper.sh",".sh","!/bin/bash"
"skripty","infrastructure/skripty","infrastructure\skripty\TermuxFilesSh\ai_plugin_workspace.sh",".sh","!/bin/bash"
"skripty","infrastructure/skripty","infrastructure\skripty\TermuxFilesSh\ai.sh",".sh","Skript ai.sh"
"skripty","infrastructure/skripty","infrastructure\skripty\TermuxFilesSh\android.sh",".sh","Skript android.sh"
"skripty","infrastructure/skripty","infrastructure\skripty\TermuxFilesSh\apk_manager.sh",".sh","!/bin/bash"
"skripty","infrastructure/skripty","infrastructure\skripty\TermuxFilesSh\apk_to_waydroid.sh",".sh","!/bin/bash"
"skripty","infrastructure/skripty","infrastructure\skripty\TermuxFilesSh\askpass-empty.sh",".sh","!/bin/sh"
"skripty","infrastructure/skripty","infrastructure\skripty\TermuxFilesSh\askpass.sh",".sh","!/bin/sh"
"skripty","infrastructure/skripty","infrastructure\skripty\TermuxFilesSh\authselect-completion.sh",".sh","Authors:"
"skripty","infrastructure/skripty","infrastructure\skripty\TermuxFilesSh\auto-ai-github.sh",".sh","!/data/data/com.termux/files/usr/bin/bash"
"skripty","infrastructure/skripty","infrastructure\skripty\TermuxFilesSh\auto-updater.sh",".sh","!/bin/bash"
"skripty","infrastructure/skripty","infrastructure\skripty\TermuxFilesSh\autogen.sh",".sh","!/bin/sh"
"skripty","infrastructure/skripty","infrastructure\skripty\TermuxFilesSh\autoinstall.sh",".sh","!/usr/bin/env sh"
"skripty","infrastructure/skripty","infrastructure\skripty\TermuxFilesSh\autopsy-solr.in.sh",".sh","Licensed to the Apache Software Foundation (ASF) under one or more"
"skripty","infrastructure/skripty","infrastructure\skripty\TermuxFilesSh\B2N-0-347C-e2p.sh",".sh","Skript B2N-0-347C-e2p.sh"
"skripty","infrastructure/skripty","infrastructure\skripty\TermuxFilesSh\backup_restore.sh",".sh","!/bin/bash"
"skripty","infrastructure/skripty","infrastructure\skripty\TermuxFilesSh\backup_sh_file.sh",".sh","!/data/data/com.termux/files/usr/bin/bash"
"skripty","infrastructure/skripty","infrastructure\skripty\TermuxFilesSh\backup-data.sh",".sh","!/bin/bash"
"skripty","infrastructure/skripty","infrastructure\skripty\TermuxFilesSh\backup-manager.sh",".sh","!/bin/bash"
"skripty","infrastructure/skripty","infrastructure\skripty\TermuxFilesSh\browser-darwin.sh",".sh","!/usr/bin/env bash"
"skripty","infrastructure/skripty","infrastructure\skripty\TermuxFilesSh\browser-linux.sh",".sh","!/usr/bin/env sh"
"skripty","infrastructure/skripty","infrastructure\skripty\TermuxFilesSh\build_deb.sh",".sh","!/bin/bash"
"skripty","infrastructure/skripty","infrastructure\skripty\TermuxFilesSh\build.sh",".sh","!/bin/bash"
"skripty","infrastructure/skripty","infrastructure\skripty\TermuxFilesSh\build32.sh",".sh","!/bin/bash"
"skripty","infrastructure/skripty","infrastructure\skripty\TermuxFilesSh\build64.sh",".sh","!/bin/bash"
"skripty","infrastructure/skripty","infrastructure\skripty\TermuxFilesSh\catimg.sh",".sh","catimg script by Eduardo San Martin Morote aka Posva                         #"
"skripty","infrastructure/skripty","infrastructure\skripty\TermuxFilesSh\ci_setup_clang.sh",".sh","!/bin/bash"
"skripty","infrastructure/skripty","infrastructure\skripty\TermuxFilesSh\code-darwin.sh",".sh","!/usr/bin/env bash"
"skripty","infrastructure/skripty","infrastructure\skripty\TermuxFilesSh\code-linux.sh",".sh","!/usr/bin/env sh"
"skripty","infrastructure/skripty","infrastructure\skripty\TermuxFilesSh\color-test.sh",".sh","!/bin/bash"
"skripty","infrastructure/skripty","infrastructure\skripty\TermuxFilesSh\colorgrep.sh",".sh","color-grep initialization"
"skripty","infrastructure/skripty","infrastructure\skripty\TermuxFilesSh\colorls.sh",".sh","color-ls initialization"
"skripty","infrastructure/skripty","infrastructure\skripty\TermuxFilesSh\colorxzgrep.sh",".sh","Skript colorxzgrep.sh"
"skripty","infrastructure/skripty","infrastructure\skripty\TermuxFilesSh\colorzgrep.sh",".sh","Skript colorzgrep.sh"
"skripty","infrastructure/skripty","infrastructure\skripty\TermuxFilesSh\completion.sh",".sh","!/usr/bin/env bash"
"skripty","infrastructure/skripty","infrastructure\skripty\TermuxFilesSh\config_reset.sh",".sh","!/bin/bash"
"skripty","infrastructure/skripty","infrastructure\skripty\TermuxFilesSh\configure-backup.sh",".sh","!/bin/bash"
"skripty","infrastructure/skripty","infrastructure\skripty\TermuxFilesSh\cpuUsage.sh",".sh","!/bin/bash"
"skripty","infrastructure/skripty","infrastructure\skripty\TermuxFilesSh\de-yum-kde.sh",".sh","!/bin/bash"
"skripty","infrastructure/skripty","infrastructure\skripty\TermuxFilesSh\deploy_chatbot_wifi.sh",".sh","!/bin/bash"
"skripty","infrastructure/skripty","infrastructure\skripty\TermuxFilesSh\detect_mhs.sh",".sh","!/bin/bash"
"skripty","infrastructure/skripty","infrastructure\skripty\TermuxFilesSh\disk_tools.sh",".sh","!/bin/bash"
"skripty","infrastructure/skripty","infrastructure\skripty\TermuxFilesSh\dpl4hydra.sh",".sh","!/bin/sh"
"skripty","infrastructure/skripty","infrastructure\skripty\TermuxFilesSh\drush.complete.sh",".sh","BASH completion script for Drush."
"skripty","infrastructure/skripty","infrastructure\skripty\TermuxFilesSh\emacsclient.sh",".sh","!/bin/sh"
"skripty","infrastructure/skripty","infrastructure\skripty\TermuxFilesSh\emulator_manager.sh",".sh","!/bin/bash"
"skripty","infrastructure/skripty","infrastructure\skripty\TermuxFilesSh\export-rules.sh",".sh","!/bin/bash"
"skripty","infrastructure/skripty","infrastructure\skripty\TermuxFilesSh\fastboot_tools.sh",".sh","!/bin/bash"
"skripty","infrastructure/skripty","infrastructure\skripty\TermuxFilesSh\fix_scripts.sh",".sh","!/bin/bash"
"skripty","infrastructure/skripty","infrastructure\skripty\TermuxFilesSh\flash_debian.sh",".sh","!/bin/bash"
"skripty","infrastructure/skripty","infrastructure\skripty\TermuxFilesSh\flash_fixed.sh",".sh","!/bin/bash"
"skripty","infrastructure/skripty","infrastructure\skripty\TermuxFilesSh\format.sh",".sh","!/bin/bash"
"skripty","infrastructure/skripty","infrastructure\skripty\TermuxFilesSh\fsck_module.sh",".sh","!/bin/bash"
"skripty","infrastructure/skripty","infrastructure\skripty\TermuxFilesSh\full-auto-github-upload.sh",".sh","!/bin/bash"
"skripty","infrastructure/skripty","infrastructure\skripty\TermuxFilesSh\full-install-skript.sh",".sh","!/bin/bash"
"skripty","infrastructure/skripty","infrastructure\skripty\TermuxFilesSh\gawk.sh",".sh","Skript gawk.sh"
"skripty","infrastructure/skripty","infrastructure\skripty\TermuxFilesSh\generate_recovery.sh",".sh","Skript generate_recovery.sh"
"skripty","infrastructure/skripty","infrastructure\skripty\TermuxFilesSh\git-editor-empty.sh",".sh","!/bin/sh"
"skripty","infrastructure/skripty","infrastructure\skripty\TermuxFilesSh\git-editor.sh",".sh","!/bin/sh"
"skripty","infrastructure/skripty","infrastructure\skripty\TermuxFilesSh\git-prompt.sh",".sh","bash/zsh git prompt support"
"skripty","infrastructure/skripty","infrastructure\skripty\TermuxFilesSh\gnupg2.sh",".sh","Skript gnupg2.sh"
"skripty","infrastructure/skripty","infrastructure\skripty\TermuxFilesSh\grepconf.sh",".sh","!/usr/bin/sh"
"skripty","infrastructure/skripty","infrastructure\skripty\TermuxFilesSh\headless_full_deploy_rpi5.sh",".sh","!/bin/bash"
"skripty","infrastructure/skripty","infrastructure\skripty\TermuxFilesSh\hydra-wizard.sh",".sh","!/bin/sh"
"skripty","infrastructure/skripty","infrastructure\skripty\TermuxFilesSh\changelog.sh",".sh","!/usr/bin/env zsh"
"skripty","infrastructure/skripty","infrastructure\skripty\TermuxFilesSh\check_for_upgrade.sh",".sh","Migrate .zsh-update file to $ZSH_CACHE_DIR"
"skripty","infrastructure/skripty","infrastructure\skripty\TermuxFilesSh\check_project.sh",".sh","!/bin/bash"
"skripty","infrastructure/skripty","infrastructure\skripty\TermuxFilesSh\check-requirements.sh",".sh","!/usr/bin/env sh"
"skripty","infrastructure/skripty","infrastructure\skripty\TermuxFilesSh\chroot.sh",".sh","Skript chroot.sh"
"skripty","infrastructure/skripty","infrastructure\skripty\TermuxFilesSh\import_roms.sh",".sh","!/bin/bash"
"skripty","infrastructure/skripty","infrastructure\skripty\TermuxFilesSh\import-rules.sh",".sh","!/bin/bash"
"skripty","infrastructure/skripty","infrastructure\skripty\TermuxFilesSh\install_ai_dev_env.sh",".sh","!/data/data/com.termux/files/usr/bin/bash"
"skripty","infrastructure/skripty","infrastructure\skripty\TermuxFilesSh\install_ai_station.sh",".sh","!/bin/bash"
"skripty","infrastructure/skripty","infrastructure\skripty\TermuxFilesSh\install_all.sh",".sh","!/bin/bash"
"skripty","infrastructure/skripty","infrastructure\skripty\TermuxFilesSh\install_application.sh",".sh","!/bin/bash"
"skripty","infrastructure/skripty","infrastructure\skripty\TermuxFilesSh\install_codegpt.sh",".sh","!/bin/bash"
"skripty","infrastructure/skripty","infrastructure\skripty\TermuxFilesSh\install_from_github.sh",".sh","!/bin/bash"
"skripty","infrastructure/skripty","infrastructure\skripty\TermuxFilesSh\install_gui.sh",".sh","!/bin/bash"
"skripty","infrastructure/skripty","infrastructure\skripty\TermuxFilesSh\install_prereqs_macos.sh",".sh","!/bin/bash"
"skripty","infrastructure/skripty","infrastructure\skripty\TermuxFilesSh\install_prereqs_ubuntu.sh",".sh","!/bin/bash"
"skripty","infrastructure/skripty","infrastructure\skripty\TermuxFilesSh\install_smarthome_allinone.sh",".sh","!/bin/bash"
"skripty","infrastructure/skripty","infrastructure\skripty\TermuxFilesSh\install_solr_service.sh",".sh","!/usr/bin/env bash"
"skripty","infrastructure/skripty","infrastructure\skripty\TermuxFilesSh\Install_starkos_lab.sh",".sh","!/usr/bin/env bash"
"skripty","infrastructure/skripty","infrastructure\skripty\TermuxFilesSh\install_universal_ai_analyzer.sh",".sh","!/usr/bin/env bash"
"skripty","infrastructure/skripty","infrastructure\skripty\TermuxFilesSh\install_v7_termux.sh",".sh","!/data/data/com.termux/files/usr/bin/bash"
"skripty","infrastructure/skripty","infrastructure\skripty\TermuxFilesSh\install-all.sh",".sh","!/bin/bash"
"skripty","infrastructure/skripty","infrastructure\skripty\TermuxFilesSh\install-temurin17.sh",".sh","!/bin/bash"
"skripty","infrastructure/skripty","infrastructure\skripty\TermuxFilesSh\kernel_selfheal.sh",".sh","!/bin/bash"
"skripty","infrastructure/skripty","infrastructure\skripty\TermuxFilesSh\Kompletní konfigurační skript.sh",".sh","!/bin/bash"
"skripty","infrastructure/skripty","infrastructure\skripty\TermuxFilesSh\lang.sh",".sh","/etc/profile.d/lang.sh - exports environment variables, and provides fallback"
"skripty","infrastructure/skripty","infrastructure\skripty\TermuxFilesSh\make_xhydra.sh",".sh","!/bin/bash"
"skripty","infrastructure/skripty","infrastructure\skripty\TermuxFilesSh\menu.sh",".sh","!/bin/bash"
"skripty","infrastructure/skripty","infrastructure\skripty\TermuxFilesSh\mhs_detect.sh",".sh","!/bin/bash"
"skripty","infrastructure/skripty","infrastructure\skripty\TermuxFilesSh\nas_manager.sh",".sh","!/bin/bash"
"skripty","infrastructure/skripty","infrastructure\skripty\TermuxFilesSh\plugin_ai_assistant.sh",".sh","!/bin/bash"
"skripty","infrastructure/skripty","infrastructure\skripty\TermuxFilesSh\plugin_disk_health.sh",".sh","!/bin/bash"
"skripty","infrastructure/skripty","infrastructure\skripty\TermuxFilesSh\plugin_iot_sensors.sh",".sh","!/bin/bash"
"skripty","infrastructure/skripty","infrastructure\skripty\TermuxFilesSh\plugin_loader.sh",".sh","!/bin/bash"
"skripty","infrastructure/skripty","infrastructure\skripty\TermuxFilesSh\plugin_log_monitoring.sh",".sh","!/bin/bash"
"skripty","infrastructure/skripty","infrastructure\skripty\TermuxFilesSh\plugin_system_stats.sh",".sh","!/bin/bash"
"skripty","infrastructure/skripty","infrastructure\skripty\TermuxFilesSh\plugin-dashboard.sh",".sh","!/bin/bash"
"skripty","infrastructure/skripty","infrastructure\skripty\TermuxFilesSh\plugin-fix_scripts.sh",".sh","!/bin/bash"
"skripty","infrastructure/skripty","infrastructure\skripty\TermuxFilesSh\plugin-fsck_module.sh",".sh","!/bin/bash"
"skripty","infrastructure/skripty","infrastructure\skripty\TermuxFilesSh\plugin-mbr-gpt_module.sh",".sh","!/bin/bash"
"skripty","infrastructure/skripty","infrastructure\skripty\TermuxFilesSh\plugin-network_check.sh",".sh","!/bin/bash"
"skripty","infrastructure/skripty","infrastructure\skripty\TermuxFilesSh\plugin-retro_games.sh",".sh","!/bin/bash"
"skripty","infrastructure/skripty","infrastructure\skripty\TermuxFilesSh\postflash_nymea_kiosk.sh",".sh","!/usr/bin/env bash"
"skripty","infrastructure/skripty","infrastructure\skripty\TermuxFilesSh\postinstall.sh",".sh","!/usr/bin/env sh"
"skripty","infrastructure/skripty","infrastructure\skripty\TermuxFilesSh\ps.sh",".sh","!/bin/sh"
"skripty","infrastructure/skripty","infrastructure\skripty\TermuxFilesSh\recovery.sh",".sh","Skript recovery.sh"
"skripty","infrastructure/skripty","infrastructure\skripty\TermuxFilesSh\repair_boot.sh",".sh","!/bin/bash"
"skripty","infrastructure/skripty","infrastructure\skripty\TermuxFilesSh\repair_fs.sh",".sh","!/bin/bash"
"skripty","infrastructure/skripty","infrastructure\skripty\TermuxFilesSh\require_tool.sh",".sh","Locally ignore failures, otherwise we'll exit whenever $1 and $2"
"skripty","infrastructure/skripty","infrastructure\skripty\TermuxFilesSh\run-workflow.sh",".sh","!/bin/bash"
"skripty","infrastructure/skripty","infrastructure\skripty\TermuxFilesSh\service-monitor.sh",".sh","!/bin/bash"
"skripty","infrastructure/skripty","infrastructure\skripty\TermuxFilesSh\setup_emulators.sh",".sh","!/bin/bash"
"skripty","infrastructure/skripty","infrastructure\skripty\TermuxFilesSh\setup_services.sh",".sh","!/bin/bash"
"skripty","infrastructure/skripty","infrastructure\skripty\TermuxFilesSh\setup-universal.sh",".sh","!/data/data/com.termux/files/usr/bin/bash"
"skripty","infrastructure/skripty","infrastructure\skripty\TermuxFilesSh\setup.sh",".sh","!/bin/bash"
"skripty","infrastructure/skripty","infrastructure\skripty\TermuxFilesSh\shellIntegration-bash.sh",".sh","---------------------------------------------------------------------------------------------"
"skripty","infrastructure/skripty","infrastructure\skripty\TermuxFilesSh\smart_menu.sh",".sh","!/bin/bash"
"skripty","infrastructure/skripty","infrastructure\skripty\TermuxFilesSh\smarthome_installer.sh",".sh","!/bin/bash"
"skripty","infrastructure/skripty","infrastructure\skripty\TermuxFilesSh\solr.in.sh",".sh","Licensed to the Apache Software Foundation (ASF) under one or more"
"skripty","infrastructure/skripty","infrastructure\skripty\TermuxFilesSh\starko_linux.sh",".sh","!/bin/bash"
"skripty","infrastructure/skripty","infrastructure\skripty\TermuxFilesSh\starko_termux_full_v11.sh",".sh","!/data/data/com.termux/files/usr/bin/bash"
"skripty","infrastructure/skripty","infrastructure\skripty\TermuxFilesSh\starko_termux_full_v12.3-ultra.sh",".sh","!/data/data/com.termux/files/usr/bin/bash"
"skripty","infrastructure/skripty","infrastructure\skripty\TermuxFilesSh\starko_termux_full.sh",".sh","!/data/data/com.termux/files/usr/bin/bash"
"skripty","infrastructure/skripty","infrastructure\skripty\TermuxFilesSh\start_twister_suite.sh",".sh","!/bin/bash"
"skripty","infrastructure/skripty","infrastructure\skripty\TermuxFilesSh\stav_SSH_sluzby.sh",".sh","!/bin/bash"
"skripty","infrastructure/skripty","infrastructure\skripty\TermuxFilesSh\supertermux_setup.sh",".sh","!/bin/bash"
"skripty","infrastructure/skripty","infrastructure\skripty\TermuxFilesSh\sync_bios.sh",".sh","!/bin/bash"
"skripty","infrastructure/skripty","infrastructure\skripty\TermuxFilesSh\sync_roms.sh",".sh","!/bin/bash"
"skripty","infrastructure/skripty","infrastructure\skripty\TermuxFilesSh\sysusers.sh",".sh","!/usr/bin/bash"
"skripty","infrastructure/skripty","infrastructure\skripty\TermuxFilesSh\termux_complete_installer.sh",".sh","!/data/data/com.termux/files/usr/bin/bash"
"skripty","infrastructure/skripty","infrastructure\skripty\TermuxFilesSh\termux_master_system_v5.sh",".sh","!/data/data/com.termux/files/usr/bin/bash"
"skripty","infrastructure/skripty","infrastructure\skripty\TermuxFilesSh\test_run.sh",".sh","!/usr/bin/env zunit"
"skripty","infrastructure/skripty","infrastructure\skripty\TermuxFilesSh\theme_chooser.sh",".sh","!/usr/bin/env zsh"
"skripty","infrastructure/skripty","infrastructure\skripty\TermuxFilesSh\theme_installer.sh",".sh","!/bin/bash"
"skripty","infrastructure/skripty","infrastructure\skripty\TermuxFilesSh\twisteros_supermanager_full_installer.sh",".sh","!/bin/bash"
"skripty","infrastructure/skripty","infrastructure\skripty\TermuxFilesSh\uninstall.sh",".sh","Skript uninstall.sh"
"skripty","infrastructure/skripty","infrastructure\skripty\TermuxFilesSh\universal-root.sh",".sh","!/data/data/com.termux/files/usr/bin/bash"
"skripty","infrastructure/skripty","infrastructure\skripty\TermuxFilesSh\unix_setup.sh",".sh","!/bin/bash"
"skripty","infrastructure/skripty","infrastructure\skripty\TermuxFilesSh\upgrade.sh",".sh","!/usr/bin/env zsh"
"skripty","infrastructure/skripty","infrastructure\skripty\TermuxFilesSh\usb.sh",".sh","Skript usb.sh"
"skripty","infrastructure/skripty","infrastructure\skripty\TermuxFilesSh\watchdog_services.sh",".sh","!/bin/bash"
"skripty","infrastructure/skripty","infrastructure\skripty\TermuxFilesSh\wd.sh",".sh","!/usr/bin/env zsh"
"skripty","infrastructure/skripty","infrastructure\skripty\TermuxFilesSh\web_api.sh",".sh","Skript web_api.sh"
"skripty","infrastructure/skripty","infrastructure\skripty\udrzba\diagnostika_udrzba.sh",".sh","!/bin/bash"
"skripty","infrastructure/skripty","infrastructure\skripty\udrzba\disk_tool.py",".py","Skript disk_tool.py"
"skripty","infrastructure/skripty","infrastructure\skripty\udrzba\problem s prihlasenim.sh",".sh","Skript problem s prihlasenim.sh"
"skripty","infrastructure/skripty","infrastructure\skripty\udrzba\setup_and_test.sh",".sh","!/usr/bin/env bash"
"skripty","infrastructure/skripty","infrastructure\skripty\udrzba\udrzba.sh",".sh","!/bin/bash"
"skripty","infrastructure/skripty","infrastructure\skripty\VMconsole\Start-VMConsole.ps1",".ps1","Cesta k XAML"
"skripty","infrastructure/skripty","infrastructure\skripty\VMconsole\TestGUI.ps1",".ps1","Skript TestGUI.ps1"
"skripty","infrastructure/skripty","infrastructure\skripty\VMconsole\VMConsoleAllinOne.ps1",".ps1","--- XAML definice GUI ---"
"skripty","infrastructure/skripty","infrastructure\skripty\VMconsole\VytvorVMConsole.ps1",".ps1","=== VMConsole – all‑in‑one se správou profilů a rotací záloh ==="
"skripty","infrastructure/skripty","infrastructure\skripty\WSL\backup_move.ps1",".ps1","1️⃣ Načtení všech dostupných distribucí WSL"
"skripty","infrastructure/skripty","infrastructure\skripty\WSL\master_loader.py",".py","!/usr/bin/env python3"
"skripty","infrastructure/skripty","infrastructure\skripty\WSL\pro-max-installer.sh",".sh","!/usr/bin/env bash"
"skripty","infrastructure/skripty","infrastructure\skripty\WSL\setup_wsl_interactive.sh",".sh","!/bin/bash"
"skripty","infrastructure/skripty","infrastructure\skripty\WSL\ubuntu2204_full_setup.sh",".sh","!/bin/bash"
"skripty","infrastructure/skripty","infrastructure\skripty\WSL\WSL_FAZE1_FULL.ps1",".ps1","--------------------------------------------"
"skripty","infrastructure/skripty","infrastructure\skripty\WSL\wsl_ultimate_enhanced.sh",".sh","!/usr/bin/env bash"
"skripty","infrastructure/skripty","infrastructure\skripty\WSL\wsl_ultimate_v2.ps1",".ps1","=========================================================="
"skripty","infrastructure/skripty","infrastructure\skripty\WSL\wsl_ultimate.ps1",".ps1","=========================================================="
"skripty","infrastructure/skripty","infrastructure\skripty\WSL\wsl-autofix-pro.sh",".sh","!/usr/bin/env bash"
"skripty","infrastructure/skripty","infrastructure\skripty\WSL\wsl-final-pro-max-gui.sh",".sh","!/usr/bin/env bash"
"skripty","infrastructure/skripty","infrastructure\skripty\WSL\wsl-pro-max.ps1",".ps1","============================================="
"skripty","infrastructure/skripty","infrastructure\skripty\WSL\wsl-pro-max.sh",".sh","!/bin/bash"
"skripty","infrastructure/skripty","infrastructure\skripty\WSL\wsl-pro.sh",".sh","!/usr/bin/env bash"
"skripty","infrastructure/skripty","infrastructure\skripty\Install_starkos_lab.sh",".sh","!/usr/bin/env bash"
"skripty","infrastructure/skripty","infrastructure\skripty\install-kali-nethunter.sh",".sh","!/bin/bash"
"skripty","infrastructure/skripty","infrastructure\skripty\install-temurin17.sh",".sh","!/bin/bash"
"skripty","infrastructure/skripty","infrastructure\skripty\ubuntu_server_setup.sh",".sh","!/bin/bash"
"starcore","starcore/starcore","starcore\starcore\ai\__init__.py",".py","Pro zpětnou kompatibilitu"
"starcore","starcore/starcore","starcore\starcore\ai\commands.py",".py","Skript commands.py"
"starcore","starcore/starcore","starcore\starcore\ai\local_setup.py",".py","Skript local_setup.py"
"starcore","starcore/starcore","starcore\starcore\ai\models.py",".py","!/usr/bin/env python"
"starcore","starcore/starcore","starcore\starcore\ai\runtime.py",".py","Skript runtime.py"
"starcore","starcore/starcore","starcore\starcore\core\cli\commands\doctor.py",".py","Skript doctor.py"
"starcore","starcore/starcore","starcore\starcore\core\cli\commands\info.py",".py","Skript info.py"
"starcore","starcore/starcore","starcore\starcore\core\cli\commands\test_service.py",".py","Přidáme cestu k projektu, aby import fungoval i při spuštění z tmux"
"starcore","starcore/starcore","starcore\starcore\core\cli\commands\verify.py",".py","Skript verify.py"
"starcore","starcore/starcore","starcore\starcore\core\cli\commands\version.py",".py","Skript version.py"
"starcore","starcore/starcore","starcore\starcore\core\cli\__init__.py",".py","Skript __init__.py"
"starcore","starcore/starcore","starcore\starcore\core\cli\app.py",".py","Skript app.py"
"starcore","starcore/starcore","starcore\starcore\core\config\__init__.py",".py","Skript __init__.py"
"starcore","starcore/starcore","starcore\starcore\core\config\settings.py",".py","Skript settings.py"
"starcore","starcore/starcore","starcore\starcore\core\database\__init__.py",".py","Skript __init__.py"
"starcore","starcore/starcore","starcore\starcore\core\database\db.py",".py","Skript db.py"
"starcore","starcore/starcore","starcore\starcore\core\hive\__init__.py",".py","Skript __init__.py"
"starcore","starcore/starcore","starcore\starcore\core\hive\agents.py",".py","Skript agents.py"
"starcore","starcore/starcore","starcore\starcore\core\hive\commands.py",".py","Skript commands.py"
"starcore","starcore/starcore","starcore\starcore\core\hive\engine.py",".py","Skript engine.py"
"starcore","starcore/starcore","starcore\starcore\core\hive\orchestrator.py",".py","Skript orchestrator.py"
"starcore","starcore/starcore","starcore\starcore\core\hive\scheduler.py",".py","Skript scheduler.py"
"starcore","starcore/starcore","starcore\starcore\core\check\__init__.py",".py","Skript __init__.py"
"starcore","starcore/starcore","starcore\starcore\core\check\commands.py",".py","Skript commands.py"
"starcore","starcore/starcore","starcore\starcore\core\logging\__init__.py",".py","Skript __init__.py"
"starcore","starcore/starcore","starcore\starcore\core\logging\logger.py",".py","Skript logger.py"
"starcore","starcore/starcore","starcore\starcore\core\monitor\__init__.py",".py","Skript __init__.py"
"starcore","starcore/starcore","starcore\starcore\core\monitor\commands.py",".py","Skript commands.py"
"starcore","starcore/starcore","starcore\starcore\core\services\__init__.py",".py","Skript __init__.py"
"starcore","starcore/starcore","starcore\starcore\core\services\commands.py",".py","Skript commands.py"
"starcore","starcore/starcore","starcore\starcore\core\services\manager.py",".py","Skript manager.py"
"starcore","starcore/starcore","starcore\starcore\core\utils\__init__.py",".py","Skript __init__.py"
"starcore","starcore/starcore","starcore\starcore\core\utils\system.py",".py","Skript system.py"
"starcore","starcore/starcore","starcore\starcore\core\utils\termux.py",".py","Skript termux.py"
"starcore","starcore/starcore","starcore\starcore\core\__init__.py",".py","Skript __init__.py"
"starcore","starcore/starcore","starcore\starcore\dashboard\main.py",".py","Skript main.py"
"starcore","starcore/starcore","starcore\starcore\extensions\backup\__init__.py",".py","Skript __init__.py"
"starcore","starcore/starcore","starcore\starcore\extensions\network\__init__.py",".py","Skript __init__.py"
"starcore","starcore/starcore","starcore\starcore\extensions\proxmox\__init__.py",".py","Skript __init__.py"
"starcore","starcore/starcore","starcore\starcore\extensions\ssh\__init__.py",".py","Skript __init__.py"
"starcore","starcore/starcore","starcore\starcore\extensions\sync\__init__.py",".py","Skript __init__.py"
"starcore","starcore/starcore","starcore\starcore\extensions\vision\__init__.py",".py","Skript __init__.py"
"starcore","starcore/starcore","starcore\starcore\mobile\__init__.py",".py","Skript __init__.py"
"starcore","starcore/starcore","starcore\starcore\mobile\commands.py",".py","Skript commands.py"
"starcore","starcore/starcore","starcore\starcore\scripts\backup.sh",".sh","!/bin/bash"
"starcore","starcore/starcore","starcore\starcore\scripts\diagnose_extended.sh",".sh","!/bin/bash"
"starcore","starcore/starcore","starcore\starcore\scripts\diagnose.sh",".sh","!/bin/bash"
"starcore","starcore/starcore","starcore\starcore\scripts\fix_common.sh",".sh","!/bin/bash"
"starcore","starcore/starcore","starcore\starcore\scripts\full_check.sh",".sh","!/bin/bash"
"starcore","starcore/starcore","starcore\starcore\scripts\github_upload.sh",".sh","!/bin/bash"
"starcore","starcore/starcore","starcore\starcore\scripts\health.sh",".sh","!/bin/bash"
"starcore","starcore/starcore","starcore\starcore\scripts\check_all.sh",".sh","!/bin/bash"
"starcore","starcore/starcore","starcore\starcore\scripts\check_phase.sh",".sh","!/bin/bash"
"starcore","starcore/starcore","starcore\starcore\scripts\check_services.sh",".sh","!/bin/bash"
"starcore","starcore/starcore","starcore\starcore\scripts\install.sh",".sh","!/bin/bash"
"starcore","starcore/starcore","starcore\starcore\scripts\setup_mobile.sh",".sh","!/bin/bash"
"starcore","starcore/starcore","starcore\starcore\scripts\switch_model.sh",".sh","!/bin/bash"
"starcore","starcore/starcore","starcore\starcore\scripts\termux_optimize.sh",".sh","!/bin/bash"
"starcore","starcore/starcore","starcore\starcore\register_dashboard_service.py",".py","Skript register_dashboard_service.py"
"starcore","starcore/starcore","starcore\starcore\register_test_service.py",".py","Skript register_test_service.py"
"starcore","starcore/starcore","starcore\starcore\setup_termux.sh",".sh","!/bin/bash"
"starcore","starcore/starcore","starcore\starcore\welcome.py",".py","!/usr/bin/env python"
"starcore","starcore/starcore","starcore\starcore\welcome.sh",".sh","!/bin/bash"
"starcore-android","starcore/starcore-android","starcore\starcore-android\audit\STARCORE-ANDROID-LOCAL-AUDIT.ps1",".ps1","Skript STARCORE-ANDROID-LOCAL-AUDIT.ps1"
"starcore-android","starcore/starcore-android","starcore\starcore-android\STARCORE_36.20E_PC_Termux_AutoConnect_FIXED (1)\CREATE_ICON.cmd",".cmd","Skript CREATE_ICON.cmd"
"starcore-android","starcore/starcore-android","starcore\starcore-android\STARCORE_36.20E_PC_Termux_AutoConnect_FIXED (1)\STARCORE_36.20E_CREATE_AUTOCONNECT_ICON.ps1",".ps1","Skript STARCORE_36.20E_CREATE_AUTOCONNECT_ICON.ps1"
"starcore-android","starcore/starcore-android","starcore\starcore-android\STARCORE_36.20E_PC_Termux_AutoConnect_FIXED (1)\STARCORE_36.20E_TERMUX_AUTOCONNECT.ps1",".ps1","STARCORE 36.20E - TERMUX AUTO CONNECT v2"
"starcore-android","starcore/starcore-android","starcore\starcore-android\STARCORE_Termux_AutoConnect_v3\CREATE_ICON_v3.cmd",".cmd","Skript CREATE_ICON_v3.cmd"
"starcore-android","starcore/starcore-android","starcore\starcore-android\STARCORE_Termux_AutoConnect_v3\STARCORE_AutoRun_All.ps1",".ps1","Skript STARCORE_AutoRun_All.ps1"
"starcore-android","starcore/starcore-android","starcore\starcore-android\STARCORE_Termux_AutoConnect_v3\STARCORE_Run_V11_Remote.ps1",".ps1","Skript STARCORE_Run_V11_Remote.ps1"
"starcore-android","starcore/starcore-android","starcore\starcore-android\STARCORE_Termux_AutoConnect_v3\STARCORE_Termux_AutoConnect_Check.ps1",".ps1","Skript STARCORE_Termux_AutoConnect_Check.ps1"
"starcore-android","starcore/starcore-android","starcore\starcore-android\STARCORE_Termux_AutoConnect_v3\STARCORE_Termux_AutoConnect_v3.ps1",".ps1","Skript STARCORE_Termux_AutoConnect_v3.ps1"
"starcore-android","starcore/starcore-android","starcore\starcore-android\STARCORE_Termux_AutoConnect_v3\STARCORE_Workspace_Sync.ps1",".ps1","Skript STARCORE_Workspace_Sync.ps1"
"starcore-auto-builder-v3-0-live-dashboard","starcore/starcore-auto-builder","starcore\starcore-auto-builder\starcore-auto-builder-deep.sh",".sh","!/bin/bash"
"starcore-auto-builder-v3-0-live-dashboard","starcore/starcore-auto-builder","starcore\starcore-auto-builder\starcore-auto-builder-final.sh",".sh","!/bin/bash"
"starcore-auto-builder-v3-0-live-dashboard","starcore/starcore-auto-builder","starcore\starcore-auto-builder\starcore-auto-builder-lite.sh",".sh","!/bin/bash"
"starcore-auto-builder-v3-0-live-dashboard","starcore/starcore-auto-builder","starcore\starcore-auto-builder\starcore-auto-builder-v3.0.sh",".sh","!/bin/bash"
"starcore-installer","starcore/starcore-installer","starcore\starcore-installer\install_starcore_linux.sh",".sh","!/bin/bash"
"starcore-installer","starcore/starcore-installer","starcore\starcore-installer\install_starcore_termux.sh",".sh","!/data/data/com.termux/files/usr/bin/bash"
"starcore-installer","starcore/starcore-installer","starcore\starcore-installer\install_starcore_windows.ps1",".ps1","Skript install_starcore_windows.ps1"
"starcore-platform","starcore/starcore-platform","starcore\starcore-platform\agents\kernel\agent_kernel.py",".py","Skript agent_kernel.py"
"starcore-platform","starcore/starcore-platform","starcore\starcore-platform\agents\missions\mission_executor.py",".py","Skript mission_executor.py"
"starcore-platform","starcore/starcore-platform","starcore\starcore-platform\agents\planner\task_planner.py",".py","Skript task_planner.py"
"starcore-platform","starcore/starcore-platform","starcore\starcore-platform\ai_core\kernel\ai_kernel.py",".py","Skript ai_kernel.py"
"starcore-platform","starcore/starcore-platform","starcore\starcore-platform\ai_runtime\agents\agent_registry.py",".py","!/usr/bin/env python3"
"starcore-platform","starcore/starcore-platform","starcore\starcore-platform\ai_runtime\inference\inference_engine.py",".py","!/usr/bin/env python3"
"starcore-platform","starcore/starcore-platform","starcore\starcore-platform\ai_runtime\models\model_registry.py",".py","!/usr/bin/env python3"
"starcore-platform","starcore/starcore-platform","starcore\starcore-platform\api_gateway\api_gateway.py",".py","!/usr/bin/env python3"
"starcore-platform","starcore/starcore-platform","starcore\starcore-platform\automation\git\starcore_git_health.sh",".sh","!/data/data/com.termux/files/usr/bin/bash"
"starcore-platform","starcore/starcore-platform","starcore\starcore-platform\automation\github\scripts\backup_sync.sh",".sh","!/data/data/com.termux/files/usr/bin/bash"
"starcore-platform","starcore/starcore-platform","starcore\starcore-platform\automation\github\scripts\doctor_fix.sh",".sh","!/data/data/com.termux/files/usr/bin/bash"
"starcore-platform","starcore/starcore-platform","starcore\starcore-platform\automation\github\scripts\full_backup.sh",".sh","!/data/data/com.termux/files/usr/bin/bash"
"starcore-platform","starcore/starcore-platform","starcore\starcore-platform\automation\github\scripts\live_monitor.sh",".sh","!/data/data/com.termux/files/usr/bin/bash"
"starcore-platform","starcore/starcore-platform","starcore\starcore-platform\automation\github\scripts\release_check.sh",".sh","!/data/data/com.termux/files/usr/bin/bash"
"starcore-platform","starcore/starcore-platform","starcore\starcore-platform\automation\github\scripts\repository_audit.sh",".sh","!/data/data/com.termux/files/usr/bin/bash"
"starcore-platform","starcore/starcore-platform","starcore\starcore-platform\automation\github\scripts\security_scan.sh",".sh","!/data/data/com.termux/files/usr/bin/bash"
"starcore-platform","starcore/starcore-platform","starcore\starcore-platform\automation\github\scripts\starcore_doctor.sh",".sh","!/data/data/com.termux/files/usr/bin/bash"
"starcore-platform","starcore/starcore-platform","starcore\starcore-platform\automation\github\github_health.sh",".sh","!/data/data/com.termux/files/usr/bin/bash"
"starcore-platform","starcore/starcore-platform","starcore\starcore-platform\automation\github\starcore_github_control.sh",".sh","!/data/data/com.termux/files/usr/bin/bash"
"starcore-platform","starcore/starcore-platform","starcore\starcore-platform\automation\modules\ai\ai_status.sh",".sh","!/data/data/com.termux/files/usr/bin/bash"
"starcore-platform","starcore/starcore-platform","starcore\starcore-platform\automation\modules\android\android_check.sh",".sh","!/data/data/com.termux/files/usr/bin/bash"
"starcore-platform","starcore/starcore-platform","starcore\starcore-platform\automation\modules\android\battery.sh",".sh","!/data/data/com.termux/files/usr/bin/bash"
"starcore-platform","starcore/starcore-platform","starcore\starcore-platform\automation\modules\android\device_report.sh",".sh","!/data/data/com.termux/files/usr/bin/bash"
"starcore-platform","starcore/starcore-platform","starcore\starcore-platform\automation\modules\android\network.sh",".sh","!/data/data/com.termux/files/usr/bin/bash"
"starcore-platform","starcore/starcore-platform","starcore\starcore-platform\automation\modules\android\packages.sh",".sh","!/data/data/com.termux/files/usr/bin/bash"
"starcore-platform","starcore/starcore-platform","starcore\starcore-platform\automation\modules\android\storage.sh",".sh","!/data/data/com.termux/files/usr/bin/bash"
"starcore-platform","starcore/starcore-platform","starcore\starcore-platform\automation\modules\system\system_info.sh",".sh","!/data/data/com.termux/files/usr/bin/bash"
"starcore-platform","starcore/starcore-platform","starcore\starcore-platform\automation\modules\module_loader.sh",".sh","!/data/data/com.termux/files/usr/bin/bash"
"starcore-platform","starcore/starcore-platform","starcore\starcore-platform\automation\stabilization\scripts\starcore_verify.sh",".sh","!/data/data/com.termux/files/usr/bin/bash"
"starcore-platform","starcore/starcore-platform","starcore\starcore-platform\autonomous\agents\orchestrator.py",".py","Skript orchestrator.py"
"starcore-platform","starcore/starcore-platform","starcore\starcore-platform\autonomous\connectors\ai_core_bridge.py",".py","Skript ai_core_bridge.py"
"starcore-platform","starcore/starcore-platform","starcore\starcore-platform\autonomous\connectors\ollama_connector.py",".py","Skript ollama_connector.py"
"starcore-platform","starcore/starcore-platform","starcore\starcore-platform\autonomous\connectors\proxmox_controller.py",".py","Skript proxmox_controller.py"
"starcore-platform","starcore/starcore-platform","starcore\starcore-platform\autonomous\connectors\rag_bridge.py",".py","Skript rag_bridge.py"
"starcore-platform","starcore/starcore-platform","starcore\starcore-platform\autonomous\health\health_loop.py",".py","Skript health_loop.py"
"starcore-platform","starcore/starcore-platform","starcore\starcore-platform\autonomous\mesh\node_mesh.py",".py","Skript node_mesh.py"
"starcore-platform","starcore/starcore-platform","starcore\starcore-platform\autonomous\runtime\runtime.py",".py","Skript runtime.py"
"starcore-platform","starcore/starcore-platform","starcore\starcore-platform\autonomous\scheduler\scheduler.py",".py","Skript scheduler.py"
"starcore-platform","starcore/starcore-platform","starcore\starcore-platform\bundles_7x\install_7_3_4_ai_infra_knowledge.sh",".sh","!/data/data/com.termux/files/usr/bin/bash"
"starcore-platform","starcore/starcore-platform","starcore\starcore-platform\bundles_7x\install_7_5_6_studio_devops.sh",".sh","!/data/data/com.termux/files/usr/bin/bash"
"starcore-platform","starcore/starcore-platform","starcore\starcore-platform\bundles_7x\install_7_7_8_marketplace_observability.sh",".sh","!/data/data/com.termux/files/usr/bin/bash"
"starcore-platform","starcore/starcore-platform","starcore\starcore-platform\bundles_7x\install_7_9_10_security_final.sh",".sh","!/data/data/com.termux/files/usr/bin/bash"
"starcore-platform","starcore/starcore-platform","starcore\starcore-platform\bundles_7x\run_7x_bulk_suite.sh",".sh","!/data/data/com.termux/files/usr/bin/bash"
"starcore-platform","starcore/starcore-platform","starcore\starcore-platform\control_center\bin\log.sh",".sh","!/data/data/com.termux/files/usr/bin/bash"
"starcore-platform","starcore/starcore-platform","starcore\starcore-platform\control_center\modules\git.sh",".sh","!/data/data/com.termux/files/usr/bin/bash"
"starcore-platform","starcore/starcore-platform","starcore\starcore-platform\control_center\modules\network.sh",".sh","!/data/data/com.termux/files/usr/bin/bash"
"starcore-platform","starcore/starcore-platform","starcore\starcore-platform\control_center\modules\runtime.sh",".sh","!/data/data/com.termux/files/usr/bin/bash"
"starcore-platform","starcore/starcore-platform","starcore\starcore-platform\control_center\modules\security.sh",".sh","!/data/data/com.termux/files/usr/bin/bash"
"starcore-platform","starcore/starcore-platform","starcore\starcore-platform\control_center\modules\storage.sh",".sh","!/data/data/com.termux/files/usr/bin/bash"
"starcore-platform","starcore/starcore-platform","starcore\starcore-platform\control_center\modules\system.sh",".sh","!/data/data/com.termux/files/usr/bin/bash"
"starcore-platform","starcore/starcore-platform","starcore\starcore-platform\core\cli\__init__.py",".py","Skript __init__.py"
"starcore-platform","starcore/starcore-platform","starcore\starcore-platform\core\cli\command_bus.py",".py","!/usr/bin/env python3"
"starcore-platform","starcore/starcore-platform","starcore\starcore-platform\core\cli\router.py",".py","!/usr/bin/env python3"
"starcore-platform","starcore/starcore-platform","starcore\starcore-platform\core\config\__init__.py",".py","Skript __init__.py"
"starcore-platform","starcore/starcore-platform","starcore\starcore-platform\core\database\android\init_android_db.py",".py","!/usr/bin/env python3"
"starcore-platform","starcore/starcore-platform","starcore\starcore-platform\core\database\__init__.py",".py","Skript __init__.py"
"starcore-platform","starcore/starcore-platform","starcore\starcore-platform\core\database\security_db.py",".py","Skript security_db.py"
"starcore-platform","starcore/starcore-platform","starcore\starcore-platform\core\database\security_store.py",".py","Skript security_store.py"
"starcore-platform","starcore/starcore-platform","starcore\starcore-platform\core\installer\engine.py",".py","!/usr/bin/env python3"
"starcore-platform","starcore/starcore-platform","starcore\starcore-platform\core\installer\logger.py",".py","!/usr/bin/env python3"
"starcore-platform","starcore/starcore-platform","starcore\starcore-platform\core\installer\registry.py",".py","!/usr/bin/env python3"
"starcore-platform","starcore/starcore-platform","starcore\starcore-platform\core\installer\validator.py",".py","!/usr/bin/env python3"
"starcore-platform","starcore/starcore-platform","starcore\starcore-platform\core\lib\starcore.sh",".sh","!/data/data/com.termux/files/usr/bin/bash"
"starcore-platform","starcore/starcore-platform","starcore\starcore-platform\core\logging\__init__.py",".py","Skript __init__.py"
"starcore-platform","starcore/starcore-platform","starcore\starcore-platform\core\modules\android\android_cmd.py",".py","Skript android_cmd.py"
"starcore-platform","starcore/starcore-platform","starcore\starcore-platform\core\modules\android\audit.py",".py","Skript audit.py"
"starcore-platform","starcore/starcore-platform","starcore\starcore-platform\core\modules\android\battery.py",".py","Skript battery.py"
"starcore-platform","starcore/starcore-platform","starcore\starcore-platform\core\modules\android\device.py",".py","Skript device.py"
"starcore-platform","starcore/starcore-platform","starcore\starcore-platform\core\modules\android\integrity_engine.py",".py","Skript integrity_engine.py"
"starcore-platform","starcore/starcore-platform","starcore\starcore-platform\core\modules\android\integrity_scanner.py",".py","Skript integrity_scanner.py"
"starcore-platform","starcore/starcore-platform","starcore\starcore-platform\core\modules\android\magisk.py",".py","Skript magisk.py"
"starcore-platform","starcore/starcore-platform","starcore\starcore-platform\core\modules\android\network.py",".py","Skript network.py"
"starcore-platform","starcore/starcore-platform","starcore\starcore-platform\core\modules\android\packages.py",".py","Skript packages.py"
"starcore-platform","starcore/starcore-platform","starcore\starcore-platform\core\modules\android\processes.py",".py","Skript processes.py"
"starcore-platform","starcore/starcore-platform","starcore\starcore-platform\core\modules\android\properties.py",".py","Skript properties.py"
"starcore-platform","starcore/starcore-platform","starcore\starcore-platform\core\modules\android\resources.py",".py","Skript resources.py"
"starcore-platform","starcore/starcore-platform","starcore\starcore-platform\core\modules\android\risk_engine.py",".py","Skript risk_engine.py"
"starcore-platform","starcore/starcore-platform","starcore\starcore-platform\core\modules\android\root.py",".py","Skript root.py"
"starcore-platform","starcore/starcore-platform","starcore\starcore-platform\core\modules\android\security_engine.py",".py","Skript security_engine.py"
"starcore-platform","starcore/starcore-platform","starcore\starcore-platform\core\modules\android\security_intel.py",".py","Skript security_intel.py"
"starcore-platform","starcore/starcore-platform","starcore\starcore-platform\core\modules\android\security_report.py",".py","Skript security_report.py"
"starcore-platform","starcore/starcore-platform","starcore\starcore-platform\core\modules\android\security.py",".py","Skript security.py"
"starcore-platform","starcore/starcore-platform","starcore\starcore-platform\core\modules\android\storage.py",".py","Skript storage.py"
"starcore-platform","starcore/starcore-platform","starcore\starcore-platform\core\modules\system\logger.py",".py","Skript logger.py"
"starcore-platform","starcore/starcore-platform","starcore\starcore-platform\core\plugins\__init__.py",".py","Skript __init__.py"
"starcore-platform","starcore/starcore-platform","starcore\starcore-platform\core\runtime\events\event_bus.py",".py","!/usr/bin/env python3"
"starcore-platform","starcore/starcore-platform","starcore\starcore-platform\core\runtime\plugins\plugin_manager.py",".py","!/usr/bin/env python3"
"starcore-platform","starcore/starcore-platform","starcore\starcore-platform\core\runtime\plugins\plugin_status.py",".py","!/usr/bin/env python3"
"starcore-platform","starcore/starcore-platform","starcore\starcore-platform\core\runtime\plugins\test_plugin.sh",".sh","!/data/data/com.termux/files/usr/bin/bash"
"starcore-platform","starcore/starcore-platform","starcore\starcore-platform\core\runtime\__init__.py",".py","Skript __init__.py"
"starcore-platform","starcore/starcore-platform","starcore\starcore-platform\core\runtime\runtime_api.py",".py","!/usr/bin/env python3"
"starcore-platform","starcore/starcore-platform","starcore\starcore-platform\core\runtime\version.py",".py","Skript version.py"
"starcore-platform","starcore/starcore-platform","starcore\starcore-platform\core\services\__init__.py",".py","Skript __init__.py"
"starcore-platform","starcore/starcore-platform","starcore\starcore-platform\core\utils\__init__.py",".py","Skript __init__.py"
"starcore-platform","starcore/starcore-platform","starcore\starcore-platform\core\__init__.py",".py","Skript __init__.py"
"starcore-platform","starcore/starcore-platform","starcore\starcore-platform\distributed\agents\network.py",".py","Skript network.py"
"starcore-platform","starcore/starcore-platform","starcore\starcore-platform\distributed\auth\auth.py",".py","Skript auth.py"
"starcore-platform","starcore/starcore-platform","starcore\starcore-platform\distributed\bus\bus.py",".py","Skript bus.py"
"starcore-platform","starcore/starcore-platform","starcore\starcore-platform\distributed\events\events.py",".py","Skript events.py"
"starcore-platform","starcore/starcore-platform","starcore\starcore-platform\distributed\execution\execution.py",".py","Skript execution.py"
"starcore-platform","starcore/starcore-platform","starcore\starcore-platform\distributed\memory\memory_sync.py",".py","Skript memory_sync.py"
"starcore-platform","starcore/starcore-platform","starcore\starcore-platform\distributed\recovery\recovery.py",".py","Skript recovery.py"
"starcore-platform","starcore/starcore-platform","starcore\starcore-platform\distributed\vector\vector_sync.py",".py","Skript vector_sync.py"
"starcore-platform","starcore/starcore-platform","starcore\starcore-platform\distributed\workflows\federation.py",".py","Skript federation.py"
"starcore-platform","starcore/starcore-platform","starcore\starcore-platform\github_intelligence\github_scanner.py",".py","!/usr/bin/env python3"
"starcore-platform","starcore/starcore-platform","starcore\starcore-platform\hardening\dependencies\dependency_manager.py",".py","!/usr/bin/env python3"
"starcore-platform","starcore/starcore-platform","starcore\starcore-platform\hardening\environment\environment_audit.py",".py","!/usr/bin/env python3"
"starcore-platform","starcore/starcore-platform","starcore\starcore-platform\installers\android\history\6BX\install_6BX11_control_plane.sh",".sh","!/data/data/com.termux/files/usr/bin/bash"
"starcore-platform","starcore/starcore-platform","starcore\starcore-platform\installers\android\history\6BX\install_6BX12_scheduler.sh",".sh","!/data/data/com.termux/files/usr/bin/bash"
"starcore-platform","starcore/starcore-platform","starcore\starcore-platform\installers\android\history\6BX\install_6BX13_control_fabric.sh",".sh","!/data/data/com.termux/files/usr/bin/bash"
"starcore-platform","starcore/starcore-platform","starcore\starcore-platform\installers\android\history\6BX\install_6BX14_remote_access.sh",".sh","!/data/data/com.termux/files/usr/bin/bash"
"starcore-platform","starcore/starcore-platform","starcore\starcore-platform\installers\android\history\6BX\install_6BX15_agent_mesh.sh",".sh","!/data/data/com.termux/files/usr/bin/bash"
"starcore-platform","starcore/starcore-platform","starcore\starcore-platform\installers\android\history\6BX\install_6BX16_ai_memory_fabric.sh",".sh","!/data/data/com.termux/files/usr/bin/bash"
"starcore-platform","starcore/starcore-platform","starcore\starcore-platform\installers\android\history\6BX\install_6BX17_self_repair.sh",".sh","!/data/data/com.termux/files/usr/bin/bash"
"starcore-platform","starcore/starcore-platform","starcore\starcore-platform\installers\android\install_6BX7.sh",".sh","Skript install_6BX7.sh"
"starcore-platform","starcore/starcore-platform","starcore\starcore-platform\installers\android\starcore_installer.py",".py","!/usr/bin/env python3"
"starcore-platform","starcore/starcore-platform","starcore\starcore-platform\knowledge\core\knowledge_core.py",".py","Skript knowledge_core.py"
"starcore-platform","starcore/starcore-platform","starcore\starcore-platform\knowledge\rag\rag_engine.py",".py","Skript rag_engine.py"
"starcore-platform","starcore/starcore-platform","starcore\starcore-platform\knowledge_engine\knowledge_core.py",".py","!/usr/bin/env python3"
"starcore-platform","starcore/starcore-platform","starcore\starcore-platform\mission_engine\execution\execution_tracker.py",".py","!/usr/bin/env python3"
"starcore-platform","starcore/starcore-platform","starcore\starcore-platform\mission_engine\missions\mission_registry.py",".py","!/usr/bin/env python3"
"starcore-platform","starcore/starcore-platform","starcore\starcore-platform\mission_engine\workflows\workflow_engine.py",".py","!/usr/bin/env python3"
"starcore-platform","starcore/starcore-platform","starcore\starcore-platform\performance\performance_analyzer.py",".py","!/usr/bin/env python3"
"starcore-platform","starcore/starcore-platform","starcore\starcore-platform\platform\.starcore\scripts\tests\__init__.py",".py","STARCORE scripts test package"
"starcore-platform","starcore/starcore-platform","starcore\starcore-platform\platform\.starcore\scripts\tests\test_decision_engine.py",".py","!/usr/bin/env python3"
"starcore-platform","starcore/starcore-platform","starcore\starcore-platform\platform\.starcore\scripts\tests\test_qc_engines.py",".py","!/usr/bin/env python3"
"starcore-platform","starcore/starcore-platform","starcore\starcore-platform\platform\.starcore\scripts\tests\test_repository_map.py",".py","!/usr/bin/env python3"
"starcore-platform","starcore/starcore-platform","starcore\starcore-platform\platform\.starcore\scripts\tests\test_startup_protocol.py",".py","!/usr/bin/env python3"
"starcore-platform","starcore/starcore-platform","starcore\starcore-platform\platform\.starcore\scripts\__init__.py",".py","STARCORE .starcore/scripts — automation utilities for registry and session ledger"
"starcore-platform","starcore/starcore-platform","starcore\starcore-platform\platform\.starcore\scripts\decision_engine.py",".py","!/usr/bin/env python3"
"starcore-platform","starcore/starcore-platform","starcore\starcore-platform\platform\.starcore\scripts\impact_analyzer.py",".py","!/usr/bin/env python3"
"starcore-platform","starcore/starcore-platform","starcore\starcore-platform\platform\.starcore\scripts\ledger.py",".py","!/usr/bin/env python3"
"starcore-platform","starcore/starcore-platform","starcore\starcore-platform\platform\.starcore\scripts\models.py",".py","Skript models.py"
"starcore-platform","starcore/starcore-platform","starcore\starcore-platform\platform\.starcore\scripts\qc_engine.py",".py","!/usr/bin/env python3"
"starcore-platform","starcore/starcore-platform","starcore\starcore-platform\platform\.starcore\scripts\registry.py",".py","!/usr/bin/env python3"
"starcore-platform","starcore/starcore-platform","starcore\starcore-platform\platform\.starcore\scripts\regression_sentinel.py",".py","!/usr/bin/env python3"
"starcore-platform","starcore/starcore-platform","starcore\starcore-platform\platform\.starcore\scripts\release_readiness.py",".py","!/usr/bin/env python3"
"starcore-platform","starcore/starcore-platform","starcore\starcore-platform\platform\.starcore\scripts\repository_map.py",".py","!/usr/bin/env python3"
"starcore-platform","starcore/starcore-platform","starcore\starcore-platform\platform\.starcore\scripts\startup_protocol.py",".py","!/usr/bin/env python3"
"starcore-platform","starcore/starcore-platform","starcore\starcore-platform\platform\apps\cli\__init__.py",".py","Skript __init__.py"
"starcore-platform","starcore/starcore-platform","starcore\starcore-platform\platform\apps\cli\main.py",".py","Skript main.py"
"starcore-platform","starcore/starcore-platform","starcore\starcore-platform\platform\apps\__init__.py",".py","Skript __init__.py"
"starcore-platform","starcore/starcore-platform","starcore\starcore-platform\platform\migrations\versions\0001_initial_schema.py",".py","Skript 0001_initial_schema.py"
"starcore-platform","starcore/starcore-platform","starcore\starcore-platform\platform\migrations\versions\0002_add_users.py",".py","Skript 0002_add_users.py"
"starcore-platform","starcore/starcore-platform","starcore\starcore-platform\platform\migrations\env.py",".py","Skript env.py"
"starcore-platform","starcore/starcore-platform","starcore\starcore-platform\platform\packages\ai\providers\__init__.py",".py","Skript __init__.py"
"starcore-platform","starcore/starcore-platform","starcore\starcore-platform\platform\packages\ai\providers\anthropic.py",".py","Skript anthropic.py"
"starcore-platform","starcore/starcore-platform","starcore\starcore-platform\platform\packages\ai\providers\openai_compat.py",".py","Skript openai_compat.py"
"starcore-platform","starcore/starcore-platform","starcore\starcore-platform\platform\packages\ai\__init__.py",".py","Skript __init__.py"
"starcore-platform","starcore/starcore-platform","starcore\starcore-platform\platform\packages\ai\base.py",".py","Skript base.py"
"starcore-platform","starcore/starcore-platform","starcore\starcore-platform\platform\packages\ai\generator.py",".py","Skript generator.py"
"starcore-platform","starcore/starcore-platform","starcore\starcore-platform\platform\packages\ai\prompts.py",".py","Skript prompts.py"
"starcore-platform","starcore/starcore-platform","starcore\starcore-platform\platform\packages\blueprints\__init__.py",".py","Skript __init__.py"
"starcore-platform","starcore/starcore-platform","starcore\starcore-platform\platform\packages\blueprints\executor.py",".py","Skript executor.py"
"starcore-platform","starcore/starcore-platform","starcore\starcore-platform\platform\packages\blueprints\loader.py",".py","Skript loader.py"
"starcore-platform","starcore/starcore-platform","starcore\starcore-platform\platform\packages\blueprints\models.py",".py","Skript models.py"
"starcore-platform","starcore/starcore-platform","starcore\starcore-platform\platform\packages\blueprints\planner.py",".py","Skript planner.py"
"starcore-platform","starcore/starcore-platform","starcore\starcore-platform\platform\packages\blueprints\template_resolver.py",".py","Skript template_resolver.py"
"starcore-platform","starcore/starcore-platform","starcore\starcore-platform\platform\packages\core\routers\__init__.py",".py","Skript __init__.py"
"starcore-platform","starcore/starcore-platform","starcore\starcore-platform\platform\packages\core\routers\ai.py",".py","Skript ai.py"
"starcore-platform","starcore/starcore-platform","starcore\starcore-platform\platform\packages\core\routers\auth.py",".py","Skript auth.py"
"starcore-platform","starcore/starcore-platform","starcore\starcore-platform\platform\packages\core\routers\blueprints.py",".py","Skript blueprints.py"
"starcore-platform","starcore/starcore-platform","starcore\starcore-platform\platform\packages\core\routers\diagnostics.py",".py","Skript diagnostics.py"
"starcore-platform","starcore/starcore-platform","starcore\starcore-platform\platform\packages\core\routers\providers.py",".py","Skript providers.py"
"starcore-platform","starcore/starcore-platform","starcore\starcore-platform\platform\packages\core\routers\runs.py",".py","Skript runs.py"
"starcore-platform","starcore/starcore-platform","starcore\starcore-platform\platform\packages\core\routers\ws.py",".py","Skript ws.py"
"starcore-platform","starcore/starcore-platform","starcore\starcore-platform\platform\packages\core\__init__.py",".py","Skript __init__.py"
"starcore-platform","starcore/starcore-platform","starcore\starcore-platform\platform\packages\core\auth.py",".py","Skript auth.py"
"starcore-platform","starcore/starcore-platform","starcore\starcore-platform\platform\packages\core\config.py",".py","Skript config.py"
"starcore-platform","starcore/starcore-platform","starcore\starcore-platform\platform\packages\core\correlation.py",".py","Skript correlation.py"
"starcore-platform","starcore/starcore-platform","starcore\starcore-platform\platform\packages\core\database.py",".py","Skript database.py"
"starcore-platform","starcore/starcore-platform","starcore\starcore-platform\platform\packages\core\diagnostics.py",".py","Skript diagnostics.py"
"starcore-platform","starcore/starcore-platform","starcore\starcore-platform\platform\packages\core\discovery.py",".py","Skript discovery.py"
"starcore-platform","starcore/starcore-platform","starcore\starcore-platform\platform\packages\core\environment.py",".py","Skript environment.py"
"starcore-platform","starcore/starcore-platform","starcore\starcore-platform\platform\packages\core\events.py",".py","Skript events.py"
"starcore-platform","starcore/starcore-platform","starcore\starcore-platform\platform\packages\core\logger.py",".py","Skript logger.py"
"starcore-platform","starcore/starcore-platform","starcore\starcore-platform\platform\packages\core\main.py",".py","Skript main.py"
"starcore-platform","starcore/starcore-platform","starcore\starcore-platform\platform\packages\core\metrics.py",".py","Skript metrics.py"
"starcore-platform","starcore/starcore-platform","starcore\starcore-platform\platform\packages\core\models_api.py",".py","Skript models_api.py"
"starcore-platform","starcore/starcore-platform","starcore\starcore-platform\platform\packages\core\models_db.py",".py","Skript models_db.py"
"starcore-platform","starcore/starcore-platform","starcore\starcore-platform\platform\packages\core\plugin_manager.py",".py","Skript plugin_manager.py"
"starcore-platform","starcore/starcore-platform","starcore\starcore-platform\platform\packages\core\repository.py",".py","Skript repository.py"
"starcore-platform","starcore/starcore-platform","starcore\starcore-platform\platform\packages\core\request_id_middleware.py",".py","Skript request_id_middleware.py"
"starcore-platform","starcore/starcore-platform","starcore\starcore-platform\platform\packages\core\resource_actions.py",".py","Skript resource_actions.py"
"starcore-platform","starcore/starcore-platform","starcore\starcore-platform\platform\packages\core\security.py",".py","Skript security.py"
"starcore-platform","starcore/starcore-platform","starcore\starcore-platform\platform\packages\core\tracing.py",".py","Skript tracing.py"
"starcore-platform","starcore/starcore-platform","starcore\starcore-platform\platform\packages\orchestrator\__init__.py",".py","Skript __init__.py"
"starcore-platform","starcore/starcore-platform","starcore\starcore-platform\platform\packages\orchestrator\scheduler.py",".py","Skript scheduler.py"
"starcore-platform","starcore/starcore-platform","starcore\starcore-platform\platform\packages\orchestrator\task_graph.py",".py","Skript task_graph.py"
"starcore-platform","starcore/starcore-platform","starcore\starcore-platform\platform\packages\orchestrator\task.py",".py","Skript task.py"
"starcore-platform","starcore/starcore-platform","starcore\starcore-platform\platform\packages\orchestrator\timeout.py",".py","Skript timeout.py"
"starcore-platform","starcore/starcore-platform","starcore\starcore-platform\platform\packages\provider_sdk\__init__.py",".py","Skript __init__.py"
"starcore-platform","starcore/starcore-platform","starcore\starcore-platform\platform\packages\provider_sdk\base.py",".py","Skript base.py"
"starcore-platform","starcore/starcore-platform","starcore\starcore-platform\platform\packages\provider_sdk\exceptions.py",".py","Skript exceptions.py"
"starcore-platform","starcore/starcore-platform","starcore\starcore-platform\platform\packages\provider_sdk\registry.py",".py","Skript registry.py"
"starcore-platform","starcore/starcore-platform","starcore\starcore-platform\platform\packages\provider_sdk\retry.py",".py","Skript retry.py"
"starcore-platform","starcore/starcore-platform","starcore\starcore-platform\platform\packages\providers\docker\__init__.py",".py","Skript __init__.py"
"starcore-platform","starcore/starcore-platform","starcore\starcore-platform\platform\packages\providers\docker\provider.py",".py","Skript provider.py"
"starcore-platform","starcore/starcore-platform","starcore\starcore-platform\platform\packages\providers\kubernetes\__init__.py",".py","Skript __init__.py"
"starcore-platform","starcore/starcore-platform","starcore\starcore-platform\platform\packages\providers\kubernetes\provider.py",".py","Skript provider.py"
"starcore-platform","starcore/starcore-platform","starcore\starcore-platform\platform\packages\providers\proxmox\__init__.py",".py","Skript __init__.py"
"starcore-platform","starcore/starcore-platform","starcore\starcore-platform\platform\packages\providers\proxmox\provider.py",".py","Skript provider.py"
"starcore-platform","starcore/starcore-platform","starcore\starcore-platform\platform\packages\providers\__init__.py",".py","Skript __init__.py"
"starcore-platform","starcore/starcore-platform","starcore\starcore-platform\platform\plugins\example_provider\__init__.py",".py","Skript __init__.py"
"starcore-platform","starcore/starcore-platform","starcore\starcore-platform\platform\plugins\run_logger\__init__.py",".py","Skript __init__.py"
"starcore-platform","starcore/starcore-platform","starcore\starcore-platform\platform\plugins\__init__.py",".py","Skript __init__.py"
"starcore-platform","starcore/starcore-platform","starcore\starcore-platform\platform\scripts\doctor.py",".py","!/usr/bin/env python3"
"starcore-platform","starcore/starcore-platform","starcore\starcore-platform\platform\scripts\health.py",".py","!/usr/bin/env python3"
"starcore-platform","starcore/starcore-platform","starcore\starcore-platform\platform\scripts\make-executable.sh",".sh","!/bin/bash"
"starcore-platform","starcore/starcore-platform","starcore\starcore-platform\platform\scripts\quickstart.sh",".sh","!/bin/bash"
"starcore-platform","starcore/starcore-platform","starcore\starcore-platform\platform\scripts\release.py",".py","!/usr/bin/env python3"
"starcore-platform","starcore/starcore-platform","starcore\starcore-platform\platform\scripts\setup-copilot.sh",".sh","!/bin/bash"
"starcore-platform","starcore/starcore-platform","starcore\starcore-platform\platform\scripts\verify-integration.sh",".sh","!/bin/bash"
"starcore-platform","starcore/starcore-platform","starcore\starcore-platform\platform\tests\postgres\__init__.py",".py","Skript __init__.py"
"starcore-platform","starcore/starcore-platform","starcore\starcore-platform\platform\tests\postgres\conftest.py",".py","Skript conftest.py"
"starcore-platform","starcore/starcore-platform","starcore\starcore-platform\platform\tests\postgres\test_smoke.py",".py","Skript test_smoke.py"
"starcore-platform","starcore/starcore-platform","starcore\starcore-platform\platform\tests\conftest.py",".py","Skript conftest.py"
"starcore-platform","starcore/starcore-platform","starcore\starcore-platform\platform\tests\test_ai_generator.py",".py","Skript test_ai_generator.py"
"starcore-platform","starcore/starcore-platform","starcore\starcore-platform\platform\tests\test_ai_providers.py",".py","Skript test_ai_providers.py"
"starcore-platform","starcore/starcore-platform","starcore\starcore-platform\platform\tests\test_api.py",".py","Skript test_api.py"
"starcore-platform","starcore/starcore-platform","starcore\starcore-platform\platform\tests\test_auth.py",".py","Skript test_auth.py"
"starcore-platform","starcore/starcore-platform","starcore\starcore-platform\platform\tests\test_blueprint_parametrization.py",".py","Skript test_blueprint_parametrization.py"
"starcore-platform","starcore/starcore-platform","starcore\starcore-platform\platform\tests\test_blueprints.py",".py","Skript test_blueprints.py"
"starcore-platform","starcore/starcore-platform","starcore\starcore-platform\platform\tests\test_cli.py",".py","Skript test_cli.py"
"starcore-platform","starcore/starcore-platform","starcore\starcore-platform\platform\tests\test_correlation.py",".py","Skript test_correlation.py"
"starcore-platform","starcore/starcore-platform","starcore\starcore-platform\platform\tests\test_diagnostics.py",".py","Skript test_diagnostics.py"
"starcore-platform","starcore/starcore-platform","starcore\starcore-platform\platform\tests\test_discovery.py",".py","Skript test_discovery.py"
"starcore-platform","starcore/starcore-platform","starcore\starcore-platform\platform\tests\test_e2e_integration.py",".py","Skript test_e2e_integration.py"
"starcore-platform","starcore/starcore-platform","starcore\starcore-platform\platform\tests\test_environment.py",".py","Skript test_environment.py"
"starcore-platform","starcore/starcore-platform","starcore\starcore-platform\platform\tests\test_events.py",".py","Skript test_events.py"
"starcore-platform","starcore/starcore-platform","starcore\starcore-platform\platform\tests\test_exceptions.py",".py","Skript test_exceptions.py"
"starcore-platform","starcore/starcore-platform","starcore\starcore-platform\platform\tests\test_graph_execution.py",".py","Skript test_graph_execution.py"
"starcore-platform","starcore/starcore-platform","starcore\starcore-platform\platform\tests\test_health.py",".py","Skript test_health.py"
"starcore-platform","starcore/starcore-platform","starcore\starcore-platform\platform\tests\test_jwt_auth.py",".py","Skript test_jwt_auth.py"
"starcore-platform","starcore/starcore-platform","starcore\starcore-platform\platform\tests\test_kubernetes_provider.py",".py","Skript test_kubernetes_provider.py"
"starcore-platform","starcore/starcore-platform","starcore\starcore-platform\platform\tests\test_logger.py",".py","Skript test_logger.py"
"starcore-platform","starcore/starcore-platform","starcore\starcore-platform\platform\tests\test_metrics.py",".py","Skript test_metrics.py"
"starcore-platform","starcore/starcore-platform","starcore\starcore-platform\platform\tests\test_migrations.py",".py","Skript test_migrations.py"
"starcore-platform","starcore/starcore-platform","starcore\starcore-platform\platform\tests\test_persistence.py",".py","Skript test_persistence.py"
"starcore-platform","starcore/starcore-platform","starcore\starcore-platform\platform\tests\test_plugin_manager.py",".py","Skript test_plugin_manager.py"
"starcore-platform","starcore/starcore-platform","starcore\starcore-platform\platform\tests\test_property_based_ai.py",".py","Skript test_property_based_ai.py"
"starcore-platform","starcore/starcore-platform","starcore\starcore-platform\platform\tests\test_property_based_blueprints.py",".py","Skript test_property_based_blueprints.py"
"starcore-platform","starcore/starcore-platform","starcore\starcore-platform\platform\tests\test_property_based_cli.py",".py","Skript test_property_based_cli.py"
"starcore-platform","starcore/starcore-platform","starcore\starcore-platform\platform\tests\test_property_based_core.py",".py","Skript test_property_based_core.py"
"starcore-platform","starcore/starcore-platform","starcore\starcore-platform\platform\tests\test_property_based_dependency_semantics.py",".py","Skript test_property_based_dependency_semantics.py"
"starcore-platform","starcore/starcore-platform","starcore\starcore-platform\platform\tests\test_property_based_environment.py",".py","Skript test_property_based_environment.py"
"starcore-platform","starcore/starcore-platform","starcore\starcore-platform\platform\tests\test_property_based_metrics.py",".py","Skript test_property_based_metrics.py"
"starcore-platform","starcore/starcore-platform","starcore\starcore-platform\platform\tests\test_property_based_providers.py",".py","Skript test_property_based_providers.py"
"starcore-platform","starcore/starcore-platform","starcore\starcore-platform\platform\tests\test_property_based_retry.py",".py","Skript test_property_based_retry.py"
"starcore-platform","starcore/starcore-platform","starcore\starcore-platform\platform\tests\test_property_based_security.py",".py","Skript test_property_based_security.py"
"starcore-platform","starcore/starcore-platform","starcore\starcore-platform\platform\tests\test_property_based_timeout.py",".py","Skript test_property_based_timeout.py"
"starcore-platform","starcore/starcore-platform","starcore\starcore-platform\platform\tests\test_property_based.py",".py","Skript test_property_based.py"
"starcore-platform","starcore/starcore-platform","starcore\starcore-platform\platform\tests\test_providers.py",".py","Skript test_providers.py"
"starcore-platform","starcore/starcore-platform","starcore\starcore-platform\platform\tests\test_rate_limiting.py",".py","Skript test_rate_limiting.py"
"starcore-platform","starcore/starcore-platform","starcore\starcore-platform\platform\tests\test_request_id_middleware.py",".py","Skript test_request_id_middleware.py"
"starcore-platform","starcore/starcore-platform","starcore\starcore-platform\platform\tests\test_request_id.py",".py","Skript test_request_id.py"
"starcore-platform","starcore/starcore-platform","starcore\starcore-platform\platform\tests\test_resource_actions.py",".py","Skript test_resource_actions.py"
"starcore-platform","starcore/starcore-platform","starcore\starcore-platform\platform\tests\test_retry.py",".py","Skript test_retry.py"
"starcore-platform","starcore/starcore-platform","starcore\starcore-platform\platform\tests\test_security.py",".py","Skript test_security.py"
"starcore-platform","starcore/starcore-platform","starcore\starcore-platform\platform\tests\test_settings_isolation.py",".py","Skript test_settings_isolation.py"
"starcore-platform","starcore/starcore-platform","starcore\starcore-platform\platform\tests\test_scheduler.py",".py","Skript test_scheduler.py"
"starcore-platform","starcore/starcore-platform","starcore\starcore-platform\platform\tests\test_schema_management.py",".py","Skript test_schema_management.py"
"starcore-platform","starcore/starcore-platform","starcore\starcore-platform\platform\tests\test_sse.py",".py","Skript test_sse.py"
"starcore-platform","starcore/starcore-platform","starcore\starcore-platform\platform\tests\test_template_resolver.py",".py","Skript test_template_resolver.py"
"starcore-platform","starcore/starcore-platform","starcore\starcore-platform\platform\tests\test_timeout.py",".py","Skript test_timeout.py"
"starcore-platform","starcore/starcore-platform","starcore\starcore-platform\platform\tests\test_tracing.py",".py","Skript test_tracing.py"
"starcore-platform","starcore/starcore-platform","starcore\starcore-platform\platform\tests\test_ws_blueprint.py",".py","Skript test_ws_blueprint.py"
"starcore-platform","starcore/starcore-platform","starcore\starcore-platform\plugins\enabled\android\agent\android_agent_v2.py",".py","!/usr/bin/env python3"
"starcore-platform","starcore/starcore-platform","starcore\starcore-platform\plugins\enabled\android\agent\android_agent.py",".py","!/usr/bin/env python3"
"starcore-platform","starcore/starcore-platform","starcore\starcore-platform\plugins\enabled\android\agent_supervisor\supervisor.py",".py","!/usr/bin/env python3"
"starcore-platform","starcore/starcore-platform","starcore\starcore-platform\plugins\enabled\android\agents\registry.py",".py","!/usr/bin/env python3"
"starcore-platform","starcore/starcore-platform","starcore\starcore-platform\plugins\enabled\android\ai\device_analyzer.py",".py","!/usr/bin/env python3"
"starcore-platform","starcore/starcore-platform","starcore\starcore-platform\plugins\enabled\android\ai_bridge\ai_bridge.py",".py","!/usr/bin/env python3"
"starcore-platform","starcore/starcore-platform","starcore\starcore-platform\plugins\enabled\android\ai_bridge\ai_handshake.py",".py","!/usr/bin/env python3"
"starcore-platform","starcore/starcore-platform","starcore\starcore-platform\plugins\enabled\android\ai_core\agent\autonomous_loop.py",".py","!/usr/bin/env python3"
"starcore-platform","starcore/starcore-platform","starcore\starcore-platform\plugins\enabled\android\ai_core\bridge\fatalab_bridge.py",".py","!/usr/bin/env python3"
"starcore-platform","starcore/starcore-platform","starcore\starcore-platform\plugins\enabled\android\ai_core\decision\decision_engine.py",".py","!/usr/bin/env python3"
"starcore-platform","starcore/starcore-platform","starcore\starcore-platform\plugins\enabled\android\ai_core\memory\memory_layer.py",".py","!/usr/bin/env python3"
"starcore-platform","starcore/starcore-platform","starcore\starcore-platform\plugins\enabled\android\ai_core\policy\policy_engine.py",".py","!/usr/bin/env python3"
"starcore-platform","starcore/starcore-platform","starcore\starcore-platform\plugins\enabled\android\ai_core\recommendation\recommendation_engine.py",".py","!/usr/bin/env python3"
"starcore-platform","starcore/starcore-platform","starcore\starcore-platform\plugins\enabled\android\api\gateway.py",".py","!/usr/bin/env python3"
"starcore-platform","starcore/starcore-platform","starcore\starcore-platform\plugins\enabled\android\api_gateway\api_gateway.py",".py","!/usr/bin/env python3"
"starcore-platform","starcore/starcore-platform","starcore\starcore-platform\plugins\enabled\android\audit\integrity_audit.py",".py","!/usr/bin/env python3"
"starcore-platform","starcore/starcore-platform","starcore\starcore-platform\plugins\enabled\android\automation\automation.py",".py","!/usr/bin/env python3"
"starcore-platform","starcore/starcore-platform","starcore\starcore-platform\plugins\enabled\android\autonomous\bridge\fatalab_connector.py",".py","!/usr/bin/env python3"
"starcore-platform","starcore/starcore-platform","starcore\starcore-platform\plugins\enabled\android\autonomous\events\event_intelligence.py",".py","!/usr/bin/env python3"
"starcore-platform","starcore/starcore-platform","starcore\starcore-platform\plugins\enabled\android\autonomous\memory\memory_engine.py",".py","!/usr/bin/env python3"
"starcore-platform","starcore/starcore-platform","starcore\starcore-platform\plugins\enabled\android\autonomous\orchestrator\orchestrator.py",".py","!/usr/bin/env python3"
"starcore-platform","starcore/starcore-platform","starcore\starcore-platform\plugins\enabled\android\autonomous\scheduler\task_scheduler.py",".py","!/usr/bin/env python3"
"starcore-platform","starcore/starcore-platform","starcore\starcore-platform\plugins\enabled\android\autonomous\workers\worker_engine.py",".py","!/usr/bin/env python3"
"starcore-platform","starcore/starcore-platform","starcore\starcore-platform\plugins\enabled\android\autonomous\health_check.py",".py","!/usr/bin/env python3"
"starcore-platform","starcore/starcore-platform","starcore\starcore-platform\plugins\enabled\android\autonomous_core\bootstrap\bootstrap.py",".py","!/usr/bin/env python3"
"starcore-platform","starcore/starcore-platform","starcore\starcore-platform\plugins\enabled\android\autonomous_core\decision_loop\decision_loop.py",".py","!/usr/bin/env python3"
"starcore-platform","starcore/starcore-platform","starcore\starcore-platform\plugins\enabled\android\autonomous_core\event_intelligence\event_engine.py",".py","!/usr/bin/env python3"
"starcore-platform","starcore/starcore-platform","starcore\starcore-platform\plugins\enabled\android\autonomous_core\mission_manager\mission_manager.py",".py","!/usr/bin/env python3"
"starcore-platform","starcore/starcore-platform","starcore\starcore-platform\plugins\enabled\android\autonomous_core\optimizer\optimizer.py",".py","!/usr/bin/env python3"
"starcore-platform","starcore/starcore-platform","starcore\starcore-platform\plugins\enabled\android\autonomous_core\recovery\recovery.py",".py","!/usr/bin/env python3"
"starcore-platform","starcore/starcore-platform","starcore\starcore-platform\plugins\enabled\android\autonomous_core\state_controller\controller.py",".py","!/usr/bin/env python3"
"starcore-platform","starcore/starcore-platform","starcore\starcore-platform\plugins\enabled\android\autonomous_core\supervisor\supervisor.py",".py","!/usr/bin/env python3"
"starcore-platform","starcore/starcore-platform","starcore\starcore-platform\plugins\enabled\android\autonomous_core\sync\sync_engine.py",".py","!/usr/bin/env python3"
"starcore-platform","starcore/starcore-platform","starcore\starcore-platform\plugins\enabled\android\autonomous_core\validator\master_validator.py",".py","!/usr/bin/env python3"
"starcore-platform","starcore/starcore-platform","starcore\starcore-platform\plugins\enabled\android\backup\backup_engine.py",".py","!/usr/bin/env python3"
"starcore-platform","starcore/starcore-platform","starcore\starcore-platform\plugins\enabled\android\backup\snapshot_engine.py",".py","!/usr/bin/env python3"
"starcore-platform","starcore/starcore-platform","starcore\starcore-platform\plugins\enabled\android\bin\health.sh",".sh","!/data/data/com.termux/files/usr/bin/bash"
"starcore-platform","starcore/starcore-platform","starcore\starcore-platform\plugins\enabled\android\bin\security_collect.sh",".sh","!/data/data/com.termux/files/usr/bin/bash"
"starcore-platform","starcore/starcore-platform","starcore\starcore-platform\plugins\enabled\android\bin\security.sh",".sh","!/data/data/com.termux/files/usr/bin/bash"
"starcore-platform","starcore/starcore-platform","starcore\starcore-platform\plugins\enabled\android\bin\snapshot.sh",".sh","!/data/data/com.termux/files/usr/bin/bash"
"starcore-platform","starcore/starcore-platform","starcore\starcore-platform\plugins\enabled\android\bin\telemetry.sh",".sh","!/data/data/com.termux/files/usr/bin/bash"
"starcore-platform","starcore/starcore-platform","starcore\starcore-platform\plugins\enabled\android\bootstrap\bootstrap_engine.py",".py","!/usr/bin/env python3"
"starcore-platform","starcore/starcore-platform","starcore\starcore-platform\plugins\enabled\android\bridge\ai_bridge_v2.py",".py","!/usr/bin/env python3"
"starcore-platform","starcore/starcore-platform","starcore\starcore-platform\plugins\enabled\android\bridge\memory_bridge.py",".py","!/usr/bin/env python3"
"starcore-platform","starcore/starcore-platform","starcore\starcore-platform\plugins\enabled\android\cognitive\bridge\fatalab_bridge.py",".py","!/usr/bin/env python3"
"starcore-platform","starcore/starcore-platform","starcore\starcore-platform\plugins\enabled\android\cognitive\context\context_engine.py",".py","!/usr/bin/env python3"
"starcore-platform","starcore/starcore-platform","starcore\starcore-platform\plugins\enabled\android\cognitive\health\cognitive_health.py",".py","!/usr/bin/env python3"
"starcore-platform","starcore/starcore-platform","starcore\starcore-platform\plugins\enabled\android\cognitive\memory\memory_graph.py",".py","!/usr/bin/env python3"
"starcore-platform","starcore/starcore-platform","starcore\starcore-platform\plugins\enabled\android\cognitive\router\ai_router.py",".py","!/usr/bin/env python3"
"starcore-platform","starcore/starcore-platform","starcore\starcore-platform\plugins\enabled\android\cognitive\vector\vector_interface.py",".py","!/usr/bin/env python3"
"starcore-platform","starcore/starcore-platform","starcore\starcore-platform\plugins\enabled\android\cognitive_v2\context\context_manager.py",".py","!/usr/bin/env python3"
"starcore-platform","starcore/starcore-platform","starcore\starcore-platform\plugins\enabled\android\cognitive_v2\decision\decision_engine.py",".py","!/usr/bin/env python3"
"starcore-platform","starcore/starcore-platform","starcore\starcore-platform\plugins\enabled\android\cognitive_v2\inference\inference_engine.py",".py","!/usr/bin/env python3"
"starcore-platform","starcore/starcore-platform","starcore\starcore-platform\plugins\enabled\android\cognitive_v2\learning\learning_engine.py",".py","!/usr/bin/env python3"
"starcore-platform","starcore/starcore-platform","starcore\starcore-platform\plugins\enabled\android\cognitive_v2\planning\planning_engine.py",".py","!/usr/bin/env python3"
"starcore-platform","starcore/starcore-platform","starcore\starcore-platform\plugins\enabled\android\cognitive_v2\reasoning\reasoning_engine.py",".py","!/usr/bin/env python3"
"starcore-platform","starcore/starcore-platform","starcore\starcore-platform\plugins\enabled\android\cognitive_v2\reflection\reflection_engine.py",".py","!/usr/bin/env python3"
"starcore-platform","starcore/starcore-platform","starcore\starcore-platform\plugins\enabled\android\cognitive_v2\supervisor\cognitive_supervisor.py",".py","!/usr/bin/env python3"
"starcore-platform","starcore/starcore-platform","starcore\starcore-platform\plugins\enabled\android\command_bus\command_bus.py",".py","!/usr/bin/env python3"
"starcore-platform","starcore/starcore-platform","starcore\starcore-platform\plugins\enabled\android\command_center\controller.py",".py","!/usr/bin/env python3"
"starcore-platform","starcore/starcore-platform","starcore\starcore-platform\plugins\enabled\android\compute_fabric\bootstrap\bootstrap.py",".py","!/usr/bin/env python3"
"starcore-platform","starcore/starcore-platform","starcore\starcore-platform\plugins\enabled\android\compute_fabric\containers\container_bridge.py",".py","!/usr/bin/env python3"
"starcore-platform","starcore/starcore-platform","starcore\starcore-platform\plugins\enabled\android\compute_fabric\cpu\cpu_monitor.py",".py","!/usr/bin/env python3"
"starcore-platform","starcore/starcore-platform","starcore\starcore-platform\plugins\enabled\android\compute_fabric\gpu\gpu_bridge.py",".py","!/usr/bin/env python3"
"starcore-platform","starcore/starcore-platform","starcore\starcore-platform\plugins\enabled\android\compute_fabric\memory\memory_optimizer.py",".py","!/usr/bin/env python3"
"starcore-platform","starcore/starcore-platform","starcore\starcore-platform\plugins\enabled\android\compute_fabric\performance\performance_supervisor.py",".py","!/usr/bin/env python3"
"starcore-platform","starcore/starcore-platform","starcore\starcore-platform\plugins\enabled\android\compute_fabric\remote\remote_compute.py",".py","!/usr/bin/env python3"
"starcore-platform","starcore/starcore-platform","starcore\starcore-platform\plugins\enabled\android\compute_fabric\resources\resource_manager.py",".py","!/usr/bin/env python3"
"starcore-platform","starcore/starcore-platform","starcore\starcore-platform\plugins\enabled\android\compute_fabric\scheduler\workload_scheduler.py",".py","!/usr/bin/env python3"
"starcore-platform","starcore/starcore-platform","starcore\starcore-platform\plugins\enabled\android\compute_fabric\validator\validator.py",".py","!/usr/bin/env python3"
"starcore-platform","starcore/starcore-platform","starcore\starcore-platform\plugins\enabled\android\config\config_manager.py",".py","!/usr/bin/env python3"
"starcore-platform","starcore/starcore-platform","starcore\starcore-platform\plugins\enabled\android\context\context_store.py",".py","!/usr/bin/env python3"
"starcore-platform","starcore/starcore-platform","starcore\starcore-platform\plugins\enabled\android\control\core_controller.py",".py","!/usr/bin/env python3"
"starcore-platform","starcore/starcore-platform","starcore\starcore-platform\plugins\enabled\android\control\state_manager.py",".py","!/usr/bin/env python3"
"starcore-platform","starcore/starcore-platform","starcore\starcore-platform\plugins\enabled\android\control_fabric\fabric_controller.py",".py","!/usr/bin/env python3"
"starcore-platform","starcore/starcore-platform","starcore\starcore-platform\plugins\enabled\android\control_plane\modules\health.py",".py","!/usr/bin/env python3"
"starcore-platform","starcore/starcore-platform","starcore\starcore-platform\plugins\enabled\android\control_plane\modules\status.py",".py","!/usr/bin/env python3"
"starcore-platform","starcore/starcore-platform","starcore\starcore-platform\plugins\enabled\android\control_plane\router.py",".py","!/usr/bin/env python3"
"starcore-platform","starcore/starcore-platform","starcore\starcore-platform\plugins\enabled\android\controller\android_core_controller.py",".py","!/usr/bin/env python3"
"starcore-platform","starcore/starcore-platform","starcore\starcore-platform\plugins\enabled\android\core\config_validator.py",".py","!/usr/bin/env python3"
"starcore-platform","starcore/starcore-platform","starcore\starcore-platform\plugins\enabled\android\core\health_check.py",".py","!/usr/bin/env python3"
"starcore-platform","starcore/starcore-platform","starcore\starcore-platform\plugins\enabled\android\core\integrity_check.py",".py","!/usr/bin/env python3"
"starcore-platform","starcore/starcore-platform","starcore\starcore-platform\plugins\enabled\android\core\master_report.py",".py","!/usr/bin/env python3"
"starcore-platform","starcore/starcore-platform","starcore\starcore-platform\plugins\enabled\android\core\module_registry.py",".py","!/usr/bin/env python3"
"starcore-platform","starcore/starcore-platform","starcore\starcore-platform\plugins\enabled\android\core\runtime_manager.py",".py","!/usr/bin/env python3"
"starcore-platform","starcore/starcore-platform","starcore\starcore-platform\plugins\enabled\android\dashboard\dashboard_state.py",".py","!/usr/bin/env python3"
"starcore-platform","starcore/starcore-platform","starcore\starcore-platform\plugins\enabled\android\dashboard\dashboard.py",".py","!/usr/bin/env python3"
"starcore-platform","starcore/starcore-platform","starcore\starcore-platform\plugins\enabled\android\deployment\deployment_manager.py",".py","!/usr/bin/env python3"
"starcore-platform","starcore/starcore-platform","starcore\starcore-platform\plugins\enabled\android\diagnostics\diagnostics.py",".py","!/usr/bin/env python3"
"starcore-platform","starcore/starcore-platform","starcore\starcore-platform\plugins\enabled\android\distributed\distributed_validator.py",".py","!/usr/bin/env python3"
"starcore-platform","starcore/starcore-platform","starcore\starcore-platform\plugins\enabled\android\distributed\node_discovery.py",".py","!/usr/bin/env python3"
"starcore-platform","starcore/starcore-platform","starcore\starcore-platform\plugins\enabled\android\distributed\node_registry.py",".py","!/usr/bin/env python3"
"starcore-platform","starcore/starcore-platform","starcore\starcore-platform\plugins\enabled\android\event_bus\event_bus_v2.py",".py","!/usr/bin/env python3"
"starcore-platform","starcore/starcore-platform","starcore\starcore-platform\plugins\enabled\android\events\event_bus.py",".py","!/usr/bin/env python3"
"starcore-platform","starcore/starcore-platform","starcore\starcore-platform\plugins\enabled\android\fatalab\connector.py",".py","!/usr/bin/env python3"
"starcore-platform","starcore/starcore-platform","starcore\starcore-platform\plugins\enabled\android\fatalab\health_sync.py",".py","!/usr/bin/env python3"
"starcore-platform","starcore/starcore-platform","starcore\starcore-platform\plugins\enabled\android\fatalab\tailscale_connector.py",".py","!/usr/bin/env python3"
"starcore-platform","starcore/starcore-platform","starcore\starcore-platform\plugins\enabled\android\fatalab_bridge\bridge.py",".py","!/usr/bin/env python3"
"starcore-platform","starcore/starcore-platform","starcore\starcore-platform\plugins\enabled\android\health\health_daemon.py",".py","!/usr/bin/env python3"
"starcore-platform","starcore/starcore-platform","starcore\starcore-platform\plugins\enabled\android\integrity\scanner.py",".py","!/usr/bin/env python3"
"starcore-platform","starcore/starcore-platform","starcore\starcore-platform\plugins\enabled\android\job_queue\job_manager.py",".py","!/usr/bin/env python3"
"starcore-platform","starcore/starcore-platform","starcore\starcore-platform\plugins\enabled\android\knowledge\graph.py",".py","!/usr/bin/env python3"
"starcore-platform","starcore/starcore-platform","starcore\starcore-platform\plugins\enabled\android\knowledge\knowledge_engine.py",".py","!/usr/bin/env python3"
"starcore-platform","starcore/starcore-platform","starcore\starcore-platform\plugins\enabled\android\lifecycle\lifecycle_manager.py",".py","!/usr/bin/env python3"
"starcore-platform","starcore/starcore-platform","starcore\starcore-platform\plugins\enabled\android\lifecycle\lifecycle.py",".py","!/usr/bin/env python3"
"starcore-platform","starcore/starcore-platform","starcore\starcore-platform\plugins\enabled\android\log_intelligence\log_ai.py",".py","!/usr/bin/env python3"
"starcore-platform","starcore/starcore-platform","starcore\starcore-platform\plugins\enabled\android\master\master.py",".py","!/usr/bin/env python3"
"starcore-platform","starcore/starcore-platform","starcore\starcore-platform\plugins\enabled\android\master\release.py",".py","!/usr/bin/env python3"
"starcore-platform","starcore/starcore-platform","starcore\starcore-platform\plugins\enabled\android\master\validator.py",".py","!/usr/bin/env python3"
"starcore-platform","starcore/starcore-platform","starcore\starcore-platform\plugins\enabled\android\memory\health.py",".py","!/usr/bin/env python3"
"starcore-platform","starcore/starcore-platform","starcore\starcore-platform\plugins\enabled\android\memory\memory_registry.py",".py","!/usr/bin/env python3"
"starcore-platform","starcore/starcore-platform","starcore\starcore-platform\plugins\enabled\android\memory_fabric\backup\backup.py",".py","!/usr/bin/env python3"
"starcore-platform","starcore/starcore-platform","starcore\starcore-platform\plugins\enabled\android\memory_fabric\bootstrap\bootstrap.py",".py","!/usr/bin/env python3"
"starcore-platform","starcore/starcore-platform","starcore\starcore-platform\plugins\enabled\android\memory_fabric\embedding\embedding.py",".py","!/usr/bin/env python3"
"starcore-platform","starcore/starcore-platform","starcore\starcore-platform\plugins\enabled\android\memory_fabric\knowledge\knowledge_graph.py",".py","!/usr/bin/env python3"
"starcore-platform","starcore/starcore-platform","starcore\starcore-platform\plugins\enabled\android\memory_fabric\long_term\long_memory.py",".py","!/usr/bin/env python3"
"starcore-platform","starcore/starcore-platform","starcore\starcore-platform\plugins\enabled\android\memory_fabric\optimizer\optimizer.py",".py","!/usr/bin/env python3"
"starcore-platform","starcore/starcore-platform","starcore\starcore-platform\plugins\enabled\android\memory_fabric\short_term\short_memory.py",".py","!/usr/bin/env python3"
"starcore-platform","starcore/starcore-platform","starcore\starcore-platform\plugins\enabled\android\memory_fabric\sync\memory_sync.py",".py","!/usr/bin/env python3"
"starcore-platform","starcore/starcore-platform","starcore\starcore-platform\plugins\enabled\android\memory_fabric\validator\validator.py",".py","!/usr/bin/env python3"
"starcore-platform","starcore/starcore-platform","starcore\starcore-platform\plugins\enabled\android\memory_fabric\vector\vector_memory.py",".py","!/usr/bin/env python3"
"starcore-platform","starcore/starcore-platform","starcore\starcore-platform\plugins\enabled\android\memory_sync\memory_sync.py",".py","!/usr/bin/env python3"
"starcore-platform","starcore/starcore-platform","starcore\starcore-platform\plugins\enabled\android\mesh\health.py",".py","!/usr/bin/env python3"
"starcore-platform","starcore/starcore-platform","starcore\starcore-platform\plugins\enabled\android\mesh\heartbeat.py",".py","!/usr/bin/env python3"
"starcore-platform","starcore/starcore-platform","starcore\starcore-platform\plugins\enabled\android\metrics\metrics.py",".py","!/usr/bin/env python3"
"starcore-platform","starcore/starcore-platform","starcore\starcore-platform\plugins\enabled\android\monitor\event_monitor.py",".py","!/usr/bin/env python3"
"starcore-platform","starcore/starcore-platform","starcore\starcore-platform\plugins\enabled\android\monitoring\global_health.py",".py","!/usr/bin/env python3"
"starcore-platform","starcore/starcore-platform","starcore\starcore-platform\plugins\enabled\android\monitoring\metrics.py",".py","!/usr/bin/env python3"
"starcore-platform","starcore/starcore-platform","starcore\starcore-platform\plugins\enabled\android\network\network_intelligence_v2.py",".py","!/usr/bin/env python3"
"starcore-platform","starcore/starcore-platform","starcore\starcore-platform\plugins\enabled\android\network\network_intelligence.py",".py","!/usr/bin/env python3"
"starcore-platform","starcore/starcore-platform","starcore\starcore-platform\plugins\enabled\android\operations\audit_engine\audit.py",".py","!/usr/bin/env python3"
"starcore-platform","starcore/starcore-platform","starcore\starcore-platform\plugins\enabled\android\operations\command_center\command_center.py",".py","!/usr/bin/env python3"
"starcore-platform","starcore/starcore-platform","starcore\starcore-platform\plugins\enabled\android\operations\execution_engine\executor.py",".py","!/usr/bin/env python3"
"starcore-platform","starcore/starcore-platform","starcore\starcore-platform\plugins\enabled\android\operations\policy_manager\policy.py",".py","!/usr/bin/env python3"
"starcore-platform","starcore/starcore-platform","starcore\starcore-platform\plugins\enabled\android\operations\validator\validator.py",".py","!/usr/bin/env python3"
"starcore-platform","starcore/starcore-platform","starcore\starcore-platform\plugins\enabled\android\optimization\optimizer.py",".py","!/usr/bin/env python3"
"starcore-platform","starcore/starcore-platform","starcore\starcore-platform\plugins\enabled\android\orchestrator\orchestrator.py",".py","!/usr/bin/env python3"
"starcore-platform","starcore/starcore-platform","starcore\starcore-platform\plugins\enabled\android\plugin_manager\plugin_manager.py",".py","!/usr/bin/env python3"
"starcore-platform","starcore/starcore-platform","starcore\starcore-platform\plugins\enabled\android\policy\policy.py",".py","!/usr/bin/env python3"
"starcore-platform","starcore/starcore-platform","starcore\starcore-platform\plugins\enabled\android\recovery\recovery_engine.py",".py","!/usr/bin/env python3"
"starcore-platform","starcore/starcore-platform","starcore\starcore-platform\plugins\enabled\android\recovery_v2\recovery.py",".py","!/usr/bin/env python3"
"starcore-platform","starcore/starcore-platform","starcore\starcore-platform\plugins\enabled\android\recovery_v3\recovery.py",".py","!/usr/bin/env python3"
"starcore-platform","starcore/starcore-platform","starcore\starcore-platform\plugins\enabled\android\release\release_validator.py",".py","!/usr/bin/env python3"
"starcore-platform","starcore/starcore-platform","starcore\starcore-platform\plugins\enabled\android\release_core\release.py",".py","!/usr/bin/env python3"
"starcore-platform","starcore/starcore-platform","starcore\starcore-platform\plugins\enabled\android\remote\access_health.py",".py","!/usr/bin/env python3"
"starcore-platform","starcore/starcore-platform","starcore\starcore-platform\plugins\enabled\android\remote\node_identity.py",".py","!/usr/bin/env python3"
"starcore-platform","starcore/starcore-platform","starcore\starcore-platform\plugins\enabled\android\remote\remote_manager.py",".py","!/usr/bin/env python3"
"starcore-platform","starcore/starcore-platform","starcore\starcore-platform\plugins\enabled\android\remote\remote_profile.py",".py","!/usr/bin/env python3"
"starcore-platform","starcore/starcore-platform","starcore\starcore-platform\plugins\enabled\android\remote\tailscale_check.py",".py","!/usr/bin/env python3"
"starcore-platform","starcore/starcore-platform","starcore\starcore-platform\plugins\enabled\android\remote_agents\supervisor.py",".py","!/usr/bin/env python3"
"starcore-platform","starcore/starcore-platform","starcore\starcore-platform\plugins\enabled\android\remote_api\api_gateway.py",".py","!/usr/bin/env python3"
"starcore-platform","starcore/starcore-platform","starcore\starcore-platform\plugins\enabled\android\repair\engine.py",".py","!/usr/bin/env python3"
"starcore-platform","starcore/starcore-platform","starcore\starcore-platform\plugins\enabled\android\repair\health.py",".py","!/usr/bin/env python3"
"starcore-platform","starcore/starcore-platform","starcore\starcore-platform\plugins\enabled\android\repair\snapshot.py",".py","!/usr/bin/env python3"
"starcore-platform","starcore/starcore-platform","starcore\starcore-platform\plugins\enabled\android\router\router.py",".py","!/usr/bin/env python3"
"starcore-platform","starcore/starcore-platform","starcore\starcore-platform\plugins\enabled\android\runtime\runtime_manager.py",".py","!/usr/bin/env python3"
"starcore-platform","starcore/starcore-platform","starcore\starcore-platform\plugins\enabled\android\security\baseline.py",".py","!/usr/bin/env python3"
"starcore-platform","starcore/starcore-platform","starcore\starcore-platform\plugins\enabled\android\security\security_guard.py",".py","!/usr/bin/env python3"
"starcore-platform","starcore/starcore-platform","starcore\starcore-platform\plugins\enabled\android\security\security_intelligence.py",".py","!/usr/bin/env python3"
"starcore-platform","starcore/starcore-platform","starcore\starcore-platform\plugins\enabled\android\security\security_scan.py",".py","!/usr/bin/env python3"
"starcore-platform","starcore/starcore-platform","starcore\starcore-platform\plugins\enabled\android\security_center\security.py",".py","!/usr/bin/env python3"
"starcore-platform","starcore/starcore-platform","starcore\starcore-platform\plugins\enabled\android\security_intelligence\audit\audit_engine.py",".py","!/usr/bin/env python3"
"starcore-platform","starcore/starcore-platform","starcore\starcore-platform\plugins\enabled\android\security_intelligence\bootstrap\bootstrap.py",".py","!/usr/bin/env python3"
"starcore-platform","starcore/starcore-platform","starcore\starcore-platform\plugins\enabled\android\security_intelligence\identity\identity_manager.py",".py","!/usr/bin/env python3"
"starcore-platform","starcore/starcore-platform","starcore\starcore-platform\plugins\enabled\android\security_intelligence\incidents\incident_response.py",".py","!/usr/bin/env python3"
"starcore-platform","starcore/starcore-platform","starcore\starcore-platform\plugins\enabled\android\security_intelligence\integrity\integrity_monitor.py",".py","!/usr/bin/env python3"
"starcore-platform","starcore/starcore-platform","starcore\starcore-platform\plugins\enabled\android\security_intelligence\permissions\permission_engine.py",".py","!/usr/bin/env python3"
"starcore-platform","starcore/starcore-platform","starcore\starcore-platform\plugins\enabled\android\security_intelligence\policies\policy_engine.py",".py","!/usr/bin/env python3"
"starcore-platform","starcore/starcore-platform","starcore\starcore-platform\plugins\enabled\android\security_intelligence\supervisor\security_supervisor.py",".py","!/usr/bin/env python3"
"starcore-platform","starcore/starcore-platform","starcore\starcore-platform\plugins\enabled\android\security_intelligence\threats\threat_detector.py",".py","!/usr/bin/env python3"
"starcore-platform","starcore/starcore-platform","starcore\starcore-platform\plugins\enabled\android\security_monitor\security_monitor.py",".py","!/usr/bin/env python3"
"starcore-platform","starcore/starcore-platform","starcore\starcore-platform\plugins\enabled\android\selftest\selftest.py",".py","!/usr/bin/env python3"
"starcore-platform","starcore/starcore-platform","starcore\starcore-platform\plugins\enabled\android\scheduler\executor.py",".py","!/data/data/com.termux/files/usr/bin/python3"
"starcore-platform","starcore/starcore-platform","starcore\starcore-platform\plugins\enabled\android\scheduler\health.py",".py","!/data/data/com.termux/files/usr/bin/python3"
"starcore-platform","starcore/starcore-platform","starcore\starcore-platform\plugins\enabled\android\scheduler\scheduler_engine.py",".py","!/usr/bin/env python3"
"starcore-platform","starcore/starcore-platform","starcore\starcore-platform\plugins\enabled\android\scheduler\scheduler.py",".py","!/data/data/com.termux/files/usr/bin/python3"
"starcore-platform","starcore/starcore-platform","starcore\starcore-platform\plugins\enabled\android\snapshot\snapshot_manager.py",".py","!/usr/bin/env python3"
"starcore-platform","starcore/starcore-platform","starcore\starcore-platform\plugins\enabled\android\ssh\ssh_manager.py",".py","!/usr/bin/env python3"
"starcore-platform","starcore/starcore-platform","starcore\starcore-platform\plugins\enabled\android\state_db\state_manager.py",".py","!/usr/bin/env python3"
"starcore-platform","starcore/starcore-platform","starcore\starcore-platform\plugins\enabled\android\sync\sync_engine.py",".py","!/usr/bin/env python3"
"starcore-platform","starcore/starcore-platform","starcore\starcore-platform\plugins\enabled\android\tailscale\tailscale.py",".py","!/usr/bin/env python3"
"starcore-platform","starcore/starcore-platform","starcore\starcore-platform\plugins\enabled\android\tasks\task_manager.py",".py","!/usr/bin/env python3"
"starcore-platform","starcore/starcore-platform","starcore\starcore-platform\plugins\enabled\android\telemetry\master_health.py",".py","!/usr/bin/env python3"
"starcore-platform","starcore/starcore-platform","starcore\starcore-platform\plugins\enabled\android\telemetry\telemetry.py",".py","!/usr/bin/env python3"
"starcore-platform","starcore/starcore-platform","starcore\starcore-platform\plugins\enabled\android\termux\termux_intelligence.py",".py","!/usr/bin/env python3"
"starcore-platform","starcore/starcore-platform","starcore\starcore-platform\plugins\enabled\android\unified\installer_core.py",".py","!/usr/bin/env python3"
"starcore-platform","starcore/starcore-platform","starcore\starcore-platform\plugins\enabled\android\update\backup.py",".py","!/usr/bin/env python3"
"starcore-platform","starcore/starcore-platform","starcore\starcore-platform\plugins\enabled\android\update\rollback.py",".py","!/usr/bin/env python3"
"starcore-platform","starcore/starcore-platform","starcore\starcore-platform\plugins\enabled\android\update\updater.py",".py","!/usr/bin/env python3"
"starcore-platform","starcore/starcore-platform","starcore\starcore-platform\plugins\enabled\android\validator\global_validator.py",".py","!/usr/bin/env python3"
"starcore-platform","starcore/starcore-platform","starcore\starcore-platform\plugins\enabled\android\vector\vector_state.py",".py","!/usr/bin/env python3"
"starcore-platform","starcore/starcore-platform","starcore\starcore-platform\plugins\enabled\android\workers\worker.py",".py","!/usr/bin/env python3"
"starcore-platform","starcore/starcore-platform","starcore\starcore-platform\sdk\core\api.py",".py","!/usr/bin/env python3"
"starcore-platform","starcore/starcore-platform","starcore\starcore-platform\sdk\core\lifecycle.py",".py","!/usr/bin/env python3"
"starcore-platform","starcore/starcore-platform","starcore\starcore-platform\sdk\core\manifest.py",".py","!/usr/bin/env python3"
"starcore-platform","starcore/starcore-platform","starcore\starcore-platform\sdk\core\module.py",".py","!/usr/bin/env python3"
"starcore-platform","starcore/starcore-platform","starcore\starcore-platform\security\backup_engine.py",".py","!/usr/bin/env python3"
"starcore-platform","starcore/starcore-platform","starcore\starcore-platform\security\github_intelligence_upgrade.py",".py","!/usr/bin/env python3"
"starcore-platform","starcore/starcore-platform","starcore\starcore-platform\security\security_audit.py",".py","!/usr/bin/env python3"
"starcore-platform","starcore/starcore-platform","starcore\starcore-platform\studio\dashboard\dashboard.py",".py","!/usr/bin/env python3"
"starcore-platform","starcore/starcore-platform","starcore\starcore-platform\tools\access\file_inventory.sh",".sh","!/data/data/com.termux/files/usr/bin/bash"
"starcore-platform","starcore/starcore-platform","starcore\starcore-platform\tools\context\context_show.sh",".sh","!/data/data/com.termux/files/usr/bin/bash"
"starcore-platform","starcore/starcore-platform","starcore\starcore-platform\tools\control_center\claude_manager.sh",".sh","!/data/data/com.termux/files/usr/bin/bash"
"starcore-platform","starcore/starcore-platform","starcore\starcore-platform\tools\control_center\health_monitor.sh",".sh","!/data/data/com.termux/files/usr/bin/bash"
"starcore-platform","starcore/starcore-platform","starcore\starcore-platform\tools\control_center\starcore_control.sh",".sh","!/data/data/com.termux/files/usr/bin/bash"
"starcore-platform","starcore/starcore-platform","starcore\starcore-platform\tools\control_center\tmux_manager.sh",".sh","!/data/data/com.termux/files/usr/bin/bash"
"starcore-platform","starcore/starcore-platform","starcore\starcore-platform\tools\engineering\analyze.sh",".sh","!/data/data/com.termux/files/usr/bin/bash"
"starcore-platform","starcore/starcore-platform","starcore\starcore-platform\tools\engineering\git_intel.sh",".sh","!/data/data/com.termux/files/usr/bin/bash"
"starcore-platform","starcore/starcore-platform","starcore\starcore-platform\tools\engineering\prompt.sh",".sh","!/data/data/com.termux/files/usr/bin/bash"
"starcore-platform","starcore/starcore-platform","starcore\starcore-platform\tools\engineering\remote.sh",".sh","!/data/data/com.termux/files/usr/bin/bash"
"starcore-platform","starcore/starcore-platform","starcore\starcore-platform\tools\intelligence\git_intelligence.sh",".sh","!/data/data/com.termux/files/usr/bin/bash"
"starcore-platform","starcore/starcore-platform","starcore\starcore-platform\tools\intelligence\project_health.sh",".sh","!/data/data/com.termux/files/usr/bin/bash"
"starcore-platform","starcore/starcore-platform","starcore\starcore-platform\tools\intelligence\repo_scan.sh",".sh","!/data/data/com.termux/files/usr/bin/bash"
"starcore-platform","starcore/starcore-platform","starcore\starcore-platform\tools\remote_bridge\ai_health.sh",".sh","!/data/data/com.termux/files/usr/bin/bash"
"starcore-platform","starcore/starcore-platform","starcore\starcore-platform\tools\remote_bridge\bridge_health.sh",".sh","!/data/data/com.termux/files/usr/bin/bash"
"starcore-platform","starcore/starcore-platform","starcore\starcore-platform\tools\remote_bridge\full_health.sh",".sh","!/data/data/com.termux/files/usr/bin/bash"
"starcore-platform","starcore/starcore-platform","starcore\starcore-platform\tools\remote_bridge\proxmox_health.sh",".sh","!/data/data/com.termux/files/usr/bin/bash"
"starcore-platform","starcore/starcore-platform","starcore\starcore-platform\tools\remote_bridge\ssh_health.sh",".sh","!/data/data/com.termux/files/usr/bin/bash"
"starcore-platform","starcore/starcore-platform","starcore\starcore-platform\generate_7x_bulk_packages.sh",".sh","!/data/data/com.termux/files/usr/bin/bash"
"starcore-platform","starcore/starcore-platform","starcore\starcore-platform\install_6BX18_master_consolidator.sh",".sh","!/data/data/com.termux/files/usr/bin/bash"
"starcore-platform","starcore/starcore-platform","starcore\starcore-platform\install_6BX19_21_foundation.sh",".sh","!/data/data/com.termux/files/usr/bin/bash"
"starcore-platform","starcore/starcore-platform","starcore\starcore-platform\install_6BX22_25_master_part1.sh",".sh","!/data/data/com.termux/files/usr/bin/bash"
"starcore-platform","starcore/starcore-platform","starcore\starcore-platform\install_6BX26_30_master_part2.sh",".sh","!/data/data/com.termux/files/usr/bin/bash"
"starcore-platform","starcore/starcore-platform","starcore\starcore-platform\install_6BX31_35_master.sh",".sh","!/data/data/com.termux/files/usr/bin/bash"
"starcore-platform","starcore/starcore-platform","starcore\starcore-platform\install_6BX31_40_master_part1.sh",".sh","!/data/data/com.termux/files/usr/bin/bash"
"starcore-platform","starcore/starcore-platform","starcore\starcore-platform\install_6BX35_40_master_part2.sh",".sh","!/data/data/com.termux/files/usr/bin/bash"
"starcore-platform","starcore/starcore-platform","starcore\starcore-platform\install_6BY1_5_fatalab_bridge_part1.sh",".sh","!/data/data/com.termux/files/usr/bin/bash"
"starcore-platform","starcore/starcore-platform","starcore\starcore-platform\install_6BYY100_TERMUX_HARDENING.sh",".sh","!/data/data/com.termux/files/usr/bin/bash"
"starcore-platform","starcore/starcore-platform","starcore\starcore-platform\install_6BYY11_20_distributed_intelligence.sh",".sh","!/data/data/com.termux/files/usr/bin/bash"
"starcore-platform","starcore/starcore-platform","starcore\starcore-platform\install_6BYY21_30_remote_intelligence.sh",".sh","!/data/data/com.termux/files/usr/bin/bash"
"starcore-platform","starcore/starcore-platform","starcore\starcore-platform\install_6BYY31_40_operations_layer.sh",".sh","!/data/data/com.termux/files/usr/bin/bash"
"starcore-platform","starcore/starcore-platform","starcore\starcore-platform\install_6BYY41_50_agent_framework.sh",".sh","!/data/data/com.termux/files/usr/bin/bash"
"starcore-platform","starcore/starcore-platform","starcore\starcore-platform\install_6BYY51_60_cognitive_intelligence.sh",".sh","!/data/data/com.termux/files/usr/bin/bash"
"starcore-platform","starcore/starcore-platform","starcore\starcore-platform\install_6BYY6_10_distributed_ai_part2.sh",".sh","!/data/data/com.termux/files/usr/bin/bash"
"starcore-platform","starcore/starcore-platform","starcore\starcore-platform\install_6BYY61_70_memory_fabric.sh",".sh","!/data/data/com.termux/files/usr/bin/bash"
"starcore-platform","starcore/starcore-platform","starcore\starcore-platform\install_6BYY71_80_security_intelligence.sh",".sh","!/data/data/com.termux/files/usr/bin/bash"
"starcore-platform","starcore/starcore-platform","starcore\starcore-platform\install_6BYY81_90_compute_fabric.sh",".sh","!/data/data/com.termux/files/usr/bin/bash"
"starcore-platform","starcore/starcore-platform","starcore\starcore-platform\install_6BYY91_100_autonomous_master_part1.sh",".sh","!/data/data/com.termux/files/usr/bin/bash"
"starcore-platform","starcore/starcore-platform","starcore\starcore-platform\install_6BYY96_100_autonomous_master_part2.sh",".sh","!/data/data/com.termux/files/usr/bin/bash"
"starcore-platform","starcore/starcore-platform","starcore\starcore-platform\install_7_0_01_installer_framework.sh",".sh","!/data/data/com.termux/files/usr/bin/bash"
"starcore-platform","starcore/starcore-platform","starcore\starcore-platform\install_7_0_02_cli_command_bus.sh",".sh","!/data/data/com.termux/files/usr/bin/bash"
"starcore-platform","starcore/starcore-platform","starcore\starcore-platform\install_7_0_03_sdk_core.sh",".sh","!/data/data/com.termux/files/usr/bin/bash"
"starcore-platform","starcore/starcore-platform","starcore\starcore-platform\install_7_0_04_10_master_platform.sh",".sh","!/data/data/com.termux/files/usr/bin/bash"
"starcore-platform","starcore/starcore-platform","starcore\starcore-platform\install_7_0_05_07_services_part2.sh",".sh","!/data/data/com.termux/files/usr/bin/bash"
"starcore-platform","starcore/starcore-platform","starcore\starcore-platform\install_7_0_08_10_master_final.sh",".sh","!/data/data/com.termux/files/usr/bin/bash"
"starcore-platform","starcore/starcore-platform","starcore\starcore-platform\install_7_0_11_20_hardening_master.sh",".sh","!/data/data/com.termux/files/usr/bin/bash"
"starcore-platform","starcore/starcore-platform","starcore\starcore-platform\install_7_0_14_16_security_backup.sh",".sh","!/data/data/com.termux/files/usr/bin/bash"
"starcore-platform","starcore/starcore-platform","starcore\starcore-platform\install_7_0_17_20_final_production.sh",".sh","!/data/data/com.termux/files/usr/bin/bash"
"starcore-platform","starcore/starcore-platform","starcore\starcore-platform\install_7_1_01_10_autonomous_core_MASTER.sh",".sh","!/data/data/com.termux/files/usr/bin/bash"
"starcore-platform","starcore/starcore-platform","starcore\starcore-platform\install_7_2_01_10_distributed_intelligence_MASTER.sh",".sh","!/data/data/com.termux/files/usr/bin/bash"
"starcore-platform","starcore/starcore-platform","starcore\starcore-platform\install_8_FINAL_GLOBAL_AUDIT.sh",".sh","!/data/data/com.termux/files/usr/bin/bash"
"starcore-platform","starcore/starcore-platform","starcore\starcore-platform\install_8_GOLD_MASTER_BACKUP.sh",".sh","!/data/data/com.termux/files/usr/bin/bash"
"starcore-platform","starcore/starcore-platform","starcore\starcore-platform\install_8_RELEASE_SNAPSHOT.sh",".sh","!/data/data/com.termux/files/usr/bin/bash"
"starcore-platform","starcore/starcore-platform","starcore\starcore-platform\install_8A_ai_core_foundation_MASTER.sh",".sh","!/data/data/com.termux/files/usr/bin/bash"
"starcore-platform","starcore/starcore-platform","starcore\starcore-platform\install_8B_autonomous_agent_fabric_MASTER.sh",".sh","!/data/data/com.termux/files/usr/bin/bash"
"starcore-platform","starcore/starcore-platform","starcore\starcore-platform\install_8C_knowledge_rag_fabric_MASTER.sh",".sh","!/data/data/com.termux/files/usr/bin/bash"
"starcore-platform","starcore/starcore-platform","starcore\starcore-platform\install_8D_distributed_compute_fabric_MASTER.sh",".sh","!/data/data/com.termux/files/usr/bin/bash"
"starcore-platform","starcore/starcore-platform","starcore\starcore-platform\install_8E_security_self_healing_MASTER.sh",".sh","!/data/data/com.termux/files/usr/bin/bash"
"starcore-platform","starcore/starcore-platform","starcore\starcore-platform\install_8F_observability_control_plane_MASTER.sh",".sh","!/data/data/com.termux/files/usr/bin/bash"
"starcore-platform","starcore/starcore-platform","starcore\starcore-platform\install_8G_marketplace_plugin_ecosystem_MASTER.sh",".sh","!/data/data/com.termux/files/usr/bin/bash"
"starcore-platform","starcore/starcore-platform","starcore\starcore-platform\install_8H_automation_workflow_fabric_MASTER.sh",".sh","!/data/data/com.termux/files/usr/bin/bash"
"starcore-platform","starcore/starcore-platform","starcore\starcore-platform\install_8I_ai_optimization_learning_MASTER.sh",".sh","!/data/data/com.termux/files/usr/bin/bash"
"starcore-platform","starcore/starcore-platform","starcore\starcore-platform\install_8J_final_autonomous_operating_layer_MASTER.sh",".sh","!/data/data/com.termux/files/usr/bin/bash"
"starcore-platform","starcore/starcore-platform","starcore\starcore-platform\install_CLAUDE_RUNTIME_REPAIR_v1.sh",".sh","!/data/data/com.termux/files/usr/bin/bash"
"starcore-platform","starcore/starcore-platform","starcore\starcore-platform\install_STARCORE_AI_CONTEXT_ENGINE_v1.sh",".sh","!/data/data/com.termux/files/usr/bin/bash"
"starcore-platform","starcore/starcore-platform","starcore\starcore-platform\install_STARCORE_AUTONOMOUS_ENGINEERING_v3_1_REPAIR.sh",".sh","!/data/data/com.termux/files/usr/bin/bash"
"starcore-platform","starcore/starcore-platform","starcore\starcore-platform\install_STARCORE_AUTONOMOUS_ENGINEERING_v3.sh",".sh","!/data/data/com.termux/files/usr/bin/bash"
"starcore-platform","starcore/starcore-platform","starcore\starcore-platform\install_STARCORE_CONTROL_NODE_v2.sh",".sh","!/data/data/com.termux/files/usr/bin/bash"
"starcore-platform","starcore/starcore-platform","starcore\starcore-platform\install_STARCORE_ENGINEERING_FINAL_v1.sh",".sh","!/data/data/com.termux/files/usr/bin/bash"
"starcore-platform","starcore/starcore-platform","starcore\starcore-platform\install_STARCORE_INTELLIGENCE_LAYER_v1.sh",".sh","!/data/data/com.termux/files/usr/bin/bash"
"starcore-platform","starcore/starcore-platform","starcore\starcore-platform\install_STARCORE_UNIVERSAL_ACCESS_LAYER_v1.sh",".sh","!/data/data/com.termux/files/usr/bin/bash"
"starcore-platform","starcore/starcore-platform","starcore\starcore-platform\install_TERMUX_AI_TOOLKIT.sh",".sh","!/data/data/com.termux/files/usr/bin/bash"
"starcore-platform","starcore/starcore-platform","starcore\starcore-platform\install_TERMUX_CONTROL_CENTER_v1.sh",".sh","!/data/data/com.termux/files/usr/bin/bash"
"starcore-platform","starcore/starcore-platform","starcore\starcore-platform\install_TERMUX_CONTROL_CENTER.sh",".sh","!/data/data/com.termux/files/usr/bin/bash"
"starcore-platform","starcore/starcore-platform","starcore\starcore-platform\install_TERMUX_DEEP_AUDIT.sh",".sh","!/data/data/com.termux/files/usr/bin/bash"
"starcore-platform","starcore/starcore-platform","starcore\starcore-platform\install_TERMUX_DEV_VALIDATOR.sh",".sh","!/data/data/com.termux/files/usr/bin/bash"
"starcore-platform","starcore/starcore-platform","starcore\starcore-platform\install_TERMUX_FINAL_VALIDATION.sh",".sh","!/data/data/com.termux/files/usr/bin/bash"
"starcore-platform","starcore/starcore-platform","starcore\starcore-platform\install_TERMUX_OPTIMIZER.sh",".sh","!/data/data/com.termux/files/usr/bin/bash"
"starcore-platform","starcore/starcore-platform","starcore\starcore-platform\install_TERMUX_PACKAGE_HEALTH.sh",".sh","!/data/data/com.termux/files/usr/bin/bash"
"starcore-platform","starcore/starcore-platform","starcore\starcore-platform\install_TERMUX_REMOTE_AI_BRIDGE_1.sh",".sh","!/data/data/com.termux/files/usr/bin/bash"
"starcore-platform","starcore/starcore-platform","starcore\starcore-platform\install_TERMUX_REMOTE_AI_BRIDGE_2.sh",".sh","!/data/data/com.termux/files/usr/bin/bash"
"starcore-platform","starcore/starcore-platform","starcore\starcore-platform\install_TERMUX_REMOTE_AI_BRIDGE_3.sh",".sh","!/data/data/com.termux/files/usr/bin/bash"
"starcore-platform","starcore/starcore-platform","starcore\starcore-platform\install_TERMUX_REMOTE_AI_BRIDGE_4.sh",".sh","!/data/data/com.termux/files/usr/bin/bash"
"starcore-platform","starcore/starcore-platform","starcore\starcore-platform\install_TERMUX_REMOTE_AI_BRIDGE_5.sh",".sh","!/data/data/com.termux/files/usr/bin/bash"
"starcore-platform","starcore/starcore-platform","starcore\starcore-platform\preflight_STARCORE_8_MIGRATION_AUDIT.sh",".sh","!/data/data/com.termux/files/usr/bin/bash"
"starcore-platform","starcore/starcore-platform","starcore\starcore-platform\repair_ENGINEERING_LAYER.sh",".sh","!/data/data/com.termux/files/usr/bin/bash"
"starcore-workspace","starcore/starcore-workspace","starcore\starcore-workspace\archived\AI-PROJECT-ANALYZER\plugins\deploy_script_generator.py",".py","deploy_script_generator.py"
"starcore-workspace","starcore/starcore-workspace","starcore\starcore-workspace\archived\AI-PROJECT-ANALYZER\plugins\secret_detector_enhanced.py",".py","enhanced secret detector"
"starcore-workspace","starcore/starcore-workspace","starcore\starcore-workspace\archived\AI-PROJECT-ANALYZER\plugins\static_analysis.py",".py","static_analysis.py"
"starcore-workspace","starcore/starcore-workspace","starcore\starcore-workspace\archived\AI-PROJECT-ANALYZER\src\analyzer\ai_brain.py",".py","ai_brain.py"
"starcore-workspace","starcore/starcore-workspace","starcore\starcore-workspace\archived\AI-PROJECT-ANALYZER\src\analyzer\analyzer.py",".py","!/usr/bin/env python3"
"starcore-workspace","starcore/starcore-workspace","starcore\starcore-workspace\archived\AI-PROJECT-ANALYZER\src\analyzer\memory.py",".py","memory.py"
"starcore-workspace","starcore/starcore-workspace","starcore\starcore-workspace\archived\AI-PROJECT-ANALYZER\src\analyzer\reconstructor.py",".py","reconstructor.py"
"starcore-workspace","starcore/starcore-workspace","starcore\starcore-workspace\archived\AI-PROJECT-ANALYZER\src\analyzer\structure_scanner.py",".py","structure_scanner.py"
"starcore-workspace","starcore/starcore-workspace","starcore\starcore-workspace\archived\AI-PROJECT-ANALYZER\src\analyzer\utils.py",".py","utils.py"
"starcore-workspace","starcore/starcore-workspace","starcore\starcore-workspace\archived\AI-PROJECT-ANALYZER\src\generator\generator.py",".py","!/usr/bin/env python3"
"starcore-workspace","starcore/starcore-workspace","starcore\starcore-workspace\archived\AI-PROJECT-ANALYZER\src\webui\app.py",".py","(this file is already provided as webui/app.py in install script and earlier)"
"starcore-workspace","starcore/starcore-workspace","starcore\starcore-workspace\archived\AI-PROJECT-ANALYZER\utils\git_autocommit.py",".py","!/usr/bin/env python3"
"starcore-workspace","starcore/starcore-workspace","starcore\starcore-workspace\archived\AI-PROJECT-ANALYZER\install_universal_ai_analyzer.sh",".sh","!/usr/bin/env bash"
"starcore-workspace","starcore/starcore-workspace","starcore\starcore-workspace\archived\genesis-aeterna\GemManager_Pro_Orchestrator.ps1",".ps1","Skript GemManager_Pro_Orchestrator.ps1"
"starcore-workspace","starcore/starcore-workspace","starcore\starcore-workspace\archived\genesis-aeterna\GemManager_Pro.sh",".sh","!/bin/bash"
"starcore-workspace","starcore/starcore-workspace","starcore\starcore-workspace\archived\genesis-aeterna\genesis_extractor.py",".py","--- KONFIGURACE DAT ---"
"starcore-workspace","starcore/starcore-workspace","starcore\starcore-workspace\archived\genesis-aeterna\genesis_universal_init.sh",".sh","!/bin/bash"
"starcore-workspace","starcore/starcore-workspace","starcore\starcore-workspace\archived\HerniOS\skripty\create-launcher.sh",".sh","!/bin/bash"
"starcore-workspace","starcore/starcore-workspace","starcore\starcore-workspace\archived\HerniOS\skripty\check-bios.sh",".sh","!/bin/bash"
"starcore-workspace","starcore/starcore-workspace","starcore\starcore-workspace\archived\HerniOS\skripty\rom-import.sh",".sh","!/bin/bash"
"starcore-workspace","starcore/starcore-workspace","starcore\starcore-workspace\archived\HerniOS\Starkos full install.sh",".sh","!/bin/bash"
"starcore-workspace","starcore/starcore-workspace","starcore\starcore-workspace\archived\Run_OS_from_fyzDisk_on_win\Installer.ps1",".ps1","========================================================================="
"starcore-workspace","starcore/starcore-workspace","starcore\starcore-workspace\archived\Run_OS_from_fyzDisk_on_win\SpustitVM-v6.ps1",".ps1","========================================================================="
"starcore-workspace","starcore/starcore-workspace","starcore\starcore-workspace\archived\SuperNastroj\INSTALL.bat",".bat","Skript INSTALL.bat"
"starcore-workspace","starcore/starcore-workspace","starcore\starcore-workspace\archived\SuperNastroj\START.bat",".bat","Skript START.bat"
"starcore-workspace","starcore/starcore-workspace","starcore\starcore-workspace\archived\SuperNastroj\super_nastroj_v5.ps1",".ps1","requires -RunAsAdministrator"
"starcore-workspace","starcore/starcore-workspace","starcore\starcore-workspace\archived\SuperNastroj\supernastroj_android.sh",".sh","!/data/data/com.termux/files/usr/bin/bash"
"starcore-workspace","starcore/starcore-workspace","starcore\starcore-workspace\archived\SuperNastroj\SuperNastroj_Complete.bat",".bat","Skript SuperNastroj_Complete.bat"
"starcore-workspace","starcore/starcore-workspace","starcore\starcore-workspace\archived\SuperNastroj\SuperNastroj_Launcher.bat",".bat","Skript SuperNastroj_Launcher.bat"
"starcore-workspace","starcore/starcore-workspace","starcore\starcore-workspace\archived\SuperNastroj\SuperNastroj_Linux.sh",".sh","!/bin/bash"
"starcore-workspace","starcore/starcore-workspace","starcore\starcore-workspace\archived\SuperNastroj\SuperNastroj_Main.bat",".bat","Skript SuperNastroj_Main.bat"
"starcore-workspace","starcore/starcore-workspace","starcore\starcore-workspace\archived\SuperNastroj\supernastroj_updater.sh",".sh","!/bin/bash"
"starcore-workspace","starcore/starcore-workspace","starcore\starcore-workspace\archived\SuperNastroj\supernastroj_v5_tui.sh",".sh","!/bin/bash"
"starcore-workspace","starcore/starcore-workspace","starcore\starcore-workspace\archived\SuperNastroj\universal_launcher.sh",".sh","!/bin/bash"
"starcore-workspace","starcore/starcore-workspace","starcore\starcore-workspace\archived\universal-ai-codespace\.codespaces\start.sh",".sh","!/bin/bash"
"starcore-workspace","starcore/starcore-workspace","starcore\starcore-workspace\archived\universal-ai-codespace\.devcontainer\setup.sh",".sh","!/bin/bash"
"starcore-workspace","starcore/starcore-workspace","starcore\starcore-workspace\archived\universal-ai-codespace\scripts\scripts\ai-assistant.sh",".sh","!/bin/bash"
"starcore-workspace","starcore/starcore-workspace","starcore\starcore-workspace\archived\universal-ai-codespace\scripts\ai-assistant.sh",".sh","vytvoř složku pokud neexistuje"
"starcore-workspace","starcore/starcore-workspace","starcore\starcore-workspace\core\starcore_installer\install_starcore_linux.sh",".sh","!/bin/bash"
"starcore-workspace","starcore/starcore-workspace","starcore\starcore-workspace\core\starcore_installer\install_starcore_termux.sh",".sh","!/data/data/com.termux/files/usr/bin/bash"
"starcore-workspace","starcore/starcore-workspace","starcore\starcore-workspace\core\starcore_installer\install_starcore_windows.ps1",".ps1","Skript install_starcore_windows.ps1"
"starcore-workspace","starcore/starcore-workspace","starcore\starcore-workspace\core\STARCORE-ANDROID\audit\STARCORE-ANDROID-LOCAL-AUDIT.ps1",".ps1","Skript STARCORE-ANDROID-LOCAL-AUDIT.ps1"
"starcore-workspace","starcore/starcore-workspace","starcore\starcore-workspace\core\STARCORE-ANDROID\STARCORE_36.20E_PC_Termux_AutoConnect_FIXED (1)\CREATE_ICON.cmd",".cmd","Skript CREATE_ICON.cmd"
"starcore-workspace","starcore/starcore-workspace","starcore\starcore-workspace\core\STARCORE-ANDROID\STARCORE_36.20E_PC_Termux_AutoConnect_FIXED (1)\STARCORE_36.20E_CREATE_AUTOCONNECT_ICON.ps1",".ps1","Skript STARCORE_36.20E_CREATE_AUTOCONNECT_ICON.ps1"
"starcore-workspace","starcore/starcore-workspace","starcore\starcore-workspace\core\STARCORE-ANDROID\STARCORE_36.20E_PC_Termux_AutoConnect_FIXED (1)\STARCORE_36.20E_TERMUX_AUTOCONNECT.ps1",".ps1","STARCORE 36.20E - TERMUX AUTO CONNECT v2"
"starcore-workspace","starcore/starcore-workspace","starcore\starcore-workspace\core\STARCORE-ANDROID\STARCORE_Termux_AutoConnect_v3\CREATE_ICON_v3.cmd",".cmd","Skript CREATE_ICON_v3.cmd"
"starcore-workspace","starcore/starcore-workspace","starcore\starcore-workspace\core\STARCORE-ANDROID\STARCORE_Termux_AutoConnect_v3\STARCORE_AutoRun_All.ps1",".ps1","Skript STARCORE_AutoRun_All.ps1"
"starcore-workspace","starcore/starcore-workspace","starcore\starcore-workspace\core\STARCORE-ANDROID\STARCORE_Termux_AutoConnect_v3\STARCORE_Run_V11_Remote.ps1",".ps1","Skript STARCORE_Run_V11_Remote.ps1"
"starcore-workspace","starcore/starcore-workspace","starcore\starcore-workspace\core\STARCORE-ANDROID\STARCORE_Termux_AutoConnect_v3\STARCORE_Termux_AutoConnect_Check.ps1",".ps1","Skript STARCORE_Termux_AutoConnect_Check.ps1"
"starcore-workspace","starcore/starcore-workspace","starcore\starcore-workspace\core\STARCORE-ANDROID\STARCORE_Termux_AutoConnect_v3\STARCORE_Termux_AutoConnect_v3.ps1",".ps1","Skript STARCORE_Termux_AutoConnect_v3.ps1"
"starcore-workspace","starcore/starcore-workspace","starcore\starcore-workspace\core\STARCORE-ANDROID\STARCORE_Termux_AutoConnect_v3\STARCORE_Workspace_Sync.ps1",".ps1","Skript STARCORE_Workspace_Sync.ps1"
"starcore-workspace","starcore/starcore-workspace","starcore\starcore-workspace\core\starcore-platform\agents\kernel\agent_kernel.py",".py","Skript agent_kernel.py"
"starcore-workspace","starcore/starcore-workspace","starcore\starcore-workspace\core\starcore-platform\agents\missions\mission_executor.py",".py","Skript mission_executor.py"
"starcore-workspace","starcore/starcore-workspace","starcore\starcore-workspace\core\starcore-platform\agents\planner\task_planner.py",".py","Skript task_planner.py"
"starcore-workspace","starcore/starcore-workspace","starcore\starcore-workspace\core\starcore-platform\ai_core\kernel\ai_kernel.py",".py","Skript ai_kernel.py"
"starcore-workspace","starcore/starcore-workspace","starcore\starcore-workspace\core\starcore-platform\ai_runtime\agents\agent_registry.py",".py","!/usr/bin/env python3"
"starcore-workspace","starcore/starcore-workspace","starcore\starcore-workspace\core\starcore-platform\ai_runtime\inference\inference_engine.py",".py","!/usr/bin/env python3"
"starcore-workspace","starcore/starcore-workspace","starcore\starcore-workspace\core\starcore-platform\ai_runtime\models\model_registry.py",".py","!/usr/bin/env python3"
"starcore-workspace","starcore/starcore-workspace","starcore\starcore-workspace\core\starcore-platform\api_gateway\api_gateway.py",".py","!/usr/bin/env python3"
"starcore-workspace","starcore/starcore-workspace","starcore\starcore-workspace\core\starcore-platform\automation\git\starcore_git_health.sh",".sh","!/data/data/com.termux/files/usr/bin/bash"
"starcore-workspace","starcore/starcore-workspace","starcore\starcore-workspace\core\starcore-platform\automation\github\scripts\backup_sync.sh",".sh","!/data/data/com.termux/files/usr/bin/bash"
"starcore-workspace","starcore/starcore-workspace","starcore\starcore-workspace\core\starcore-platform\automation\github\scripts\doctor_fix.sh",".sh","!/data/data/com.termux/files/usr/bin/bash"
"starcore-workspace","starcore/starcore-workspace","starcore\starcore-workspace\core\starcore-platform\automation\github\scripts\full_backup.sh",".sh","!/data/data/com.termux/files/usr/bin/bash"
"starcore-workspace","starcore/starcore-workspace","starcore\starcore-workspace\core\starcore-platform\automation\github\scripts\live_monitor.sh",".sh","!/data/data/com.termux/files/usr/bin/bash"
"starcore-workspace","starcore/starcore-workspace","starcore\starcore-workspace\core\starcore-platform\automation\github\scripts\release_check.sh",".sh","!/data/data/com.termux/files/usr/bin/bash"
"starcore-workspace","starcore/starcore-workspace","starcore\starcore-workspace\core\starcore-platform\automation\github\scripts\repository_audit.sh",".sh","!/data/data/com.termux/files/usr/bin/bash"
"starcore-workspace","starcore/starcore-workspace","starcore\starcore-workspace\core\starcore-platform\automation\github\scripts\security_scan.sh",".sh","!/data/data/com.termux/files/usr/bin/bash"
"starcore-workspace","starcore/starcore-workspace","starcore\starcore-workspace\core\starcore-platform\automation\github\scripts\starcore_doctor.sh",".sh","!/data/data/com.termux/files/usr/bin/bash"
"starcore-workspace","starcore/starcore-workspace","starcore\starcore-workspace\core\starcore-platform\automation\github\github_health.sh",".sh","!/data/data/com.termux/files/usr/bin/bash"
"starcore-workspace","starcore/starcore-workspace","starcore\starcore-workspace\core\starcore-platform\automation\github\starcore_github_control.sh",".sh","!/data/data/com.termux/files/usr/bin/bash"
"starcore-workspace","starcore/starcore-workspace","starcore\starcore-workspace\core\starcore-platform\automation\modules\ai\ai_status.sh",".sh","!/data/data/com.termux/files/usr/bin/bash"
"starcore-workspace","starcore/starcore-workspace","starcore\starcore-workspace\core\starcore-platform\automation\modules\android\android_check.sh",".sh","!/data/data/com.termux/files/usr/bin/bash"
"starcore-workspace","starcore/starcore-workspace","starcore\starcore-workspace\core\starcore-platform\automation\modules\android\battery.sh",".sh","!/data/data/com.termux/files/usr/bin/bash"
"starcore-workspace","starcore/starcore-workspace","starcore\starcore-workspace\core\starcore-platform\automation\modules\android\device_report.sh",".sh","!/data/data/com.termux/files/usr/bin/bash"
"starcore-workspace","starcore/starcore-workspace","starcore\starcore-workspace\core\starcore-platform\automation\modules\android\network.sh",".sh","!/data/data/com.termux/files/usr/bin/bash"
"starcore-workspace","starcore/starcore-workspace","starcore\starcore-workspace\core\starcore-platform\automation\modules\android\packages.sh",".sh","!/data/data/com.termux/files/usr/bin/bash"
"starcore-workspace","starcore/starcore-workspace","starcore\starcore-workspace\core\starcore-platform\automation\modules\android\storage.sh",".sh","!/data/data/com.termux/files/usr/bin/bash"
"starcore-workspace","starcore/starcore-workspace","starcore\starcore-workspace\core\starcore-platform\automation\modules\system\system_info.sh",".sh","!/data/data/com.termux/files/usr/bin/bash"
"starcore-workspace","starcore/starcore-workspace","starcore\starcore-workspace\core\starcore-platform\automation\modules\module_loader.sh",".sh","!/data/data/com.termux/files/usr/bin/bash"
"starcore-workspace","starcore/starcore-workspace","starcore\starcore-workspace\core\starcore-platform\automation\stabilization\scripts\starcore_verify.sh",".sh","!/data/data/com.termux/files/usr/bin/bash"
"starcore-workspace","starcore/starcore-workspace","starcore\starcore-workspace\core\starcore-platform\autonomous\agents\orchestrator.py",".py","Skript orchestrator.py"
"starcore-workspace","starcore/starcore-workspace","starcore\starcore-workspace\core\starcore-platform\autonomous\connectors\ai_core_bridge.py",".py","Skript ai_core_bridge.py"
"starcore-workspace","starcore/starcore-workspace","starcore\starcore-workspace\core\starcore-platform\autonomous\connectors\ollama_connector.py",".py","Skript ollama_connector.py"
"starcore-workspace","starcore/starcore-workspace","starcore\starcore-workspace\core\starcore-platform\autonomous\connectors\proxmox_controller.py",".py","Skript proxmox_controller.py"
"starcore-workspace","starcore/starcore-workspace","starcore\starcore-workspace\core\starcore-platform\autonomous\connectors\rag_bridge.py",".py","Skript rag_bridge.py"
"starcore-workspace","starcore/starcore-workspace","starcore\starcore-workspace\core\starcore-platform\autonomous\health\health_loop.py",".py","Skript health_loop.py"
"starcore-workspace","starcore/starcore-workspace","starcore\starcore-workspace\core\starcore-platform\autonomous\mesh\node_mesh.py",".py","Skript node_mesh.py"
"starcore-workspace","starcore/starcore-workspace","starcore\starcore-workspace\core\starcore-platform\autonomous\runtime\runtime.py",".py","Skript runtime.py"
"starcore-workspace","starcore/starcore-workspace","starcore\starcore-workspace\core\starcore-platform\autonomous\scheduler\scheduler.py",".py","Skript scheduler.py"
"starcore-workspace","starcore/starcore-workspace","starcore\starcore-workspace\core\starcore-platform\bundles_7x\install_7_3_4_ai_infra_knowledge.sh",".sh","!/data/data/com.termux/files/usr/bin/bash"
"starcore-workspace","starcore/starcore-workspace","starcore\starcore-workspace\core\starcore-platform\bundles_7x\install_7_5_6_studio_devops.sh",".sh","!/data/data/com.termux/files/usr/bin/bash"
"starcore-workspace","starcore/starcore-workspace","starcore\starcore-workspace\core\starcore-platform\bundles_7x\install_7_7_8_marketplace_observability.sh",".sh","!/data/data/com.termux/files/usr/bin/bash"
"starcore-workspace","starcore/starcore-workspace","starcore\starcore-workspace\core\starcore-platform\bundles_7x\install_7_9_10_security_final.sh",".sh","!/data/data/com.termux/files/usr/bin/bash"
"starcore-workspace","starcore/starcore-workspace","starcore\starcore-workspace\core\starcore-platform\bundles_7x\run_7x_bulk_suite.sh",".sh","!/data/data/com.termux/files/usr/bin/bash"
"starcore-workspace","starcore/starcore-workspace","starcore\starcore-workspace\core\starcore-platform\control_center\bin\log.sh",".sh","!/data/data/com.termux/files/usr/bin/bash"
"starcore-workspace","starcore/starcore-workspace","starcore\starcore-workspace\core\starcore-platform\control_center\modules\git.sh",".sh","!/data/data/com.termux/files/usr/bin/bash"
"starcore-workspace","starcore/starcore-workspace","starcore\starcore-workspace\core\starcore-platform\control_center\modules\network.sh",".sh","!/data/data/com.termux/files/usr/bin/bash"
"starcore-workspace","starcore/starcore-workspace","starcore\starcore-workspace\core\starcore-platform\control_center\modules\runtime.sh",".sh","!/data/data/com.termux/files/usr/bin/bash"
"starcore-workspace","starcore/starcore-workspace","starcore\starcore-workspace\core\starcore-platform\control_center\modules\security.sh",".sh","!/data/data/com.termux/files/usr/bin/bash"
"starcore-workspace","starcore/starcore-workspace","starcore\starcore-workspace\core\starcore-platform\control_center\modules\storage.sh",".sh","!/data/data/com.termux/files/usr/bin/bash"
"starcore-workspace","starcore/starcore-workspace","starcore\starcore-workspace\core\starcore-platform\control_center\modules\system.sh",".sh","!/data/data/com.termux/files/usr/bin/bash"
"starcore-workspace","starcore/starcore-workspace","starcore\starcore-workspace\core\starcore-platform\core\cli\__init__.py",".py","Skript __init__.py"
"starcore-workspace","starcore/starcore-workspace","starcore\starcore-workspace\core\starcore-platform\core\cli\command_bus.py",".py","!/usr/bin/env python3"
"starcore-workspace","starcore/starcore-workspace","starcore\starcore-workspace\core\starcore-platform\core\cli\router.py",".py","!/usr/bin/env python3"
"starcore-workspace","starcore/starcore-workspace","starcore\starcore-workspace\core\starcore-platform\core\config\__init__.py",".py","Skript __init__.py"
"starcore-workspace","starcore/starcore-workspace","starcore\starcore-workspace\core\starcore-platform\core\database\android\init_android_db.py",".py","!/usr/bin/env python3"
"starcore-workspace","starcore/starcore-workspace","starcore\starcore-workspace\core\starcore-platform\core\database\__init__.py",".py","Skript __init__.py"
"starcore-workspace","starcore/starcore-workspace","starcore\starcore-workspace\core\starcore-platform\core\database\security_db.py",".py","Skript security_db.py"
"starcore-workspace","starcore/starcore-workspace","starcore\starcore-workspace\core\starcore-platform\core\database\security_store.py",".py","Skript security_store.py"
"starcore-workspace","starcore/starcore-workspace","starcore\starcore-workspace\core\starcore-platform\core\installer\engine.py",".py","!/usr/bin/env python3"
"starcore-workspace","starcore/starcore-workspace","starcore\starcore-workspace\core\starcore-platform\core\installer\logger.py",".py","!/usr/bin/env python3"
"starcore-workspace","starcore/starcore-workspace","starcore\starcore-workspace\core\starcore-platform\core\installer\registry.py",".py","!/usr/bin/env python3"
"starcore-workspace","starcore/starcore-workspace","starcore\starcore-workspace\core\starcore-platform\core\installer\validator.py",".py","!/usr/bin/env python3"
"starcore-workspace","starcore/starcore-workspace","starcore\starcore-workspace\core\starcore-platform\core\lib\starcore.sh",".sh","!/data/data/com.termux/files/usr/bin/bash"
"starcore-workspace","starcore/starcore-workspace","starcore\starcore-workspace\core\starcore-platform\core\logging\__init__.py",".py","Skript __init__.py"
"starcore-workspace","starcore/starcore-workspace","starcore\starcore-workspace\core\starcore-platform\core\modules\android\android_cmd.py",".py","Skript android_cmd.py"
"starcore-workspace","starcore/starcore-workspace","starcore\starcore-workspace\core\starcore-platform\core\modules\android\audit.py",".py","Skript audit.py"
"starcore-workspace","starcore/starcore-workspace","starcore\starcore-workspace\core\starcore-platform\core\modules\android\battery.py",".py","Skript battery.py"
"starcore-workspace","starcore/starcore-workspace","starcore\starcore-workspace\core\starcore-platform\core\modules\android\device.py",".py","Skript device.py"
"starcore-workspace","starcore/starcore-workspace","starcore\starcore-workspace\core\starcore-platform\core\modules\android\integrity_engine.py",".py","Skript integrity_engine.py"
"starcore-workspace","starcore/starcore-workspace","starcore\starcore-workspace\core\starcore-platform\core\modules\android\integrity_scanner.py",".py","Skript integrity_scanner.py"
"starcore-workspace","starcore/starcore-workspace","starcore\starcore-workspace\core\starcore-platform\core\modules\android\magisk.py",".py","Skript magisk.py"
"starcore-workspace","starcore/starcore-workspace","starcore\starcore-workspace\core\starcore-platform\core\modules\android\network.py",".py","Skript network.py"
"starcore-workspace","starcore/starcore-workspace","starcore\starcore-workspace\core\starcore-platform\core\modules\android\packages.py",".py","Skript packages.py"
"starcore-workspace","starcore/starcore-workspace","starcore\starcore-workspace\core\starcore-platform\core\modules\android\processes.py",".py","Skript processes.py"
"starcore-workspace","starcore/starcore-workspace","starcore\starcore-workspace\core\starcore-platform\core\modules\android\properties.py",".py","Skript properties.py"
"starcore-workspace","starcore/starcore-workspace","starcore\starcore-workspace\core\starcore-platform\core\modules\android\resources.py",".py","Skript resources.py"
"starcore-workspace","starcore/starcore-workspace","starcore\starcore-workspace\core\starcore-platform\core\modules\android\risk_engine.py",".py","Skript risk_engine.py"
"starcore-workspace","starcore/starcore-workspace","starcore\starcore-workspace\core\starcore-platform\core\modules\android\root.py",".py","Skript root.py"
"starcore-workspace","starcore/starcore-workspace","starcore\starcore-workspace\core\starcore-platform\core\modules\android\security_engine.py",".py","Skript security_engine.py"
"starcore-workspace","starcore/starcore-workspace","starcore\starcore-workspace\core\starcore-platform\core\modules\android\security_intel.py",".py","Skript security_intel.py"
"starcore-workspace","starcore/starcore-workspace","starcore\starcore-workspace\core\starcore-platform\core\modules\android\security_report.py",".py","Skript security_report.py"
"starcore-workspace","starcore/starcore-workspace","starcore\starcore-workspace\core\starcore-platform\core\modules\android\security.py",".py","Skript security.py"
"starcore-workspace","starcore/starcore-workspace","starcore\starcore-workspace\core\starcore-platform\core\modules\android\storage.py",".py","Skript storage.py"
"starcore-workspace","starcore/starcore-workspace","starcore\starcore-workspace\core\starcore-platform\core\modules\system\logger.py",".py","Skript logger.py"
"starcore-workspace","starcore/starcore-workspace","starcore\starcore-workspace\core\starcore-platform\core\plugins\__init__.py",".py","Skript __init__.py"
"starcore-workspace","starcore/starcore-workspace","starcore\starcore-workspace\core\starcore-platform\core\runtime\events\event_bus.py",".py","!/usr/bin/env python3"
"starcore-workspace","starcore/starcore-workspace","starcore\starcore-workspace\core\starcore-platform\core\runtime\plugins\plugin_manager.py",".py","!/usr/bin/env python3"
"starcore-workspace","starcore/starcore-workspace","starcore\starcore-workspace\core\starcore-platform\core\runtime\plugins\plugin_status.py",".py","!/usr/bin/env python3"
"starcore-workspace","starcore/starcore-workspace","starcore\starcore-workspace\core\starcore-platform\core\runtime\plugins\test_plugin.sh",".sh","!/data/data/com.termux/files/usr/bin/bash"
"starcore-workspace","starcore/starcore-workspace","starcore\starcore-workspace\core\starcore-platform\core\runtime\__init__.py",".py","Skript __init__.py"
"starcore-workspace","starcore/starcore-workspace","starcore\starcore-workspace\core\starcore-platform\core\runtime\runtime_api.py",".py","!/usr/bin/env python3"
"starcore-workspace","starcore/starcore-workspace","starcore\starcore-workspace\core\starcore-platform\core\runtime\version.py",".py","Skript version.py"
"starcore-workspace","starcore/starcore-workspace","starcore\starcore-workspace\core\starcore-platform\core\services\__init__.py",".py","Skript __init__.py"
"starcore-workspace","starcore/starcore-workspace","starcore\starcore-workspace\core\starcore-platform\core\utils\__init__.py",".py","Skript __init__.py"
"starcore-workspace","starcore/starcore-workspace","starcore\starcore-workspace\core\starcore-platform\core\__init__.py",".py","Skript __init__.py"
"starcore-workspace","starcore/starcore-workspace","starcore\starcore-workspace\core\starcore-platform\distributed\agents\network.py",".py","Skript network.py"
"starcore-workspace","starcore/starcore-workspace","starcore\starcore-workspace\core\starcore-platform\distributed\auth\auth.py",".py","Skript auth.py"
"starcore-workspace","starcore/starcore-workspace","starcore\starcore-workspace\core\starcore-platform\distributed\bus\bus.py",".py","Skript bus.py"
"starcore-workspace","starcore/starcore-workspace","starcore\starcore-workspace\core\starcore-platform\distributed\events\events.py",".py","Skript events.py"
"starcore-workspace","starcore/starcore-workspace","starcore\starcore-workspace\core\starcore-platform\distributed\execution\execution.py",".py","Skript execution.py"
"starcore-workspace","starcore/starcore-workspace","starcore\starcore-workspace\core\starcore-platform\distributed\memory\memory_sync.py",".py","Skript memory_sync.py"
"starcore-workspace","starcore/starcore-workspace","starcore\starcore-workspace\core\starcore-platform\distributed\recovery\recovery.py",".py","Skript recovery.py"
"starcore-workspace","starcore/starcore-workspace","starcore\starcore-workspace\core\starcore-platform\distributed\vector\vector_sync.py",".py","Skript vector_sync.py"
"starcore-workspace","starcore/starcore-workspace","starcore\starcore-workspace\core\starcore-platform\distributed\workflows\federation.py",".py","Skript federation.py"
"starcore-workspace","starcore/starcore-workspace","starcore\starcore-workspace\core\starcore-platform\github_intelligence\github_scanner.py",".py","!/usr/bin/env python3"
"starcore-workspace","starcore/starcore-workspace","starcore\starcore-workspace\core\starcore-platform\hardening\dependencies\dependency_manager.py",".py","!/usr/bin/env python3"
"starcore-workspace","starcore/starcore-workspace","starcore\starcore-workspace\core\starcore-platform\hardening\environment\environment_audit.py",".py","!/usr/bin/env python3"
"starcore-workspace","starcore/starcore-workspace","starcore\starcore-workspace\core\starcore-platform\installers\android\history\6BX\install_6BX11_control_plane.sh",".sh","!/data/data/com.termux/files/usr/bin/bash"
"starcore-workspace","starcore/starcore-workspace","starcore\starcore-workspace\core\starcore-platform\installers\android\history\6BX\install_6BX12_scheduler.sh",".sh","!/data/data/com.termux/files/usr/bin/bash"
"starcore-workspace","starcore/starcore-workspace","starcore\starcore-workspace\core\starcore-platform\installers\android\history\6BX\install_6BX13_control_fabric.sh",".sh","!/data/data/com.termux/files/usr/bin/bash"
"starcore-workspace","starcore/starcore-workspace","starcore\starcore-workspace\core\starcore-platform\installers\android\history\6BX\install_6BX14_remote_access.sh",".sh","!/data/data/com.termux/files/usr/bin/bash"
"starcore-workspace","starcore/starcore-workspace","starcore\starcore-workspace\core\starcore-platform\installers\android\history\6BX\install_6BX15_agent_mesh.sh",".sh","!/data/data/com.termux/files/usr/bin/bash"
"starcore-workspace","starcore/starcore-workspace","starcore\starcore-workspace\core\starcore-platform\installers\android\history\6BX\install_6BX16_ai_memory_fabric.sh",".sh","!/data/data/com.termux/files/usr/bin/bash"
"starcore-workspace","starcore/starcore-workspace","starcore\starcore-workspace\core\starcore-platform\installers\android\history\6BX\install_6BX17_self_repair.sh",".sh","!/data/data/com.termux/files/usr/bin/bash"
"starcore-workspace","starcore/starcore-workspace","starcore\starcore-workspace\core\starcore-platform\installers\android\install_6BX7.sh",".sh","Skript install_6BX7.sh"
"starcore-workspace","starcore/starcore-workspace","starcore\starcore-workspace\core\starcore-platform\installers\android\starcore_installer.py",".py","!/usr/bin/env python3"
"starcore-workspace","starcore/starcore-workspace","starcore\starcore-workspace\core\starcore-platform\knowledge\core\knowledge_core.py",".py","Skript knowledge_core.py"
"starcore-workspace","starcore/starcore-workspace","starcore\starcore-workspace\core\starcore-platform\knowledge\rag\rag_engine.py",".py","Skript rag_engine.py"
"starcore-workspace","starcore/starcore-workspace","starcore\starcore-workspace\core\starcore-platform\knowledge_engine\knowledge_core.py",".py","!/usr/bin/env python3"
"starcore-workspace","starcore/starcore-workspace","starcore\starcore-workspace\core\starcore-platform\mission_engine\execution\execution_tracker.py",".py","!/usr/bin/env python3"
"starcore-workspace","starcore/starcore-workspace","starcore\starcore-workspace\core\starcore-platform\mission_engine\missions\mission_registry.py",".py","!/usr/bin/env python3"
"starcore-workspace","starcore/starcore-workspace","starcore\starcore-workspace\core\starcore-platform\mission_engine\workflows\workflow_engine.py",".py","!/usr/bin/env python3"
"starcore-workspace","starcore/starcore-workspace","starcore\starcore-workspace\core\starcore-platform\performance\performance_analyzer.py",".py","!/usr/bin/env python3"
"starcore-workspace","starcore/starcore-workspace","starcore\starcore-workspace\core\starcore-platform\platform\.starcore\scripts\tests\__init__.py",".py","STARCORE scripts test package"
"starcore-workspace","starcore/starcore-workspace","starcore\starcore-workspace\core\starcore-platform\platform\.starcore\scripts\tests\test_decision_engine.py",".py","!/usr/bin/env python3"
"starcore-workspace","starcore/starcore-workspace","starcore\starcore-workspace\core\starcore-platform\platform\.starcore\scripts\tests\test_qc_engines.py",".py","!/usr/bin/env python3"
"starcore-workspace","starcore/starcore-workspace","starcore\starcore-workspace\core\starcore-platform\platform\.starcore\scripts\tests\test_startup_protocol.py",".py","!/usr/bin/env python3"
"starcore-workspace","starcore/starcore-workspace","starcore\starcore-workspace\core\starcore-platform\platform\.starcore\scripts\__init__.py",".py","STARCORE .starcore/scripts — automation utilities for registry and session ledger"
"starcore-workspace","starcore/starcore-workspace","starcore\starcore-workspace\core\starcore-platform\platform\.starcore\scripts\decision_engine.py",".py","!/usr/bin/env python3"
"starcore-workspace","starcore/starcore-workspace","starcore\starcore-workspace\core\starcore-platform\platform\.starcore\scripts\impact_analyzer.py",".py","!/usr/bin/env python3"
"starcore-workspace","starcore/starcore-workspace","starcore\starcore-workspace\core\starcore-platform\platform\.starcore\scripts\ledger.py",".py","!/usr/bin/env python3"
"starcore-workspace","starcore/starcore-workspace","starcore\starcore-workspace\core\starcore-platform\platform\.starcore\scripts\models.py",".py","Skript models.py"
"starcore-workspace","starcore/starcore-workspace","starcore\starcore-workspace\core\starcore-platform\platform\.starcore\scripts\qc_engine.py",".py","!/usr/bin/env python3"
"starcore-workspace","starcore/starcore-workspace","starcore\starcore-workspace\core\starcore-platform\platform\.starcore\scripts\registry.py",".py","!/usr/bin/env python3"
"starcore-workspace","starcore/starcore-workspace","starcore\starcore-workspace\core\starcore-platform\platform\.starcore\scripts\regression_sentinel.py",".py","!/usr/bin/env python3"
"starcore-workspace","starcore/starcore-workspace","starcore\starcore-workspace\core\starcore-platform\platform\.starcore\scripts\release_readiness.py",".py","!/usr/bin/env python3"
"starcore-workspace","starcore/starcore-workspace","starcore\starcore-workspace\core\starcore-platform\platform\.starcore\scripts\startup_protocol.py",".py","!/usr/bin/env python3"
"starcore-workspace","starcore/starcore-workspace","starcore\starcore-workspace\core\starcore-platform\platform\apps\cli\__init__.py",".py","Skript __init__.py"
"starcore-workspace","starcore/starcore-workspace","starcore\starcore-workspace\core\starcore-platform\platform\apps\cli\main.py",".py","Skript main.py"
"starcore-workspace","starcore/starcore-workspace","starcore\starcore-workspace\core\starcore-platform\platform\apps\__init__.py",".py","Skript __init__.py"
"starcore-workspace","starcore/starcore-workspace","starcore\starcore-workspace\core\starcore-platform\platform\migrations\versions\0001_initial_schema.py",".py","Skript 0001_initial_schema.py"
"starcore-workspace","starcore/starcore-workspace","starcore\starcore-workspace\core\starcore-platform\platform\migrations\versions\0002_add_users.py",".py","Skript 0002_add_users.py"
"starcore-workspace","starcore/starcore-workspace","starcore\starcore-workspace\core\starcore-platform\platform\migrations\env.py",".py","Skript env.py"
"starcore-workspace","starcore/starcore-workspace","starcore\starcore-workspace\core\starcore-platform\platform\packages\ai\providers\__init__.py",".py","Skript __init__.py"
"starcore-workspace","starcore/starcore-workspace","starcore\starcore-workspace\core\starcore-platform\platform\packages\ai\providers\anthropic.py",".py","Skript anthropic.py"
"starcore-workspace","starcore/starcore-workspace","starcore\starcore-workspace\core\starcore-platform\platform\packages\ai\providers\openai_compat.py",".py","Skript openai_compat.py"
"starcore-workspace","starcore/starcore-workspace","starcore\starcore-workspace\core\starcore-platform\platform\packages\ai\__init__.py",".py","Skript __init__.py"
"starcore-workspace","starcore/starcore-workspace","starcore\starcore-workspace\core\starcore-platform\platform\packages\ai\base.py",".py","Skript base.py"
"starcore-workspace","starcore/starcore-workspace","starcore\starcore-workspace\core\starcore-platform\platform\packages\ai\generator.py",".py","Skript generator.py"
"starcore-workspace","starcore/starcore-workspace","starcore\starcore-workspace\core\starcore-platform\platform\packages\ai\prompts.py",".py","Skript prompts.py"
"starcore-workspace","starcore/starcore-workspace","starcore\starcore-workspace\core\starcore-platform\platform\packages\blueprints\__init__.py",".py","Skript __init__.py"
"starcore-workspace","starcore/starcore-workspace","starcore\starcore-workspace\core\starcore-platform\platform\packages\blueprints\executor.py",".py","Skript executor.py"
"starcore-workspace","starcore/starcore-workspace","starcore\starcore-workspace\core\starcore-platform\platform\packages\blueprints\loader.py",".py","Skript loader.py"
"starcore-workspace","starcore/starcore-workspace","starcore\starcore-workspace\core\starcore-platform\platform\packages\blueprints\models.py",".py","Skript models.py"
"starcore-workspace","starcore/starcore-workspace","starcore\starcore-workspace\core\starcore-platform\platform\packages\blueprints\planner.py",".py","Skript planner.py"
"starcore-workspace","starcore/starcore-workspace","starcore\starcore-workspace\core\starcore-platform\platform\packages\blueprints\template_resolver.py",".py","Skript template_resolver.py"
"starcore-workspace","starcore/starcore-workspace","starcore\starcore-workspace\core\starcore-platform\platform\packages\core\routers\__init__.py",".py","Skript __init__.py"
"starcore-workspace","starcore/starcore-workspace","starcore\starcore-workspace\core\starcore-platform\platform\packages\core\routers\ai.py",".py","Skript ai.py"
"starcore-workspace","starcore/starcore-workspace","starcore\starcore-workspace\core\starcore-platform\platform\packages\core\routers\auth.py",".py","Skript auth.py"
"starcore-workspace","starcore/starcore-workspace","starcore\starcore-workspace\core\starcore-platform\platform\packages\core\routers\blueprints.py",".py","Skript blueprints.py"
"starcore-workspace","starcore/starcore-workspace","starcore\starcore-workspace\core\starcore-platform\platform\packages\core\routers\diagnostics.py",".py","Skript diagnostics.py"
"starcore-workspace","starcore/starcore-workspace","starcore\starcore-workspace\core\starcore-platform\platform\packages\core\routers\providers.py",".py","Skript providers.py"
"starcore-workspace","starcore/starcore-workspace","starcore\starcore-workspace\core\starcore-platform\platform\packages\core\routers\runs.py",".py","Skript runs.py"
"starcore-workspace","starcore/starcore-workspace","starcore\starcore-workspace\core\starcore-platform\platform\packages\core\routers\ws.py",".py","Skript ws.py"
"starcore-workspace","starcore/starcore-workspace","starcore\starcore-workspace\core\starcore-platform\platform\packages\core\__init__.py",".py","Skript __init__.py"
"starcore-workspace","starcore/starcore-workspace","starcore\starcore-workspace\core\starcore-platform\platform\packages\core\auth.py",".py","Skript auth.py"
"starcore-workspace","starcore/starcore-workspace","starcore\starcore-workspace\core\starcore-platform\platform\packages\core\config.py",".py","Skript config.py"
"starcore-workspace","starcore/starcore-workspace","starcore\starcore-workspace\core\starcore-platform\platform\packages\core\correlation.py",".py","Skript correlation.py"
"starcore-workspace","starcore/starcore-workspace","starcore\starcore-workspace\core\starcore-platform\platform\packages\core\database.py",".py","Skript database.py"
"starcore-workspace","starcore/starcore-workspace","starcore\starcore-workspace\core\starcore-platform\platform\packages\core\diagnostics.py",".py","Skript diagnostics.py"
"starcore-workspace","starcore/starcore-workspace","starcore\starcore-workspace\core\starcore-platform\platform\packages\core\discovery.py",".py","Skript discovery.py"
"starcore-workspace","starcore/starcore-workspace","starcore\starcore-workspace\core\starcore-platform\platform\packages\core\environment.py",".py","Skript environment.py"
"starcore-workspace","starcore/starcore-workspace","starcore\starcore-workspace\core\starcore-platform\platform\packages\core\events.py",".py","Skript events.py"
"starcore-workspace","starcore/starcore-workspace","starcore\starcore-workspace\core\starcore-platform\platform\packages\core\logger.py",".py","Skript logger.py"
"starcore-workspace","starcore/starcore-workspace","starcore\starcore-workspace\core\starcore-platform\platform\packages\core\main.py",".py","Skript main.py"
"starcore-workspace","starcore/starcore-workspace","starcore\starcore-workspace\core\starcore-platform\platform\packages\core\metrics.py",".py","Skript metrics.py"
"starcore-workspace","starcore/starcore-workspace","starcore\starcore-workspace\core\starcore-platform\platform\packages\core\models_api.py",".py","Skript models_api.py"
"starcore-workspace","starcore/starcore-workspace","starcore\starcore-workspace\core\starcore-platform\platform\packages\core\models_db.py",".py","Skript models_db.py"
"starcore-workspace","starcore/starcore-workspace","starcore\starcore-workspace\core\starcore-platform\platform\packages\core\plugin_manager.py",".py","Skript plugin_manager.py"
"starcore-workspace","starcore/starcore-workspace","starcore\starcore-workspace\core\starcore-platform\platform\packages\core\repository.py",".py","Skript repository.py"
"starcore-workspace","starcore/starcore-workspace","starcore\starcore-workspace\core\starcore-platform\platform\packages\core\request_id_middleware.py",".py","Skript request_id_middleware.py"
"starcore-workspace","starcore/starcore-workspace","starcore\starcore-workspace\core\starcore-platform\platform\packages\core\resource_actions.py",".py","Skript resource_actions.py"
"starcore-workspace","starcore/starcore-workspace","starcore\starcore-workspace\core\starcore-platform\platform\packages\core\security.py",".py","Skript security.py"
"starcore-workspace","starcore/starcore-workspace","starcore\starcore-workspace\core\starcore-platform\platform\packages\core\tracing.py",".py","Skript tracing.py"
"starcore-workspace","starcore/starcore-workspace","starcore\starcore-workspace\core\starcore-platform\platform\packages\orchestrator\__init__.py",".py","Skript __init__.py"
"starcore-workspace","starcore/starcore-workspace","starcore\starcore-workspace\core\starcore-platform\platform\packages\orchestrator\scheduler.py",".py","Skript scheduler.py"
"starcore-workspace","starcore/starcore-workspace","starcore\starcore-workspace\core\starcore-platform\platform\packages\orchestrator\task_graph.py",".py","Skript task_graph.py"
"starcore-workspace","starcore/starcore-workspace","starcore\starcore-workspace\core\starcore-platform\platform\packages\orchestrator\task.py",".py","Skript task.py"
"starcore-workspace","starcore/starcore-workspace","starcore\starcore-workspace\core\starcore-platform\platform\packages\orchestrator\timeout.py",".py","Skript timeout.py"
"starcore-workspace","starcore/starcore-workspace","starcore\starcore-workspace\core\starcore-platform\platform\packages\provider_sdk\__init__.py",".py","Skript __init__.py"
"starcore-workspace","starcore/starcore-workspace","starcore\starcore-workspace\core\starcore-platform\platform\packages\provider_sdk\base.py",".py","Skript base.py"
"starcore-workspace","starcore/starcore-workspace","starcore\starcore-workspace\core\starcore-platform\platform\packages\provider_sdk\exceptions.py",".py","Skript exceptions.py"
"starcore-workspace","starcore/starcore-workspace","starcore\starcore-workspace\core\starcore-platform\platform\packages\provider_sdk\registry.py",".py","Skript registry.py"
"starcore-workspace","starcore/starcore-workspace","starcore\starcore-workspace\core\starcore-platform\platform\packages\provider_sdk\retry.py",".py","Skript retry.py"
"starcore-workspace","starcore/starcore-workspace","starcore\starcore-workspace\core\starcore-platform\platform\packages\providers\docker\__init__.py",".py","Skript __init__.py"
"starcore-workspace","starcore/starcore-workspace","starcore\starcore-workspace\core\starcore-platform\platform\packages\providers\docker\provider.py",".py","Skript provider.py"
"starcore-workspace","starcore/starcore-workspace","starcore\starcore-workspace\core\starcore-platform\platform\packages\providers\kubernetes\__init__.py",".py","Skript __init__.py"
"starcore-workspace","starcore/starcore-workspace","starcore\starcore-workspace\core\starcore-platform\platform\packages\providers\kubernetes\provider.py",".py","Skript provider.py"
"starcore-workspace","starcore/starcore-workspace","starcore\starcore-workspace\core\starcore-platform\platform\packages\providers\proxmox\__init__.py",".py","Skript __init__.py"
"starcore-workspace","starcore/starcore-workspace","starcore\starcore-workspace\core\starcore-platform\platform\packages\providers\proxmox\provider.py",".py","Skript provider.py"
"starcore-workspace","starcore/starcore-workspace","starcore\starcore-workspace\core\starcore-platform\platform\packages\providers\__init__.py",".py","Skript __init__.py"
"starcore-workspace","starcore/starcore-workspace","starcore\starcore-workspace\core\starcore-platform\platform\plugins\example_provider\__init__.py",".py","Skript __init__.py"
"starcore-workspace","starcore/starcore-workspace","starcore\starcore-workspace\core\starcore-platform\platform\plugins\run_logger\__init__.py",".py","Skript __init__.py"
"starcore-workspace","starcore/starcore-workspace","starcore\starcore-workspace\core\starcore-platform\platform\plugins\__init__.py",".py","Skript __init__.py"
"starcore-workspace","starcore/starcore-workspace","starcore\starcore-workspace\core\starcore-platform\platform\scripts\doctor.py",".py","!/usr/bin/env python3"
"starcore-workspace","starcore/starcore-workspace","starcore\starcore-workspace\core\starcore-platform\platform\scripts\health.py",".py","!/usr/bin/env python3"
"starcore-workspace","starcore/starcore-workspace","starcore\starcore-workspace\core\starcore-platform\platform\scripts\make-executable.sh",".sh","!/bin/bash"
"starcore-workspace","starcore/starcore-workspace","starcore\starcore-workspace\core\starcore-platform\platform\scripts\quickstart.sh",".sh","!/bin/bash"
"starcore-workspace","starcore/starcore-workspace","starcore\starcore-workspace\core\starcore-platform\platform\scripts\release.py",".py","!/usr/bin/env python3"
"starcore-workspace","starcore/starcore-workspace","starcore\starcore-workspace\core\starcore-platform\platform\scripts\setup-copilot.sh",".sh","!/bin/bash"
"starcore-workspace","starcore/starcore-workspace","starcore\starcore-workspace\core\starcore-platform\platform\scripts\verify-integration.sh",".sh","!/bin/bash"
"starcore-workspace","starcore/starcore-workspace","starcore\starcore-workspace\core\starcore-platform\platform\tests\postgres\__init__.py",".py","Skript __init__.py"
"starcore-workspace","starcore/starcore-workspace","starcore\starcore-workspace\core\starcore-platform\platform\tests\postgres\conftest.py",".py","Skript conftest.py"
"starcore-workspace","starcore/starcore-workspace","starcore\starcore-workspace\core\starcore-platform\platform\tests\postgres\test_smoke.py",".py","Skript test_smoke.py"
"starcore-workspace","starcore/starcore-workspace","starcore\starcore-workspace\core\starcore-platform\platform\tests\conftest.py",".py","Skript conftest.py"
"starcore-workspace","starcore/starcore-workspace","starcore\starcore-workspace\core\starcore-platform\platform\tests\test_ai_generator.py",".py","Skript test_ai_generator.py"
"starcore-workspace","starcore/starcore-workspace","starcore\starcore-workspace\core\starcore-platform\platform\tests\test_ai_providers.py",".py","Skript test_ai_providers.py"
"starcore-workspace","starcore/starcore-workspace","starcore\starcore-workspace\core\starcore-platform\platform\tests\test_api.py",".py","Skript test_api.py"
"starcore-workspace","starcore/starcore-workspace","starcore\starcore-workspace\core\starcore-platform\platform\tests\test_auth.py",".py","Skript test_auth.py"
"starcore-workspace","starcore/starcore-workspace","starcore\starcore-workspace\core\starcore-platform\platform\tests\test_blueprint_parametrization.py",".py","Skript test_blueprint_parametrization.py"
"starcore-workspace","starcore/starcore-workspace","starcore\starcore-workspace\core\starcore-platform\platform\tests\test_blueprints.py",".py","Skript test_blueprints.py"
"starcore-workspace","starcore/starcore-workspace","starcore\starcore-workspace\core\starcore-platform\platform\tests\test_cli.py",".py","Skript test_cli.py"
"starcore-workspace","starcore/starcore-workspace","starcore\starcore-workspace\core\starcore-platform\platform\tests\test_correlation.py",".py","Skript test_correlation.py"
"starcore-workspace","starcore/starcore-workspace","starcore\starcore-workspace\core\starcore-platform\platform\tests\test_diagnostics.py",".py","Skript test_diagnostics.py"
"starcore-workspace","starcore/starcore-workspace","starcore\starcore-workspace\core\starcore-platform\platform\tests\test_discovery.py",".py","Skript test_discovery.py"
"starcore-workspace","starcore/starcore-workspace","starcore\starcore-workspace\core\starcore-platform\platform\tests\test_e2e_integration.py",".py","Skript test_e2e_integration.py"
"starcore-workspace","starcore/starcore-workspace","starcore\starcore-workspace\core\starcore-platform\platform\tests\test_environment.py",".py","Skript test_environment.py"
"starcore-workspace","starcore/starcore-workspace","starcore\starcore-workspace\core\starcore-platform\platform\tests\test_events.py",".py","Skript test_events.py"
"starcore-workspace","starcore/starcore-workspace","starcore\starcore-workspace\core\starcore-platform\platform\tests\test_exceptions.py",".py","Skript test_exceptions.py"
"starcore-workspace","starcore/starcore-workspace","starcore\starcore-workspace\core\starcore-platform\platform\tests\test_graph_execution.py",".py","Skript test_graph_execution.py"
"starcore-workspace","starcore/starcore-workspace","starcore\starcore-workspace\core\starcore-platform\platform\tests\test_health.py",".py","Skript test_health.py"
"starcore-workspace","starcore/starcore-workspace","starcore\starcore-workspace\core\starcore-platform\platform\tests\test_jwt_auth.py",".py","Skript test_jwt_auth.py"
"starcore-workspace","starcore/starcore-workspace","starcore\starcore-workspace\core\starcore-platform\platform\tests\test_kubernetes_provider.py",".py","Skript test_kubernetes_provider.py"
"starcore-workspace","starcore/starcore-workspace","starcore\starcore-workspace\core\starcore-platform\platform\tests\test_logger.py",".py","Skript test_logger.py"
"starcore-workspace","starcore/starcore-workspace","starcore\starcore-workspace\core\starcore-platform\platform\tests\test_metrics.py",".py","Skript test_metrics.py"
"starcore-workspace","starcore/starcore-workspace","starcore\starcore-workspace\core\starcore-platform\platform\tests\test_migrations.py",".py","Skript test_migrations.py"
"starcore-workspace","starcore/starcore-workspace","starcore\starcore-workspace\core\starcore-platform\platform\tests\test_persistence.py",".py","Skript test_persistence.py"
"starcore-workspace","starcore/starcore-workspace","starcore\starcore-workspace\core\starcore-platform\platform\tests\test_plugin_manager.py",".py","Skript test_plugin_manager.py"
"starcore-workspace","starcore/starcore-workspace","starcore\starcore-workspace\core\starcore-platform\platform\tests\test_property_based_ai.py",".py","Skript test_property_based_ai.py"
"starcore-workspace","starcore/starcore-workspace","starcore\starcore-workspace\core\starcore-platform\platform\tests\test_property_based_blueprints.py",".py","Skript test_property_based_blueprints.py"
"starcore-workspace","starcore/starcore-workspace","starcore\starcore-workspace\core\starcore-platform\platform\tests\test_property_based_cli.py",".py","Skript test_property_based_cli.py"
"starcore-workspace","starcore/starcore-workspace","starcore\starcore-workspace\core\starcore-platform\platform\tests\test_property_based_core.py",".py","Skript test_property_based_core.py"
"starcore-workspace","starcore/starcore-workspace","starcore\starcore-workspace\core\starcore-platform\platform\tests\test_property_based_dependency_semantics.py",".py","Skript test_property_based_dependency_semantics.py"
"starcore-workspace","starcore/starcore-workspace","starcore\starcore-workspace\core\starcore-platform\platform\tests\test_property_based_environment.py",".py","Skript test_property_based_environment.py"
"starcore-workspace","starcore/starcore-workspace","starcore\starcore-workspace\core\starcore-platform\platform\tests\test_property_based_metrics.py",".py","Skript test_property_based_metrics.py"
"starcore-workspace","starcore/starcore-workspace","starcore\starcore-workspace\core\starcore-platform\platform\tests\test_property_based_providers.py",".py","Skript test_property_based_providers.py"
"starcore-workspace","starcore/starcore-workspace","starcore\starcore-workspace\core\starcore-platform\platform\tests\test_property_based_retry.py",".py","Skript test_property_based_retry.py"
"starcore-workspace","starcore/starcore-workspace","starcore\starcore-workspace\core\starcore-platform\platform\tests\test_property_based_security.py",".py","Skript test_property_based_security.py"
"starcore-workspace","starcore/starcore-workspace","starcore\starcore-workspace\core\starcore-platform\platform\tests\test_property_based_timeout.py",".py","Skript test_property_based_timeout.py"
"starcore-workspace","starcore/starcore-workspace","starcore\starcore-workspace\core\starcore-platform\platform\tests\test_property_based.py",".py","Skript test_property_based.py"
"starcore-workspace","starcore/starcore-workspace","starcore\starcore-workspace\core\starcore-platform\platform\tests\test_providers.py",".py","Skript test_providers.py"
"starcore-workspace","starcore/starcore-workspace","starcore\starcore-workspace\core\starcore-platform\platform\tests\test_rate_limiting.py",".py","Skript test_rate_limiting.py"
"starcore-workspace","starcore/starcore-workspace","starcore\starcore-workspace\core\starcore-platform\platform\tests\test_request_id_middleware.py",".py","Skript test_request_id_middleware.py"
"starcore-workspace","starcore/starcore-workspace","starcore\starcore-workspace\core\starcore-platform\platform\tests\test_request_id.py",".py","Skript test_request_id.py"
"starcore-workspace","starcore/starcore-workspace","starcore\starcore-workspace\core\starcore-platform\platform\tests\test_resource_actions.py",".py","Skript test_resource_actions.py"
"starcore-workspace","starcore/starcore-workspace","starcore\starcore-workspace\core\starcore-platform\platform\tests\test_retry.py",".py","Skript test_retry.py"
"starcore-workspace","starcore/starcore-workspace","starcore\starcore-workspace\core\starcore-platform\platform\tests\test_security.py",".py","Skript test_security.py"
"starcore-workspace","starcore/starcore-workspace","starcore\starcore-workspace\core\starcore-platform\platform\tests\test_settings_isolation.py",".py","Skript test_settings_isolation.py"
"starcore-workspace","starcore/starcore-workspace","starcore\starcore-workspace\core\starcore-platform\platform\tests\test_scheduler.py",".py","Skript test_scheduler.py"
"starcore-workspace","starcore/starcore-workspace","starcore\starcore-workspace\core\starcore-platform\platform\tests\test_schema_management.py",".py","Skript test_schema_management.py"
"starcore-workspace","starcore/starcore-workspace","starcore\starcore-workspace\core\starcore-platform\platform\tests\test_sse.py",".py","Skript test_sse.py"
"starcore-workspace","starcore/starcore-workspace","starcore\starcore-workspace\core\starcore-platform\platform\tests\test_template_resolver.py",".py","Skript test_template_resolver.py"
"starcore-workspace","starcore/starcore-workspace","starcore\starcore-workspace\core\starcore-platform\platform\tests\test_timeout.py",".py","Skript test_timeout.py"
"starcore-workspace","starcore/starcore-workspace","starcore\starcore-workspace\core\starcore-platform\platform\tests\test_tracing.py",".py","Skript test_tracing.py"
"starcore-workspace","starcore/starcore-workspace","starcore\starcore-workspace\core\starcore-platform\platform\tests\test_ws_blueprint.py",".py","Skript test_ws_blueprint.py"
"starcore-workspace","starcore/starcore-workspace","starcore\starcore-workspace\core\starcore-platform\plugins\enabled\android\agent\android_agent_v2.py",".py","!/usr/bin/env python3"
"starcore-workspace","starcore/starcore-workspace","starcore\starcore-workspace\core\starcore-platform\plugins\enabled\android\agent\android_agent.py",".py","!/usr/bin/env python3"
"starcore-workspace","starcore/starcore-workspace","starcore\starcore-workspace\core\starcore-platform\plugins\enabled\android\agent_supervisor\supervisor.py",".py","!/usr/bin/env python3"
"starcore-workspace","starcore/starcore-workspace","starcore\starcore-workspace\core\starcore-platform\plugins\enabled\android\agents\registry.py",".py","!/usr/bin/env python3"
"starcore-workspace","starcore/starcore-workspace","starcore\starcore-workspace\core\starcore-platform\plugins\enabled\android\ai\device_analyzer.py",".py","!/usr/bin/env python3"
"starcore-workspace","starcore/starcore-workspace","starcore\starcore-workspace\core\starcore-platform\plugins\enabled\android\ai_bridge\ai_bridge.py",".py","!/usr/bin/env python3"
"starcore-workspace","starcore/starcore-workspace","starcore\starcore-workspace\core\starcore-platform\plugins\enabled\android\ai_bridge\ai_handshake.py",".py","!/usr/bin/env python3"
"starcore-workspace","starcore/starcore-workspace","starcore\starcore-workspace\core\starcore-platform\plugins\enabled\android\ai_core\agent\autonomous_loop.py",".py","!/usr/bin/env python3"
"starcore-workspace","starcore/starcore-workspace","starcore\starcore-workspace\core\starcore-platform\plugins\enabled\android\ai_core\bridge\fatalab_bridge.py",".py","!/usr/bin/env python3"
"starcore-workspace","starcore/starcore-workspace","starcore\starcore-workspace\core\starcore-platform\plugins\enabled\android\ai_core\decision\decision_engine.py",".py","!/usr/bin/env python3"
"starcore-workspace","starcore/starcore-workspace","starcore\starcore-workspace\core\starcore-platform\plugins\enabled\android\ai_core\memory\memory_layer.py",".py","!/usr/bin/env python3"
"starcore-workspace","starcore/starcore-workspace","starcore\starcore-workspace\core\starcore-platform\plugins\enabled\android\ai_core\policy\policy_engine.py",".py","!/usr/bin/env python3"
"starcore-workspace","starcore/starcore-workspace","starcore\starcore-workspace\core\starcore-platform\plugins\enabled\android\ai_core\recommendation\recommendation_engine.py",".py","!/usr/bin/env python3"
"starcore-workspace","starcore/starcore-workspace","starcore\starcore-workspace\core\starcore-platform\plugins\enabled\android\api\gateway.py",".py","!/usr/bin/env python3"
"starcore-workspace","starcore/starcore-workspace","starcore\starcore-workspace\core\starcore-platform\plugins\enabled\android\api_gateway\api_gateway.py",".py","!/usr/bin/env python3"
"starcore-workspace","starcore/starcore-workspace","starcore\starcore-workspace\core\starcore-platform\plugins\enabled\android\audit\integrity_audit.py",".py","!/usr/bin/env python3"
"starcore-workspace","starcore/starcore-workspace","starcore\starcore-workspace\core\starcore-platform\plugins\enabled\android\automation\automation.py",".py","!/usr/bin/env python3"
"starcore-workspace","starcore/starcore-workspace","starcore\starcore-workspace\core\starcore-platform\plugins\enabled\android\autonomous\bridge\fatalab_connector.py",".py","!/usr/bin/env python3"
"starcore-workspace","starcore/starcore-workspace","starcore\starcore-workspace\core\starcore-platform\plugins\enabled\android\autonomous\events\event_intelligence.py",".py","!/usr/bin/env python3"
"starcore-workspace","starcore/starcore-workspace","starcore\starcore-workspace\core\starcore-platform\plugins\enabled\android\autonomous\memory\memory_engine.py",".py","!/usr/bin/env python3"
"starcore-workspace","starcore/starcore-workspace","starcore\starcore-workspace\core\starcore-platform\plugins\enabled\android\autonomous\orchestrator\orchestrator.py",".py","!/usr/bin/env python3"
"starcore-workspace","starcore/starcore-workspace","starcore\starcore-workspace\core\starcore-platform\plugins\enabled\android\autonomous\scheduler\task_scheduler.py",".py","!/usr/bin/env python3"
"starcore-workspace","starcore/starcore-workspace","starcore\starcore-workspace\core\starcore-platform\plugins\enabled\android\autonomous\workers\worker_engine.py",".py","!/usr/bin/env python3"
"starcore-workspace","starcore/starcore-workspace","starcore\starcore-workspace\core\starcore-platform\plugins\enabled\android\autonomous\health_check.py",".py","!/usr/bin/env python3"
"starcore-workspace","starcore/starcore-workspace","starcore\starcore-workspace\core\starcore-platform\plugins\enabled\android\autonomous_core\bootstrap\bootstrap.py",".py","!/usr/bin/env python3"
"starcore-workspace","starcore/starcore-workspace","starcore\starcore-workspace\core\starcore-platform\plugins\enabled\android\autonomous_core\decision_loop\decision_loop.py",".py","!/usr/bin/env python3"
"starcore-workspace","starcore/starcore-workspace","starcore\starcore-workspace\core\starcore-platform\plugins\enabled\android\autonomous_core\event_intelligence\event_engine.py",".py","!/usr/bin/env python3"
"starcore-workspace","starcore/starcore-workspace","starcore\starcore-workspace\core\starcore-platform\plugins\enabled\android\autonomous_core\mission_manager\mission_manager.py",".py","!/usr/bin/env python3"
"starcore-workspace","starcore/starcore-workspace","starcore\starcore-workspace\core\starcore-platform\plugins\enabled\android\autonomous_core\optimizer\optimizer.py",".py","!/usr/bin/env python3"
"starcore-workspace","starcore/starcore-workspace","starcore\starcore-workspace\core\starcore-platform\plugins\enabled\android\autonomous_core\recovery\recovery.py",".py","!/usr/bin/env python3"
"starcore-workspace","starcore/starcore-workspace","starcore\starcore-workspace\core\starcore-platform\plugins\enabled\android\autonomous_core\state_controller\controller.py",".py","!/usr/bin/env python3"
"starcore-workspace","starcore/starcore-workspace","starcore\starcore-workspace\core\starcore-platform\plugins\enabled\android\autonomous_core\supervisor\supervisor.py",".py","!/usr/bin/env python3"
"starcore-workspace","starcore/starcore-workspace","starcore\starcore-workspace\core\starcore-platform\plugins\enabled\android\autonomous_core\sync\sync_engine.py",".py","!/usr/bin/env python3"
"starcore-workspace","starcore/starcore-workspace","starcore\starcore-workspace\core\starcore-platform\plugins\enabled\android\autonomous_core\validator\master_validator.py",".py","!/usr/bin/env python3"
"starcore-workspace","starcore/starcore-workspace","starcore\starcore-workspace\core\starcore-platform\plugins\enabled\android\backup\backup_engine.py",".py","!/usr/bin/env python3"
"starcore-workspace","starcore/starcore-workspace","starcore\starcore-workspace\core\starcore-platform\plugins\enabled\android\backup\snapshot_engine.py",".py","!/usr/bin/env python3"
"starcore-workspace","starcore/starcore-workspace","starcore\starcore-workspace\core\starcore-platform\plugins\enabled\android\bin\health.sh",".sh","!/data/data/com.termux/files/usr/bin/bash"
"starcore-workspace","starcore/starcore-workspace","starcore\starcore-workspace\core\starcore-platform\plugins\enabled\android\bin\security_collect.sh",".sh","!/data/data/com.termux/files/usr/bin/bash"
"starcore-workspace","starcore/starcore-workspace","starcore\starcore-workspace\core\starcore-platform\plugins\enabled\android\bin\security.sh",".sh","!/data/data/com.termux/files/usr/bin/bash"
"starcore-workspace","starcore/starcore-workspace","starcore\starcore-workspace\core\starcore-platform\plugins\enabled\android\bin\snapshot.sh",".sh","!/data/data/com.termux/files/usr/bin/bash"
"starcore-workspace","starcore/starcore-workspace","starcore\starcore-workspace\core\starcore-platform\plugins\enabled\android\bin\telemetry.sh",".sh","!/data/data/com.termux/files/usr/bin/bash"
"starcore-workspace","starcore/starcore-workspace","starcore\starcore-workspace\core\starcore-platform\plugins\enabled\android\bootstrap\bootstrap_engine.py",".py","!/usr/bin/env python3"
"starcore-workspace","starcore/starcore-workspace","starcore\starcore-workspace\core\starcore-platform\plugins\enabled\android\bridge\ai_bridge_v2.py",".py","!/usr/bin/env python3"
"starcore-workspace","starcore/starcore-workspace","starcore\starcore-workspace\core\starcore-platform\plugins\enabled\android\bridge\memory_bridge.py",".py","!/usr/bin/env python3"
"starcore-workspace","starcore/starcore-workspace","starcore\starcore-workspace\core\starcore-platform\plugins\enabled\android\cognitive\bridge\fatalab_bridge.py",".py","!/usr/bin/env python3"
"starcore-workspace","starcore/starcore-workspace","starcore\starcore-workspace\core\starcore-platform\plugins\enabled\android\cognitive\context\context_engine.py",".py","!/usr/bin/env python3"
"starcore-workspace","starcore/starcore-workspace","starcore\starcore-workspace\core\starcore-platform\plugins\enabled\android\cognitive\health\cognitive_health.py",".py","!/usr/bin/env python3"
"starcore-workspace","starcore/starcore-workspace","starcore\starcore-workspace\core\starcore-platform\plugins\enabled\android\cognitive\memory\memory_graph.py",".py","!/usr/bin/env python3"
"starcore-workspace","starcore/starcore-workspace","starcore\starcore-workspace\core\starcore-platform\plugins\enabled\android\cognitive\router\ai_router.py",".py","!/usr/bin/env python3"
"starcore-workspace","starcore/starcore-workspace","starcore\starcore-workspace\core\starcore-platform\plugins\enabled\android\cognitive\vector\vector_interface.py",".py","!/usr/bin/env python3"
"starcore-workspace","starcore/starcore-workspace","starcore\starcore-workspace\core\starcore-platform\plugins\enabled\android\cognitive_v2\context\context_manager.py",".py","!/usr/bin/env python3"
"starcore-workspace","starcore/starcore-workspace","starcore\starcore-workspace\core\starcore-platform\plugins\enabled\android\cognitive_v2\decision\decision_engine.py",".py","!/usr/bin/env python3"
"starcore-workspace","starcore/starcore-workspace","starcore\starcore-workspace\core\starcore-platform\plugins\enabled\android\cognitive_v2\inference\inference_engine.py",".py","!/usr/bin/env python3"
"starcore-workspace","starcore/starcore-workspace","starcore\starcore-workspace\core\starcore-platform\plugins\enabled\android\cognitive_v2\learning\learning_engine.py",".py","!/usr/bin/env python3"
"starcore-workspace","starcore/starcore-workspace","starcore\starcore-workspace\core\starcore-platform\plugins\enabled\android\cognitive_v2\planning\planning_engine.py",".py","!/usr/bin/env python3"
"starcore-workspace","starcore/starcore-workspace","starcore\starcore-workspace\core\starcore-platform\plugins\enabled\android\cognitive_v2\reasoning\reasoning_engine.py",".py","!/usr/bin/env python3"
"starcore-workspace","starcore/starcore-workspace","starcore\starcore-workspace\core\starcore-platform\plugins\enabled\android\cognitive_v2\reflection\reflection_engine.py",".py","!/usr/bin/env python3"
"starcore-workspace","starcore/starcore-workspace","starcore\starcore-workspace\core\starcore-platform\plugins\enabled\android\cognitive_v2\supervisor\cognitive_supervisor.py",".py","!/usr/bin/env python3"
"starcore-workspace","starcore/starcore-workspace","starcore\starcore-workspace\core\starcore-platform\plugins\enabled\android\command_bus\command_bus.py",".py","!/usr/bin/env python3"
"starcore-workspace","starcore/starcore-workspace","starcore\starcore-workspace\core\starcore-platform\plugins\enabled\android\command_center\controller.py",".py","!/usr/bin/env python3"
"starcore-workspace","starcore/starcore-workspace","starcore\starcore-workspace\core\starcore-platform\plugins\enabled\android\compute_fabric\bootstrap\bootstrap.py",".py","!/usr/bin/env python3"
"starcore-workspace","starcore/starcore-workspace","starcore\starcore-workspace\core\starcore-platform\plugins\enabled\android\compute_fabric\containers\container_bridge.py",".py","!/usr/bin/env python3"
"starcore-workspace","starcore/starcore-workspace","starcore\starcore-workspace\core\starcore-platform\plugins\enabled\android\compute_fabric\cpu\cpu_monitor.py",".py","!/usr/bin/env python3"
"starcore-workspace","starcore/starcore-workspace","starcore\starcore-workspace\core\starcore-platform\plugins\enabled\android\compute_fabric\gpu\gpu_bridge.py",".py","!/usr/bin/env python3"
"starcore-workspace","starcore/starcore-workspace","starcore\starcore-workspace\core\starcore-platform\plugins\enabled\android\compute_fabric\memory\memory_optimizer.py",".py","!/usr/bin/env python3"
"starcore-workspace","starcore/starcore-workspace","starcore\starcore-workspace\core\starcore-platform\plugins\enabled\android\compute_fabric\performance\performance_supervisor.py",".py","!/usr/bin/env python3"
"starcore-workspace","starcore/starcore-workspace","starcore\starcore-workspace\core\starcore-platform\plugins\enabled\android\compute_fabric\remote\remote_compute.py",".py","!/usr/bin/env python3"
"starcore-workspace","starcore/starcore-workspace","starcore\starcore-workspace\core\starcore-platform\plugins\enabled\android\compute_fabric\resources\resource_manager.py",".py","!/usr/bin/env python3"
"starcore-workspace","starcore/starcore-workspace","starcore\starcore-workspace\core\starcore-platform\plugins\enabled\android\compute_fabric\scheduler\workload_scheduler.py",".py","!/usr/bin/env python3"
"starcore-workspace","starcore/starcore-workspace","starcore\starcore-workspace\core\starcore-platform\plugins\enabled\android\compute_fabric\validator\validator.py",".py","!/usr/bin/env python3"
"starcore-workspace","starcore/starcore-workspace","starcore\starcore-workspace\core\starcore-platform\plugins\enabled\android\config\config_manager.py",".py","!/usr/bin/env python3"
"starcore-workspace","starcore/starcore-workspace","starcore\starcore-workspace\core\starcore-platform\plugins\enabled\android\context\context_store.py",".py","!/usr/bin/env python3"
"starcore-workspace","starcore/starcore-workspace","starcore\starcore-workspace\core\starcore-platform\plugins\enabled\android\control\core_controller.py",".py","!/usr/bin/env python3"
"starcore-workspace","starcore/starcore-workspace","starcore\starcore-workspace\core\starcore-platform\plugins\enabled\android\control\state_manager.py",".py","!/usr/bin/env python3"
"starcore-workspace","starcore/starcore-workspace","starcore\starcore-workspace\core\starcore-platform\plugins\enabled\android\control_fabric\fabric_controller.py",".py","!/usr/bin/env python3"
"starcore-workspace","starcore/starcore-workspace","starcore\starcore-workspace\core\starcore-platform\plugins\enabled\android\control_plane\modules\health.py",".py","!/usr/bin/env python3"
"starcore-workspace","starcore/starcore-workspace","starcore\starcore-workspace\core\starcore-platform\plugins\enabled\android\control_plane\modules\status.py",".py","!/usr/bin/env python3"
"starcore-workspace","starcore/starcore-workspace","starcore\starcore-workspace\core\starcore-platform\plugins\enabled\android\control_plane\router.py",".py","!/usr/bin/env python3"
"starcore-workspace","starcore/starcore-workspace","starcore\starcore-workspace\core\starcore-platform\plugins\enabled\android\controller\android_core_controller.py",".py","!/usr/bin/env python3"
"starcore-workspace","starcore/starcore-workspace","starcore\starcore-workspace\core\starcore-platform\plugins\enabled\android\core\config_validator.py",".py","!/usr/bin/env python3"
"starcore-workspace","starcore/starcore-workspace","starcore\starcore-workspace\core\starcore-platform\plugins\enabled\android\core\health_check.py",".py","!/usr/bin/env python3"
"starcore-workspace","starcore/starcore-workspace","starcore\starcore-workspace\core\starcore-platform\plugins\enabled\android\core\integrity_check.py",".py","!/usr/bin/env python3"
"starcore-workspace","starcore/starcore-workspace","starcore\starcore-workspace\core\starcore-platform\plugins\enabled\android\core\master_report.py",".py","!/usr/bin/env python3"
"starcore-workspace","starcore/starcore-workspace","starcore\starcore-workspace\core\starcore-platform\plugins\enabled\android\core\module_registry.py",".py","!/usr/bin/env python3"
"starcore-workspace","starcore/starcore-workspace","starcore\starcore-workspace\core\starcore-platform\plugins\enabled\android\core\runtime_manager.py",".py","!/usr/bin/env python3"
"starcore-workspace","starcore/starcore-workspace","starcore\starcore-workspace\core\starcore-platform\plugins\enabled\android\dashboard\dashboard_state.py",".py","!/usr/bin/env python3"
"starcore-workspace","starcore/starcore-workspace","starcore\starcore-workspace\core\starcore-platform\plugins\enabled\android\dashboard\dashboard.py",".py","!/usr/bin/env python3"
"starcore-workspace","starcore/starcore-workspace","starcore\starcore-workspace\core\starcore-platform\plugins\enabled\android\deployment\deployment_manager.py",".py","!/usr/bin/env python3"
"starcore-workspace","starcore/starcore-workspace","starcore\starcore-workspace\core\starcore-platform\plugins\enabled\android\diagnostics\diagnostics.py",".py","!/usr/bin/env python3"
"starcore-workspace","starcore/starcore-workspace","starcore\starcore-workspace\core\starcore-platform\plugins\enabled\android\distributed\distributed_validator.py",".py","!/usr/bin/env python3"
"starcore-workspace","starcore/starcore-workspace","starcore\starcore-workspace\core\starcore-platform\plugins\enabled\android\distributed\node_discovery.py",".py","!/usr/bin/env python3"
"starcore-workspace","starcore/starcore-workspace","starcore\starcore-workspace\core\starcore-platform\plugins\enabled\android\distributed\node_registry.py",".py","!/usr/bin/env python3"
"starcore-workspace","starcore/starcore-workspace","starcore\starcore-workspace\core\starcore-platform\plugins\enabled\android\event_bus\event_bus_v2.py",".py","!/usr/bin/env python3"
"starcore-workspace","starcore/starcore-workspace","starcore\starcore-workspace\core\starcore-platform\plugins\enabled\android\events\event_bus.py",".py","!/usr/bin/env python3"
"starcore-workspace","starcore/starcore-workspace","starcore\starcore-workspace\core\starcore-platform\plugins\enabled\android\fatalab\connector.py",".py","!/usr/bin/env python3"
"starcore-workspace","starcore/starcore-workspace","starcore\starcore-workspace\core\starcore-platform\plugins\enabled\android\fatalab\health_sync.py",".py","!/usr/bin/env python3"
"starcore-workspace","starcore/starcore-workspace","starcore\starcore-workspace\core\starcore-platform\plugins\enabled\android\fatalab\tailscale_connector.py",".py","!/usr/bin/env python3"
"starcore-workspace","starcore/starcore-workspace","starcore\starcore-workspace\core\starcore-platform\plugins\enabled\android\fatalab_bridge\bridge.py",".py","!/usr/bin/env python3"
"starcore-workspace","starcore/starcore-workspace","starcore\starcore-workspace\core\starcore-platform\plugins\enabled\android\health\health_daemon.py",".py","!/usr/bin/env python3"
"starcore-workspace","starcore/starcore-workspace","starcore\starcore-workspace\core\starcore-platform\plugins\enabled\android\integrity\scanner.py",".py","!/usr/bin/env python3"
"starcore-workspace","starcore/starcore-workspace","starcore\starcore-workspace\core\starcore-platform\plugins\enabled\android\job_queue\job_manager.py",".py","!/usr/bin/env python3"
"starcore-workspace","starcore/starcore-workspace","starcore\starcore-workspace\core\starcore-platform\plugins\enabled\android\knowledge\graph.py",".py","!/usr/bin/env python3"
"starcore-workspace","starcore/starcore-workspace","starcore\starcore-workspace\core\starcore-platform\plugins\enabled\android\knowledge\knowledge_engine.py",".py","!/usr/bin/env python3"
"starcore-workspace","starcore/starcore-workspace","starcore\starcore-workspace\core\starcore-platform\plugins\enabled\android\lifecycle\lifecycle_manager.py",".py","!/usr/bin/env python3"
"starcore-workspace","starcore/starcore-workspace","starcore\starcore-workspace\core\starcore-platform\plugins\enabled\android\lifecycle\lifecycle.py",".py","!/usr/bin/env python3"
"starcore-workspace","starcore/starcore-workspace","starcore\starcore-workspace\core\starcore-platform\plugins\enabled\android\log_intelligence\log_ai.py",".py","!/usr/bin/env python3"
"starcore-workspace","starcore/starcore-workspace","starcore\starcore-workspace\core\starcore-platform\plugins\enabled\android\master\master.py",".py","!/usr/bin/env python3"
"starcore-workspace","starcore/starcore-workspace","starcore\starcore-workspace\core\starcore-platform\plugins\enabled\android\master\release.py",".py","!/usr/bin/env python3"
"starcore-workspace","starcore/starcore-workspace","starcore\starcore-workspace\core\starcore-platform\plugins\enabled\android\master\validator.py",".py","!/usr/bin/env python3"
"starcore-workspace","starcore/starcore-workspace","starcore\starcore-workspace\core\starcore-platform\plugins\enabled\android\memory\health.py",".py","!/usr/bin/env python3"
"starcore-workspace","starcore/starcore-workspace","starcore\starcore-workspace\core\starcore-platform\plugins\enabled\android\memory\memory_registry.py",".py","!/usr/bin/env python3"
"starcore-workspace","starcore/starcore-workspace","starcore\starcore-workspace\core\starcore-platform\plugins\enabled\android\memory_fabric\backup\backup.py",".py","!/usr/bin/env python3"
"starcore-workspace","starcore/starcore-workspace","starcore\starcore-workspace\core\starcore-platform\plugins\enabled\android\memory_fabric\bootstrap\bootstrap.py",".py","!/usr/bin/env python3"
"starcore-workspace","starcore/starcore-workspace","starcore\starcore-workspace\core\starcore-platform\plugins\enabled\android\memory_fabric\embedding\embedding.py",".py","!/usr/bin/env python3"
"starcore-workspace","starcore/starcore-workspace","starcore\starcore-workspace\core\starcore-platform\plugins\enabled\android\memory_fabric\knowledge\knowledge_graph.py",".py","!/usr/bin/env python3"
"starcore-workspace","starcore/starcore-workspace","starcore\starcore-workspace\core\starcore-platform\plugins\enabled\android\memory_fabric\long_term\long_memory.py",".py","!/usr/bin/env python3"
"starcore-workspace","starcore/starcore-workspace","starcore\starcore-workspace\core\starcore-platform\plugins\enabled\android\memory_fabric\optimizer\optimizer.py",".py","!/usr/bin/env python3"
"starcore-workspace","starcore/starcore-workspace","starcore\starcore-workspace\core\starcore-platform\plugins\enabled\android\memory_fabric\short_term\short_memory.py",".py","!/usr/bin/env python3"
"starcore-workspace","starcore/starcore-workspace","starcore\starcore-workspace\core\starcore-platform\plugins\enabled\android\memory_fabric\sync\memory_sync.py",".py","!/usr/bin/env python3"
"starcore-workspace","starcore/starcore-workspace","starcore\starcore-workspace\core\starcore-platform\plugins\enabled\android\memory_fabric\validator\validator.py",".py","!/usr/bin/env python3"
"starcore-workspace","starcore/starcore-workspace","starcore\starcore-workspace\core\starcore-platform\plugins\enabled\android\memory_fabric\vector\vector_memory.py",".py","!/usr/bin/env python3"
"starcore-workspace","starcore/starcore-workspace","starcore\starcore-workspace\core\starcore-platform\plugins\enabled\android\memory_sync\memory_sync.py",".py","!/usr/bin/env python3"
"starcore-workspace","starcore/starcore-workspace","starcore\starcore-workspace\core\starcore-platform\plugins\enabled\android\mesh\health.py",".py","!/usr/bin/env python3"
"starcore-workspace","starcore/starcore-workspace","starcore\starcore-workspace\core\starcore-platform\plugins\enabled\android\mesh\heartbeat.py",".py","!/usr/bin/env python3"
"starcore-workspace","starcore/starcore-workspace","starcore\starcore-workspace\core\starcore-platform\plugins\enabled\android\metrics\metrics.py",".py","!/usr/bin/env python3"
"starcore-workspace","starcore/starcore-workspace","starcore\starcore-workspace\core\starcore-platform\plugins\enabled\android\monitor\event_monitor.py",".py","!/usr/bin/env python3"
"starcore-workspace","starcore/starcore-workspace","starcore\starcore-workspace\core\starcore-platform\plugins\enabled\android\monitoring\global_health.py",".py","!/usr/bin/env python3"
"starcore-workspace","starcore/starcore-workspace","starcore\starcore-workspace\core\starcore-platform\plugins\enabled\android\monitoring\metrics.py",".py","!/usr/bin/env python3"
"starcore-workspace","starcore/starcore-workspace","starcore\starcore-workspace\core\starcore-platform\plugins\enabled\android\network\network_intelligence_v2.py",".py","!/usr/bin/env python3"
"starcore-workspace","starcore/starcore-workspace","starcore\starcore-workspace\core\starcore-platform\plugins\enabled\android\network\network_intelligence.py",".py","!/usr/bin/env python3"
"starcore-workspace","starcore/starcore-workspace","starcore\starcore-workspace\core\starcore-platform\plugins\enabled\android\operations\audit_engine\audit.py",".py","!/usr/bin/env python3"
"starcore-workspace","starcore/starcore-workspace","starcore\starcore-workspace\core\starcore-platform\plugins\enabled\android\operations\command_center\command_center.py",".py","!/usr/bin/env python3"
"starcore-workspace","starcore/starcore-workspace","starcore\starcore-workspace\core\starcore-platform\plugins\enabled\android\operations\execution_engine\executor.py",".py","!/usr/bin/env python3"
"starcore-workspace","starcore/starcore-workspace","starcore\starcore-workspace\core\starcore-platform\plugins\enabled\android\operations\policy_manager\policy.py",".py","!/usr/bin/env python3"
"starcore-workspace","starcore/starcore-workspace","starcore\starcore-workspace\core\starcore-platform\plugins\enabled\android\operations\validator\validator.py",".py","!/usr/bin/env python3"
"starcore-workspace","starcore/starcore-workspace","starcore\starcore-workspace\core\starcore-platform\plugins\enabled\android\optimization\optimizer.py",".py","!/usr/bin/env python3"
"starcore-workspace","starcore/starcore-workspace","starcore\starcore-workspace\core\starcore-platform\plugins\enabled\android\orchestrator\orchestrator.py",".py","!/usr/bin/env python3"
"starcore-workspace","starcore/starcore-workspace","starcore\starcore-workspace\core\starcore-platform\plugins\enabled\android\plugin_manager\plugin_manager.py",".py","!/usr/bin/env python3"
"starcore-workspace","starcore/starcore-workspace","starcore\starcore-workspace\core\starcore-platform\plugins\enabled\android\policy\policy.py",".py","!/usr/bin/env python3"
"starcore-workspace","starcore/starcore-workspace","starcore\starcore-workspace\core\starcore-platform\plugins\enabled\android\recovery\recovery_engine.py",".py","!/usr/bin/env python3"
"starcore-workspace","starcore/starcore-workspace","starcore\starcore-workspace\core\starcore-platform\plugins\enabled\android\recovery_v2\recovery.py",".py","!/usr/bin/env python3"
"starcore-workspace","starcore/starcore-workspace","starcore\starcore-workspace\core\starcore-platform\plugins\enabled\android\recovery_v3\recovery.py",".py","!/usr/bin/env python3"
"starcore-workspace","starcore/starcore-workspace","starcore\starcore-workspace\core\starcore-platform\plugins\enabled\android\release\release_validator.py",".py","!/usr/bin/env python3"
"starcore-workspace","starcore/starcore-workspace","starcore\starcore-workspace\core\starcore-platform\plugins\enabled\android\release_core\release.py",".py","!/usr/bin/env python3"
"starcore-workspace","starcore/starcore-workspace","starcore\starcore-workspace\core\starcore-platform\plugins\enabled\android\remote\access_health.py",".py","!/usr/bin/env python3"
"starcore-workspace","starcore/starcore-workspace","starcore\starcore-workspace\core\starcore-platform\plugins\enabled\android\remote\node_identity.py",".py","!/usr/bin/env python3"
"starcore-workspace","starcore/starcore-workspace","starcore\starcore-workspace\core\starcore-platform\plugins\enabled\android\remote\remote_manager.py",".py","!/usr/bin/env python3"
"starcore-workspace","starcore/starcore-workspace","starcore\starcore-workspace\core\starcore-platform\plugins\enabled\android\remote\remote_profile.py",".py","!/usr/bin/env python3"
"starcore-workspace","starcore/starcore-workspace","starcore\starcore-workspace\core\starcore-platform\plugins\enabled\android\remote\tailscale_check.py",".py","!/usr/bin/env python3"
"starcore-workspace","starcore/starcore-workspace","starcore\starcore-workspace\core\starcore-platform\plugins\enabled\android\remote_agents\supervisor.py",".py","!/usr/bin/env python3"
"starcore-workspace","starcore/starcore-workspace","starcore\starcore-workspace\core\starcore-platform\plugins\enabled\android\remote_api\api_gateway.py",".py","!/usr/bin/env python3"
"starcore-workspace","starcore/starcore-workspace","starcore\starcore-workspace\core\starcore-platform\plugins\enabled\android\repair\engine.py",".py","!/usr/bin/env python3"
"starcore-workspace","starcore/starcore-workspace","starcore\starcore-workspace\core\starcore-platform\plugins\enabled\android\repair\health.py",".py","!/usr/bin/env python3"
"starcore-workspace","starcore/starcore-workspace","starcore\starcore-workspace\core\starcore-platform\plugins\enabled\android\repair\snapshot.py",".py","!/usr/bin/env python3"
"starcore-workspace","starcore/starcore-workspace","starcore\starcore-workspace\core\starcore-platform\plugins\enabled\android\router\router.py",".py","!/usr/bin/env python3"
"starcore-workspace","starcore/starcore-workspace","starcore\starcore-workspace\core\starcore-platform\plugins\enabled\android\runtime\runtime_manager.py",".py","!/usr/bin/env python3"
"starcore-workspace","starcore/starcore-workspace","starcore\starcore-workspace\core\starcore-platform\plugins\enabled\android\security\baseline.py",".py","!/usr/bin/env python3"
"starcore-workspace","starcore/starcore-workspace","starcore\starcore-workspace\core\starcore-platform\plugins\enabled\android\security\security_guard.py",".py","!/usr/bin/env python3"
"starcore-workspace","starcore/starcore-workspace","starcore\starcore-workspace\core\starcore-platform\plugins\enabled\android\security\security_intelligence.py",".py","!/usr/bin/env python3"
"starcore-workspace","starcore/starcore-workspace","starcore\starcore-workspace\core\starcore-platform\plugins\enabled\android\security\security_scan.py",".py","!/usr/bin/env python3"
"starcore-workspace","starcore/starcore-workspace","starcore\starcore-workspace\core\starcore-platform\plugins\enabled\android\security_center\security.py",".py","!/usr/bin/env python3"
"starcore-workspace","starcore/starcore-workspace","starcore\starcore-workspace\core\starcore-platform\plugins\enabled\android\security_intelligence\audit\audit_engine.py",".py","!/usr/bin/env python3"
"starcore-workspace","starcore/starcore-workspace","starcore\starcore-workspace\core\starcore-platform\plugins\enabled\android\security_intelligence\bootstrap\bootstrap.py",".py","!/usr/bin/env python3"
"starcore-workspace","starcore/starcore-workspace","starcore\starcore-workspace\core\starcore-platform\plugins\enabled\android\security_intelligence\identity\identity_manager.py",".py","!/usr/bin/env python3"
"starcore-workspace","starcore/starcore-workspace","starcore\starcore-workspace\core\starcore-platform\plugins\enabled\android\security_intelligence\incidents\incident_response.py",".py","!/usr/bin/env python3"
"starcore-workspace","starcore/starcore-workspace","starcore\starcore-workspace\core\starcore-platform\plugins\enabled\android\security_intelligence\integrity\integrity_monitor.py",".py","!/usr/bin/env python3"
"starcore-workspace","starcore/starcore-workspace","starcore\starcore-workspace\core\starcore-platform\plugins\enabled\android\security_intelligence\permissions\permission_engine.py",".py","!/usr/bin/env python3"
"starcore-workspace","starcore/starcore-workspace","starcore\starcore-workspace\core\starcore-platform\plugins\enabled\android\security_intelligence\policies\policy_engine.py",".py","!/usr/bin/env python3"
"starcore-workspace","starcore/starcore-workspace","starcore\starcore-workspace\core\starcore-platform\plugins\enabled\android\security_intelligence\supervisor\security_supervisor.py",".py","!/usr/bin/env python3"
"starcore-workspace","starcore/starcore-workspace","starcore\starcore-workspace\core\starcore-platform\plugins\enabled\android\security_intelligence\threats\threat_detector.py",".py","!/usr/bin/env python3"
"starcore-workspace","starcore/starcore-workspace","starcore\starcore-workspace\core\starcore-platform\plugins\enabled\android\security_monitor\security_monitor.py",".py","!/usr/bin/env python3"
"starcore-workspace","starcore/starcore-workspace","starcore\starcore-workspace\core\starcore-platform\plugins\enabled\android\selftest\selftest.py",".py","!/usr/bin/env python3"
"starcore-workspace","starcore/starcore-workspace","starcore\starcore-workspace\core\starcore-platform\plugins\enabled\android\scheduler\executor.py",".py","!/data/data/com.termux/files/usr/bin/python3"
"starcore-workspace","starcore/starcore-workspace","starcore\starcore-workspace\core\starcore-platform\plugins\enabled\android\scheduler\health.py",".py","!/data/data/com.termux/files/usr/bin/python3"
"starcore-workspace","starcore/starcore-workspace","starcore\starcore-workspace\core\starcore-platform\plugins\enabled\android\scheduler\scheduler_engine.py",".py","!/usr/bin/env python3"
"starcore-workspace","starcore/starcore-workspace","starcore\starcore-workspace\core\starcore-platform\plugins\enabled\android\scheduler\scheduler.py",".py","!/data/data/com.termux/files/usr/bin/python3"
"starcore-workspace","starcore/starcore-workspace","starcore\starcore-workspace\core\starcore-platform\plugins\enabled\android\snapshot\snapshot_manager.py",".py","!/usr/bin/env python3"
"starcore-workspace","starcore/starcore-workspace","starcore\starcore-workspace\core\starcore-platform\plugins\enabled\android\ssh\ssh_manager.py",".py","!/usr/bin/env python3"
"starcore-workspace","starcore/starcore-workspace","starcore\starcore-workspace\core\starcore-platform\plugins\enabled\android\state_db\state_manager.py",".py","!/usr/bin/env python3"
"starcore-workspace","starcore/starcore-workspace","starcore\starcore-workspace\core\starcore-platform\plugins\enabled\android\sync\sync_engine.py",".py","!/usr/bin/env python3"
"starcore-workspace","starcore/starcore-workspace","starcore\starcore-workspace\core\starcore-platform\plugins\enabled\android\tailscale\tailscale.py",".py","!/usr/bin/env python3"
"starcore-workspace","starcore/starcore-workspace","starcore\starcore-workspace\core\starcore-platform\plugins\enabled\android\tasks\task_manager.py",".py","!/usr/bin/env python3"
"starcore-workspace","starcore/starcore-workspace","starcore\starcore-workspace\core\starcore-platform\plugins\enabled\android\telemetry\master_health.py",".py","!/usr/bin/env python3"
"starcore-workspace","starcore/starcore-workspace","starcore\starcore-workspace\core\starcore-platform\plugins\enabled\android\telemetry\telemetry.py",".py","!/usr/bin/env python3"
"starcore-workspace","starcore/starcore-workspace","starcore\starcore-workspace\core\starcore-platform\plugins\enabled\android\termux\termux_intelligence.py",".py","!/usr/bin/env python3"
"starcore-workspace","starcore/starcore-workspace","starcore\starcore-workspace\core\starcore-platform\plugins\enabled\android\unified\installer_core.py",".py","!/usr/bin/env python3"
"starcore-workspace","starcore/starcore-workspace","starcore\starcore-workspace\core\starcore-platform\plugins\enabled\android\update\backup.py",".py","!/usr/bin/env python3"
"starcore-workspace","starcore/starcore-workspace","starcore\starcore-workspace\core\starcore-platform\plugins\enabled\android\update\rollback.py",".py","!/usr/bin/env python3"
"starcore-workspace","starcore/starcore-workspace","starcore\starcore-workspace\core\starcore-platform\plugins\enabled\android\update\updater.py",".py","!/usr/bin/env python3"
"starcore-workspace","starcore/starcore-workspace","starcore\starcore-workspace\core\starcore-platform\plugins\enabled\android\validator\global_validator.py",".py","!/usr/bin/env python3"
"starcore-workspace","starcore/starcore-workspace","starcore\starcore-workspace\core\starcore-platform\plugins\enabled\android\vector\vector_state.py",".py","!/usr/bin/env python3"
"starcore-workspace","starcore/starcore-workspace","starcore\starcore-workspace\core\starcore-platform\plugins\enabled\android\workers\worker.py",".py","!/usr/bin/env python3"
"starcore-workspace","starcore/starcore-workspace","starcore\starcore-workspace\core\starcore-platform\sdk\core\api.py",".py","!/usr/bin/env python3"
"starcore-workspace","starcore/starcore-workspace","starcore\starcore-workspace\core\starcore-platform\sdk\core\lifecycle.py",".py","!/usr/bin/env python3"
"starcore-workspace","starcore/starcore-workspace","starcore\starcore-workspace\core\starcore-platform\sdk\core\manifest.py",".py","!/usr/bin/env python3"
"starcore-workspace","starcore/starcore-workspace","starcore\starcore-workspace\core\starcore-platform\sdk\core\module.py",".py","!/usr/bin/env python3"
"starcore-workspace","starcore/starcore-workspace","starcore\starcore-workspace\core\starcore-platform\security\backup_engine.py",".py","!/usr/bin/env python3"
"starcore-workspace","starcore/starcore-workspace","starcore\starcore-workspace\core\starcore-platform\security\github_intelligence_upgrade.py",".py","!/usr/bin/env python3"
"starcore-workspace","starcore/starcore-workspace","starcore\starcore-workspace\core\starcore-platform\security\security_audit.py",".py","!/usr/bin/env python3"
"starcore-workspace","starcore/starcore-workspace","starcore\starcore-workspace\core\starcore-platform\studio\dashboard\dashboard.py",".py","!/usr/bin/env python3"
"starcore-workspace","starcore/starcore-workspace","starcore\starcore-workspace\core\starcore-platform\tools\access\file_inventory.sh",".sh","!/data/data/com.termux/files/usr/bin/bash"
"starcore-workspace","starcore/starcore-workspace","starcore\starcore-workspace\core\starcore-platform\tools\context\context_show.sh",".sh","!/data/data/com.termux/files/usr/bin/bash"
"starcore-workspace","starcore/starcore-workspace","starcore\starcore-workspace\core\starcore-platform\tools\control_center\claude_manager.sh",".sh","!/data/data/com.termux/files/usr/bin/bash"
"starcore-workspace","starcore/starcore-workspace","starcore\starcore-workspace\core\starcore-platform\tools\control_center\health_monitor.sh",".sh","!/data/data/com.termux/files/usr/bin/bash"
"starcore-workspace","starcore/starcore-workspace","starcore\starcore-workspace\core\starcore-platform\tools\control_center\starcore_control.sh",".sh","!/data/data/com.termux/files/usr/bin/bash"
"starcore-workspace","starcore/starcore-workspace","starcore\starcore-workspace\core\starcore-platform\tools\control_center\tmux_manager.sh",".sh","!/data/data/com.termux/files/usr/bin/bash"
"starcore-workspace","starcore/starcore-workspace","starcore\starcore-workspace\core\starcore-platform\tools\engineering\analyze.sh",".sh","!/data/data/com.termux/files/usr/bin/bash"
"starcore-workspace","starcore/starcore-workspace","starcore\starcore-workspace\core\starcore-platform\tools\engineering\git_intel.sh",".sh","!/data/data/com.termux/files/usr/bin/bash"
"starcore-workspace","starcore/starcore-workspace","starcore\starcore-workspace\core\starcore-platform\tools\engineering\prompt.sh",".sh","!/data/data/com.termux/files/usr/bin/bash"
"starcore-workspace","starcore/starcore-workspace","starcore\starcore-workspace\core\starcore-platform\tools\engineering\remote.sh",".sh","!/data/data/com.termux/files/usr/bin/bash"
"starcore-workspace","starcore/starcore-workspace","starcore\starcore-workspace\core\starcore-platform\tools\intelligence\git_intelligence.sh",".sh","!/data/data/com.termux/files/usr/bin/bash"
"starcore-workspace","starcore/starcore-workspace","starcore\starcore-workspace\core\starcore-platform\tools\intelligence\project_health.sh",".sh","!/data/data/com.termux/files/usr/bin/bash"
"starcore-workspace","starcore/starcore-workspace","starcore\starcore-workspace\core\starcore-platform\tools\intelligence\repo_scan.sh",".sh","!/data/data/com.termux/files/usr/bin/bash"
"starcore-workspace","starcore/starcore-workspace","starcore\starcore-workspace\core\starcore-platform\tools\remote_bridge\ai_health.sh",".sh","!/data/data/com.termux/files/usr/bin/bash"
"starcore-workspace","starcore/starcore-workspace","starcore\starcore-workspace\core\starcore-platform\tools\remote_bridge\bridge_health.sh",".sh","!/data/data/com.termux/files/usr/bin/bash"
"starcore-workspace","starcore/starcore-workspace","starcore\starcore-workspace\core\starcore-platform\tools\remote_bridge\full_health.sh",".sh","!/data/data/com.termux/files/usr/bin/bash"
"starcore-workspace","starcore/starcore-workspace","starcore\starcore-workspace\core\starcore-platform\tools\remote_bridge\proxmox_health.sh",".sh","!/data/data/com.termux/files/usr/bin/bash"
"starcore-workspace","starcore/starcore-workspace","starcore\starcore-workspace\core\starcore-platform\tools\remote_bridge\ssh_health.sh",".sh","!/data/data/com.termux/files/usr/bin/bash"
"starcore-workspace","starcore/starcore-workspace","starcore\starcore-workspace\core\starcore-platform\generate_7x_bulk_packages.sh",".sh","!/data/data/com.termux/files/usr/bin/bash"
"starcore-workspace","starcore/starcore-workspace","starcore\starcore-workspace\core\starcore-platform\install_6BX18_master_consolidator.sh",".sh","!/data/data/com.termux/files/usr/bin/bash"
"starcore-workspace","starcore/starcore-workspace","starcore\starcore-workspace\core\starcore-platform\install_6BX19_21_foundation.sh",".sh","!/data/data/com.termux/files/usr/bin/bash"
"starcore-workspace","starcore/starcore-workspace","starcore\starcore-workspace\core\starcore-platform\install_6BX22_25_master_part1.sh",".sh","!/data/data/com.termux/files/usr/bin/bash"
"starcore-workspace","starcore/starcore-workspace","starcore\starcore-workspace\core\starcore-platform\install_6BX26_30_master_part2.sh",".sh","!/data/data/com.termux/files/usr/bin/bash"
"starcore-workspace","starcore/starcore-workspace","starcore\starcore-workspace\core\starcore-platform\install_6BX31_35_master.sh",".sh","!/data/data/com.termux/files/usr/bin/bash"
"starcore-workspace","starcore/starcore-workspace","starcore\starcore-workspace\core\starcore-platform\install_6BX31_40_master_part1.sh",".sh","!/data/data/com.termux/files/usr/bin/bash"
"starcore-workspace","starcore/starcore-workspace","starcore\starcore-workspace\core\starcore-platform\install_6BX35_40_master_part2.sh",".sh","!/data/data/com.termux/files/usr/bin/bash"
"starcore-workspace","starcore/starcore-workspace","starcore\starcore-workspace\core\starcore-platform\install_6BY1_5_fatalab_bridge_part1.sh",".sh","!/data/data/com.termux/files/usr/bin/bash"
"starcore-workspace","starcore/starcore-workspace","starcore\starcore-workspace\core\starcore-platform\install_6BYY100_TERMUX_HARDENING.sh",".sh","!/data/data/com.termux/files/usr/bin/bash"
"starcore-workspace","starcore/starcore-workspace","starcore\starcore-workspace\core\starcore-platform\install_6BYY11_20_distributed_intelligence.sh",".sh","!/data/data/com.termux/files/usr/bin/bash"
"starcore-workspace","starcore/starcore-workspace","starcore\starcore-workspace\core\starcore-platform\install_6BYY21_30_remote_intelligence.sh",".sh","!/data/data/com.termux/files/usr/bin/bash"
"starcore-workspace","starcore/starcore-workspace","starcore\starcore-workspace\core\starcore-platform\install_6BYY31_40_operations_layer.sh",".sh","!/data/data/com.termux/files/usr/bin/bash"
"starcore-workspace","starcore/starcore-workspace","starcore\starcore-workspace\core\starcore-platform\install_6BYY41_50_agent_framework.sh",".sh","!/data/data/com.termux/files/usr/bin/bash"
"starcore-workspace","starcore/starcore-workspace","starcore\starcore-workspace\core\starcore-platform\install_6BYY51_60_cognitive_intelligence.sh",".sh","!/data/data/com.termux/files/usr/bin/bash"
"starcore-workspace","starcore/starcore-workspace","starcore\starcore-workspace\core\starcore-platform\install_6BYY6_10_distributed_ai_part2.sh",".sh","!/data/data/com.termux/files/usr/bin/bash"
"starcore-workspace","starcore/starcore-workspace","starcore\starcore-workspace\core\starcore-platform\install_6BYY61_70_memory_fabric.sh",".sh","!/data/data/com.termux/files/usr/bin/bash"
"starcore-workspace","starcore/starcore-workspace","starcore\starcore-workspace\core\starcore-platform\install_6BYY71_80_security_intelligence.sh",".sh","!/data/data/com.termux/files/usr/bin/bash"
"starcore-workspace","starcore/starcore-workspace","starcore\starcore-workspace\core\starcore-platform\install_6BYY81_90_compute_fabric.sh",".sh","!/data/data/com.termux/files/usr/bin/bash"
"starcore-workspace","starcore/starcore-workspace","starcore\starcore-workspace\core\starcore-platform\install_6BYY91_100_autonomous_master_part1.sh",".sh","!/data/data/com.termux/files/usr/bin/bash"
"starcore-workspace","starcore/starcore-workspace","starcore\starcore-workspace\core\starcore-platform\install_6BYY96_100_autonomous_master_part2.sh",".sh","!/data/data/com.termux/files/usr/bin/bash"
"starcore-workspace","starcore/starcore-workspace","starcore\starcore-workspace\core\starcore-platform\install_7_0_01_installer_framework.sh",".sh","!/data/data/com.termux/files/usr/bin/bash"
"starcore-workspace","starcore/starcore-workspace","starcore\starcore-workspace\core\starcore-platform\install_7_0_02_cli_command_bus.sh",".sh","!/data/data/com.termux/files/usr/bin/bash"
"starcore-workspace","starcore/starcore-workspace","starcore\starcore-workspace\core\starcore-platform\install_7_0_03_sdk_core.sh",".sh","!/data/data/com.termux/files/usr/bin/bash"
"starcore-workspace","starcore/starcore-workspace","starcore\starcore-workspace\core\starcore-platform\install_7_0_04_10_master_platform.sh",".sh","!/data/data/com.termux/files/usr/bin/bash"
"starcore-workspace","starcore/starcore-workspace","starcore\starcore-workspace\core\starcore-platform\install_7_0_05_07_services_part2.sh",".sh","!/data/data/com.termux/files/usr/bin/bash"
"starcore-workspace","starcore/starcore-workspace","starcore\starcore-workspace\core\starcore-platform\install_7_0_08_10_master_final.sh",".sh","!/data/data/com.termux/files/usr/bin/bash"
"starcore-workspace","starcore/starcore-workspace","starcore\starcore-workspace\core\starcore-platform\install_7_0_11_20_hardening_master.sh",".sh","!/data/data/com.termux/files/usr/bin/bash"
"starcore-workspace","starcore/starcore-workspace","starcore\starcore-workspace\core\starcore-platform\install_7_0_14_16_security_backup.sh",".sh","!/data/data/com.termux/files/usr/bin/bash"
"starcore-workspace","starcore/starcore-workspace","starcore\starcore-workspace\core\starcore-platform\install_7_0_17_20_final_production.sh",".sh","!/data/data/com.termux/files/usr/bin/bash"
"starcore-workspace","starcore/starcore-workspace","starcore\starcore-workspace\core\starcore-platform\install_7_1_01_10_autonomous_core_MASTER.sh",".sh","!/data/data/com.termux/files/usr/bin/bash"
"starcore-workspace","starcore/starcore-workspace","starcore\starcore-workspace\core\starcore-platform\install_7_2_01_10_distributed_intelligence_MASTER.sh",".sh","!/data/data/com.termux/files/usr/bin/bash"
"starcore-workspace","starcore/starcore-workspace","starcore\starcore-workspace\core\starcore-platform\install_8_FINAL_GLOBAL_AUDIT.sh",".sh","!/data/data/com.termux/files/usr/bin/bash"
"starcore-workspace","starcore/starcore-workspace","starcore\starcore-workspace\core\starcore-platform\install_8_GOLD_MASTER_BACKUP.sh",".sh","!/data/data/com.termux/files/usr/bin/bash"
"starcore-workspace","starcore/starcore-workspace","starcore\starcore-workspace\core\starcore-platform\install_8_RELEASE_SNAPSHOT.sh",".sh","!/data/data/com.termux/files/usr/bin/bash"
"starcore-workspace","starcore/starcore-workspace","starcore\starcore-workspace\core\starcore-platform\install_8A_ai_core_foundation_MASTER.sh",".sh","!/data/data/com.termux/files/usr/bin/bash"
"starcore-workspace","starcore/starcore-workspace","starcore\starcore-workspace\core\starcore-platform\install_8B_autonomous_agent_fabric_MASTER.sh",".sh","!/data/data/com.termux/files/usr/bin/bash"
"starcore-workspace","starcore/starcore-workspace","starcore\starcore-workspace\core\starcore-platform\install_8C_knowledge_rag_fabric_MASTER.sh",".sh","!/data/data/com.termux/files/usr/bin/bash"
"starcore-workspace","starcore/starcore-workspace","starcore\starcore-workspace\core\starcore-platform\install_8D_distributed_compute_fabric_MASTER.sh",".sh","!/data/data/com.termux/files/usr/bin/bash"
"starcore-workspace","starcore/starcore-workspace","starcore\starcore-workspace\core\starcore-platform\install_8E_security_self_healing_MASTER.sh",".sh","!/data/data/com.termux/files/usr/bin/bash"
"starcore-workspace","starcore/starcore-workspace","starcore\starcore-workspace\core\starcore-platform\install_8F_observability_control_plane_MASTER.sh",".sh","!/data/data/com.termux/files/usr/bin/bash"
"starcore-workspace","starcore/starcore-workspace","starcore\starcore-workspace\core\starcore-platform\install_8G_marketplace_plugin_ecosystem_MASTER.sh",".sh","!/data/data/com.termux/files/usr/bin/bash"
"starcore-workspace","starcore/starcore-workspace","starcore\starcore-workspace\core\starcore-platform\install_8H_automation_workflow_fabric_MASTER.sh",".sh","!/data/data/com.termux/files/usr/bin/bash"
"starcore-workspace","starcore/starcore-workspace","starcore\starcore-workspace\core\starcore-platform\install_8I_ai_optimization_learning_MASTER.sh",".sh","!/data/data/com.termux/files/usr/bin/bash"
"starcore-workspace","starcore/starcore-workspace","starcore\starcore-workspace\core\starcore-platform\install_8J_final_autonomous_operating_layer_MASTER.sh",".sh","!/data/data/com.termux/files/usr/bin/bash"
"starcore-workspace","starcore/starcore-workspace","starcore\starcore-workspace\core\starcore-platform\install_CLAUDE_RUNTIME_REPAIR_v1.sh",".sh","!/data/data/com.termux/files/usr/bin/bash"
"starcore-workspace","starcore/starcore-workspace","starcore\starcore-workspace\core\starcore-platform\install_STARCORE_AI_CONTEXT_ENGINE_v1.sh",".sh","!/data/data/com.termux/files/usr/bin/bash"
"starcore-workspace","starcore/starcore-workspace","starcore\starcore-workspace\core\starcore-platform\install_STARCORE_AUTONOMOUS_ENGINEERING_v3_1_REPAIR.sh",".sh","!/data/data/com.termux/files/usr/bin/bash"
"starcore-workspace","starcore/starcore-workspace","starcore\starcore-workspace\core\starcore-platform\install_STARCORE_AUTONOMOUS_ENGINEERING_v3.sh",".sh","!/data/data/com.termux/files/usr/bin/bash"
"starcore-workspace","starcore/starcore-workspace","starcore\starcore-workspace\core\starcore-platform\install_STARCORE_CONTROL_NODE_v2.sh",".sh","!/data/data/com.termux/files/usr/bin/bash"
"starcore-workspace","starcore/starcore-workspace","starcore\starcore-workspace\core\starcore-platform\install_STARCORE_ENGINEERING_FINAL_v1.sh",".sh","!/data/data/com.termux/files/usr/bin/bash"
"starcore-workspace","starcore/starcore-workspace","starcore\starcore-workspace\core\starcore-platform\install_STARCORE_INTELLIGENCE_LAYER_v1.sh",".sh","!/data/data/com.termux/files/usr/bin/bash"
"starcore-workspace","starcore/starcore-workspace","starcore\starcore-workspace\core\starcore-platform\install_STARCORE_UNIVERSAL_ACCESS_LAYER_v1.sh",".sh","!/data/data/com.termux/files/usr/bin/bash"
"starcore-workspace","starcore/starcore-workspace","starcore\starcore-workspace\core\starcore-platform\install_TERMUX_AI_TOOLKIT.sh",".sh","!/data/data/com.termux/files/usr/bin/bash"
"starcore-workspace","starcore/starcore-workspace","starcore\starcore-workspace\core\starcore-platform\install_TERMUX_CONTROL_CENTER_v1.sh",".sh","!/data/data/com.termux/files/usr/bin/bash"
"starcore-workspace","starcore/starcore-workspace","starcore\starcore-workspace\core\starcore-platform\install_TERMUX_CONTROL_CENTER.sh",".sh","!/data/data/com.termux/files/usr/bin/bash"
"starcore-workspace","starcore/starcore-workspace","starcore\starcore-workspace\core\starcore-platform\install_TERMUX_DEEP_AUDIT.sh",".sh","!/data/data/com.termux/files/usr/bin/bash"
"starcore-workspace","starcore/starcore-workspace","starcore\starcore-workspace\core\starcore-platform\install_TERMUX_DEV_VALIDATOR.sh",".sh","!/data/data/com.termux/files/usr/bin/bash"
"starcore-workspace","starcore/starcore-workspace","starcore\starcore-workspace\core\starcore-platform\install_TERMUX_FINAL_VALIDATION.sh",".sh","!/data/data/com.termux/files/usr/bin/bash"
"starcore-workspace","starcore/starcore-workspace","starcore\starcore-workspace\core\starcore-platform\install_TERMUX_OPTIMIZER.sh",".sh","!/data/data/com.termux/files/usr/bin/bash"
"starcore-workspace","starcore/starcore-workspace","starcore\starcore-workspace\core\starcore-platform\install_TERMUX_PACKAGE_HEALTH.sh",".sh","!/data/data/com.termux/files/usr/bin/bash"
"starcore-workspace","starcore/starcore-workspace","starcore\starcore-workspace\core\starcore-platform\install_TERMUX_REMOTE_AI_BRIDGE_1.sh",".sh","!/data/data/com.termux/files/usr/bin/bash"
"starcore-workspace","starcore/starcore-workspace","starcore\starcore-workspace\core\starcore-platform\install_TERMUX_REMOTE_AI_BRIDGE_2.sh",".sh","!/data/data/com.termux/files/usr/bin/bash"
"starcore-workspace","starcore/starcore-workspace","starcore\starcore-workspace\core\starcore-platform\install_TERMUX_REMOTE_AI_BRIDGE_3.sh",".sh","!/data/data/com.termux/files/usr/bin/bash"
"starcore-workspace","starcore/starcore-workspace","starcore\starcore-workspace\core\starcore-platform\install_TERMUX_REMOTE_AI_BRIDGE_4.sh",".sh","!/data/data/com.termux/files/usr/bin/bash"
"starcore-workspace","starcore/starcore-workspace","starcore\starcore-workspace\core\starcore-platform\install_TERMUX_REMOTE_AI_BRIDGE_5.sh",".sh","!/data/data/com.termux/files/usr/bin/bash"
"starcore-workspace","starcore/starcore-workspace","starcore\starcore-workspace\core\starcore-platform\preflight_STARCORE_8_MIGRATION_AUDIT.sh",".sh","!/data/data/com.termux/files/usr/bin/bash"
"starcore-workspace","starcore/starcore-workspace","starcore\starcore-workspace\core\starcore-platform\repair_ENGINEERING_LAYER.sh",".sh","!/data/data/com.termux/files/usr/bin/bash"
"starcore-workspace","starcore/starcore-workspace","starcore\starcore-workspace\core\starcore-platform-backup\apps\cli\main.py",".py","Skript main.py"
"starcore-workspace","starcore/starcore-workspace","starcore\starcore-workspace\core\starcore-platform-backup\packages\blueprints\__init__.py",".py","Skript __init__.py"
"starcore-workspace","starcore/starcore-workspace","starcore\starcore-workspace\core\starcore-platform-backup\packages\blueprints\executor.py",".py","Skript executor.py"
"starcore-workspace","starcore/starcore-workspace","starcore\starcore-workspace\core\starcore-platform-backup\packages\blueprints\loader.py",".py","Skript loader.py"
"starcore-workspace","starcore/starcore-workspace","starcore\starcore-workspace\core\starcore-platform-backup\packages\blueprints\models.py",".py","Skript models.py"
"starcore-workspace","starcore/starcore-workspace","starcore\starcore-workspace\core\starcore-platform-backup\packages\blueprints\planner.py",".py","Skript planner.py"
"starcore-workspace","starcore/starcore-workspace","starcore\starcore-workspace\core\starcore-platform-backup\packages\core\__init__.py",".py","Skript __init__.py"
"starcore-workspace","starcore/starcore-workspace","starcore\starcore-workspace\core\starcore-platform-backup\packages\core\config.py",".py","Skript config.py"
"starcore-workspace","starcore/starcore-workspace","starcore\starcore-workspace\core\starcore-platform-backup\packages\core\events.py",".py","Skript events.py"
"starcore-workspace","starcore/starcore-workspace","starcore\starcore-workspace\core\starcore-platform-backup\packages\core\logger.py",".py","Skript logger.py"
"starcore-workspace","starcore/starcore-workspace","starcore\starcore-workspace\core\starcore-platform-backup\packages\core\main.py",".py","Skript main.py"
"starcore-workspace","starcore/starcore-workspace","starcore\starcore-workspace\core\starcore-platform-backup\packages\core\plugin_manager.py",".py","Skript plugin_manager.py"
"starcore-workspace","starcore/starcore-workspace","starcore\starcore-workspace\core\starcore-platform-backup\packages\core\provider_manager.py",".py","Skript provider_manager.py"
"starcore-workspace","starcore/starcore-workspace","starcore\starcore-workspace\core\starcore-platform-backup\packages\orchestrator\scheduler.py",".py","Skript scheduler.py"
"starcore-workspace","starcore/starcore-workspace","starcore\starcore-workspace\core\starcore-platform-backup\packages\orchestrator\task_graph.py",".py","Skript task_graph.py"
"starcore-workspace","starcore/starcore-workspace","starcore\starcore-workspace\core\starcore-platform-backup\packages\orchestrator\task.py",".py","Skript task.py"
"starcore-workspace","starcore/starcore-workspace","starcore\starcore-workspace\core\starcore-platform-backup\packages\provider_sdk\base.py",".py","Skript base.py"
"starcore-workspace","starcore/starcore-workspace","starcore\starcore-workspace\core\starcore-platform-backup\packages\provider_sdk\exceptions.py",".py","Skript exceptions.py"
"starcore-workspace","starcore/starcore-workspace","starcore\starcore-workspace\core\starcore-platform-backup\packages\provider_sdk\models.py",".py","Skript models.py"
"starcore-workspace","starcore/starcore-workspace","starcore\starcore-workspace\core\starcore-platform-backup\packages\provider_sdk\registry.py",".py","Skript registry.py"
"starcore-workspace","starcore/starcore-workspace","starcore\starcore-workspace\core\starcore-platform-backup\packages\providers\docker\provider.py",".py","Skript provider.py"
"starcore-workspace","starcore/starcore-workspace","starcore\starcore-workspace\core\starcore-platform-backup\packages\providers\proxmox\provider.py",".py","Skript provider.py"
"starcore-workspace","starcore/starcore-workspace","starcore\starcore-workspace\core\starcore-platform-backup\tests\test_health.py",".py","Skript test_health.py"
"starcore-workspace","starcore/starcore-workspace","starcore\starcore-workspace\infra\MD_installer\scripts\fix_structure.sh",".sh","!/usr/bin/env bash"
"starcore-workspace","starcore/starcore-workspace","starcore\starcore-workspace\infra\MD_installer\scripts\install.sh",".sh","!/usr/bin/env bash"
"starcore-workspace","starcore/starcore-workspace","starcore\starcore-workspace\infra\MD_installer\version_manager\plugins\official\system_monitor\system_monitor.sh",".sh","!/usr/bin/env bash"
"starcore-workspace","starcore/starcore-workspace","starcore\starcore-workspace\infra\MD_installer\version_manager\plugins\example.sh",".sh","!/usr/bin/env bash"
"starcore-workspace","starcore/starcore-workspace","starcore\starcore-workspace\infra\MD_installer\version_manager\plugins\plugin_api.sh",".sh","!/usr/bin/env bash"
"starcore-workspace","starcore/starcore-workspace","starcore\starcore-workspace\infra\MD_installer\version_manager\plugins\plugin_manager.sh",".sh","!/usr/bin/env bash"
"starcore-workspace","starcore/starcore-workspace","starcore\starcore-workspace\infra\MD_installer\version_manager\scripts\setup.sh",".sh","!/usr/bin/env bash"
"starcore-workspace","starcore/starcore-workspace","starcore\starcore-workspace\infra\MD_installer\version_manager\web_gui\public\app.js",".js","Skript app.js"
"starcore-workspace","starcore/starcore-workspace","starcore\starcore-workspace\infra\MD_installer\version_manager\web_gui\install_web_gui.sh",".sh","!/usr/bin/env bash"
"starcore-workspace","starcore/starcore-workspace","starcore\starcore-workspace\infra\MD_installer\version_manager\web_gui\integrate_web_gui.sh",".sh","!/usr/bin/env bash"
"starcore-workspace","starcore/starcore-workspace","starcore\starcore-workspace\infra\MD_installer\version_manager\web_gui\server.js",".js","Skript server.js"
"starcore-workspace","starcore/starcore-workspace","starcore\starcore-workspace\infra\MD_installer\version_manager\backup.sh",".sh","!/usr/bin/env bash"
"starcore-workspace","starcore/starcore-workspace","starcore\starcore-workspace\infra\MD_installer\version_manager\cleanup.sh",".sh","Skript cleanup.sh"
"starcore-workspace","starcore/starcore-workspace","starcore\starcore-workspace\infra\MD_installer\version_manager\diagnostics.sh",".sh","Skript diagnostics.sh"
"starcore-workspace","starcore/starcore-workspace","starcore\starcore-workspace\infra\MD_installer\version_manager\fzf_theme.sh",".sh","!/usr/bin/env bash"
"starcore-workspace","starcore/starcore-workspace","starcore\starcore-workspace\infra\MD_installer\version_manager\git_sync.sh",".sh","!/usr/bin/env bash"
"starcore-workspace","starcore/starcore-workspace","starcore\starcore-workspace\infra\MD_installer\version_manager\changelog.sh",".sh","!/usr/bin/env bash"
"starcore-workspace","starcore/starcore-workspace","starcore\starcore-workspace\infra\MD_installer\version_manager\install_fzf.sh",".sh","!/usr/bin/env bash"
"starcore-workspace","starcore/starcore-workspace","starcore\starcore-workspace\infra\MD_installer\version_manager\manager.sh",".sh","!/usr/bin/env bash"
"starcore-workspace","starcore/starcore-workspace","starcore\starcore-workspace\infra\MD_installer\version_manager\restore.sh",".sh","Skript restore.sh"
"starcore-workspace","starcore/starcore-workspace","starcore\starcore-workspace\infra\MD_installer\version_manager\switch.sh",".sh","!/usr/bin/env bash"
"starcore-workspace","starcore/starcore-workspace","starcore\starcore-workspace\infra\MD_installer\version_manager\system_backup.sh",".sh","Skript system_backup.sh"
"starcore-workspace","starcore/starcore-workspace","starcore\starcore-workspace\infra\MD_installer\version_manager\upgrade.sh",".sh","Skript upgrade.sh"
"starcore-workspace","starcore/starcore-workspace","starcore\starcore-workspace\infra\MD_installer\fix_structure.sh",".sh","!/usr/bin/env bash"
"starcore-workspace","starcore/starcore-workspace","starcore\starcore-workspace\infra\MD_installer\md_installer.sh",".sh","!/usr/bin/env bash"
"starcore-workspace","starcore/starcore-workspace","starcore\starcore-workspace\infra\MD_installer\md_super_installer_linux5.sh",".sh","!/usr/bin/env bash"
"starcore-workspace","starcore/starcore-workspace","starcore\starcore-workspace\infra\MD_installer\md_super_installer_termux5.sh",".sh","!/data/data/com.termux/files/usr/bin/bash"
"starcore-workspace","starcore/starcore-workspace","starcore\starcore-workspace\infra\MD_installer\md_super_installer_win5.ps1",".ps1","==============================================================="
"starcore-workspace","starcore/starcore-workspace","starcore\starcore-workspace\mobile\android_kit_-os\format_ssd.sh",".sh","Skript format_ssd.sh"
"starcore-workspace","starcore/starcore-workspace","starcore\starcore-workspace\mobile\android_kit_-os\setup_devlab.sh",".sh","Skript setup_devlab.sh"
"starcore-workspace","starcore/starcore-workspace","starcore\starcore-workspace\mobile\android_kit_-os\setup_stardroid.sh",".sh","Skript setup_stardroid.sh"
"starcore-workspace","starcore/starcore-workspace","starcore\starcore-workspace\raspberry\RPI_nymea\Finalni soubory\Aktualizace systému.sh",".sh","Aktualizace seznamu balíčků"
"starcore-workspace","starcore/starcore-workspace","starcore\starcore-workspace\raspberry\RPI_nymea\Finalni soubory\Diagnostika problémů.sh",".sh","Zobrazení logů nymea v reálném čase"
"starcore-workspace","starcore/starcore-workspace","starcore\starcore-workspace\raspberry\RPI_nymea\Finalni soubory\Hlavní instalační skript.sh",".sh","!/bin/bash"
"starcore-workspace","starcore/starcore-workspace","starcore\starcore-workspace\raspberry\RPI_nymea\Finalni soubory\Chytrá meteorologická stanice.py",".py","Projekt: Chytrá meteorologická stanice"
"starcore-workspace","starcore/starcore-workspace","starcore\starcore-workspace\raspberry\RPI_nymea\Finalni soubory\Implementace projektového managementu.py",".py","Třída pro řízení studentských projektů"
"starcore-workspace","starcore/starcore-workspace","starcore\starcore-workspace\raspberry\RPI_nymea\Finalni soubory\Instalace a konfigurace nymea pluginů.sh",".sh","Spuštění skriptu pro instalaci pluginů"
"starcore-workspace","starcore/starcore-workspace","starcore\starcore-workspace\raspberry\RPI_nymea\Finalni soubory\Instalace dalších pluginů.sh",".sh","Zobrazení dostupných pluginů"
"starcore-workspace","starcore/starcore-workspace","starcore\starcore-workspace\raspberry\RPI_nymea\Finalni soubory\Instalace monitorovacích nástrojů.sh",".sh","Instalace Netdata pro detailní monitoring"
"starcore-workspace","starcore/starcore-workspace","starcore\starcore-workspace\raspberry\RPI_nymea\Finalni soubory\Instalace systému.sh",".sh","Spuštění instalačního skriptu"
"starcore-workspace","starcore/starcore-workspace","starcore\starcore-workspace\raspberry\RPI_nymea\Finalni soubory\Integrace s Home Assistant.sh",".sh","Instalace Home Assistant pomocí Docker"
"starcore-workspace","starcore/starcore-workspace","starcore\starcore-workspace\raspberry\RPI_nymea\Finalni soubory\Kalibrace dotykového displeje.sh",".sh","Instalace kalibračních nástrojů"
"starcore-workspace","starcore/starcore-workspace","starcore\starcore-workspace\raspberry\RPI_nymea\Finalni soubory\Kompletní konfigurační skript.sh",".sh","!/bin/bash"
"starcore-workspace","starcore/starcore-workspace","starcore\starcore-workspace\raspberry\RPI_nymea\Finalni soubory\Konfigurace časového pásma a lokalizace.sh",".sh","Nastavení časového pásma pro ČR"
"starcore-workspace","starcore/starcore-workspace","starcore\starcore-workspace\raspberry\RPI_nymea\Finalni soubory\Konfigurace MQTT brokeru (pokud potřebujete).sh",".sh","Instalace Mosquitto MQTT brokeru"
"starcore-workspace","starcore/starcore-workspace","starcore\starcore-workspace\raspberry\RPI_nymea\Finalni soubory\Konfigurace sítě a připojení.sh",".sh","Spuštění síťového konfiguračního skriptu"
"starcore-workspace","starcore/starcore-workspace","starcore\starcore-workspace\raspberry\RPI_nymea\Finalni soubory\Konfigurace systému.sh",".sh","Úprava konfigurace"
"starcore-workspace","starcore/starcore-workspace","starcore\starcore-workspace\raspberry\RPI_nymea\Finalni soubory\Monitorování výkonu.sh",".sh","Instalace monitorovacích nástrojů"
"starcore-workspace","starcore/starcore-workspace","starcore\starcore-workspace\raspberry\RPI_nymea\Finalni soubory\Nastavení kiosk režimu.sh",".sh","Úprava konfigurace kiosk režimu"
"starcore-workspace","starcore/starcore-workspace","starcore\starcore-workspace\raspberry\RPI_nymea\Finalni soubory\Nastavení monitorovacích nástrojů.sh",".sh","Spuštění monitorovacího skriptu"
"starcore-workspace","starcore/starcore-workspace","starcore\starcore-workspace\raspberry\RPI_nymea\Finalni soubory\Nastavení notifikací.sh",".sh","Instalace notifikačních pluginů"
"starcore-workspace","starcore/starcore-workspace","starcore\starcore-workspace\raspberry\RPI_nymea\Finalni soubory\Nastavení otáčení obrazovky.sh",".sh","Úprava konfigurace pro otočení obrazovky"
"starcore-workspace","starcore/starcore-workspace","starcore\starcore-workspace\raspberry\RPI_nymea\Finalni soubory\Nastavení vlastních skriptů a automatizací.sh",".sh","Vytvoření adresáře pro vlastní skripty"
"starcore-workspace","starcore/starcore-workspace","starcore\starcore-workspace\raspberry\RPI_nymea\Finalni soubory\Nastavení vzdáleného přístupu.sh",".sh","Metoda 1: SSH tunel (bezpečné)"
"starcore-workspace","starcore/starcore-workspace","starcore\starcore-workspace\raspberry\RPI_nymea\Finalni soubory\Nastavení zálohování.sh",".sh","Vytvoření zálohovacího skriptu"
"starcore-workspace","starcore/starcore-workspace","starcore\starcore-workspace\raspberry\RPI_nymea\Finalni soubory\Nastavení zálohování2.sh",".sh","!/bin/bash"
"starcore-workspace","starcore/starcore-workspace","starcore\starcore-workspace\raspberry\RPI_nymea\Finalni soubory\Nastavení zálohování3.sh",".sh","Nastavení práv a spuštění"
"starcore-workspace","starcore/starcore-workspace","starcore\starcore-workspace\raspberry\RPI_nymea\Finalni soubory\Optimalizace souborového systému.sh",".sh","Přidání optimalizací do /etc/fstab"
"starcore-workspace","starcore/starcore-workspace","starcore\starcore-workspace\raspberry\RPI_nymea\Finalni soubory\Optimalizace SWAP a paměti.sh",".sh","Úprava SWAP nastavení"
"starcore-workspace","starcore/starcore-workspace","starcore\starcore-workspace\raspberry\RPI_nymea\Finalni soubory\Pravidelné aktualizace.sh",".sh","Nastavení automatických aktualizací"
"starcore-workspace","starcore/starcore-workspace","starcore\starcore-workspace\raspberry\RPI_nymea\Finalni soubory\Přidání studenta.sh",".sh","Skript Přidání studenta.sh"
"starcore-workspace","starcore/starcore-workspace","starcore\starcore-workspace\raspberry\RPI_nymea\Finalni soubory\Připojení k síti.sh",".sh","Zobrazení dostupných WiFi sítí"
"starcore-workspace","starcore/starcore-workspace","starcore\starcore-workspace\raspberry\RPI_nymea\Finalni soubory\Příprava Raspberry Pi 5.sh",".sh","Instalace základního OS"
"starcore-workspace","starcore/starcore-workspace","starcore\starcore-workspace\raspberry\RPI_nymea\Finalni soubory\Přiřazení projektu.sh",".sh","Skript Přiřazení projektu.sh"
"starcore-workspace","starcore/starcore-workspace","starcore\starcore-workspace\raspberry\RPI_nymea\Finalni soubory\rpi5-ultra-advanced-auto-setup.sh",".sh","!/bin/bash"
"starcore-workspace","starcore/starcore-workspace","starcore\starcore-workspace\raspberry\RPI_nymea\Finalni soubory\setup-network.sh",".sh","!/bin/bash"
"starcore-workspace","starcore/starcore-workspace","starcore\starcore-workspace\raspberry\RPI_nymea\Finalni soubory\Skript pro automatické diagnostiku a opravy.sh",".sh","Skript pro automatické diagnostiku a opravy"
"starcore-workspace","starcore/starcore-workspace","starcore\starcore-workspace\raspberry\RPI_nymea\Finalni soubory\Spuštění inicializačního skriptu.sh",".sh","Stažení a spuštění inicializačního skriptu"
"starcore-workspace","starcore/starcore-workspace","starcore\starcore-workspace\raspberry\RPI_nymea\Finalni soubory\Spuštění kontejnerů.sh",".sh","Build a spuštění Docker kontejnerů"
"starcore-workspace","starcore/starcore-workspace","starcore\starcore-workspace\raspberry\RPI_nymea\Finalni soubory\Stažení a příprava obrazu nymea-kiosk.sh",".sh","Stažení nejnovějšího obrazu nymea:kiosk"
"starcore-workspace","starcore/starcore-workspace","starcore\starcore-workspace\raspberry\RPI_nymea\Finalni soubory\Stažení vzdělávacího systému.sh",".sh","Naklonování repozitáře"
"starcore-workspace","starcore/starcore-workspace","starcore\starcore-workspace\raspberry\RPI_nymea\Finalni soubory\Systematické vyhodnocování studentských prací.py",".py","Třída pro hodnocení studentských projektů"
"starcore-workspace","starcore/starcore-workspace","starcore\starcore-workspace\raspberry\RPI_nymea\Finalni soubory\Testovací soubor.py",".py","!/usr/bin/env python3"
"starcore-workspace","starcore/starcore-workspace","starcore\starcore-workspace\raspberry\RPI_nymea\Finalni soubory\Testování funkcionality.sh",".sh","Testování Zigbee sítě"
"starcore-workspace","starcore/starcore-workspace","starcore\starcore-workspace\raspberry\RPI_nymea\Finalni soubory\Testování základních funkcí.sh",".sh","Kontrola stavu nymea služby"
"starcore-workspace","starcore/starcore-workspace","starcore\starcore-workspace\raspberry\RPI_nymea\Finalni soubory\Úprava vzhledu a chování kiosku.sh",".sh","Editace konfigurace kiosku"
"starcore-workspace","starcore/starcore-workspace","starcore\starcore-workspace\raspberry\RPI_nymea\Finalni soubory\Vlastní dashboardy a rozhraní.sh",".sh","Instalace Node-RED pro vlastní dashboardy"
"starcore-workspace","starcore/starcore-workspace","starcore\starcore-workspace\raspberry\RPI_nymea\Finalni soubory\Výchozí přihlašovací údaje.sh",".sh","Přihlaste se a změňte heslo pro uživatele nymea"
"starcore-workspace","starcore/starcore-workspace","starcore\starcore-workspace\raspberry\RPI_nymea\Finalni soubory\Vytvoření dokumentace a shrnutí.sh",".sh","Generování shrnutí nastavení"
"starcore-workspace","starcore/starcore-workspace","starcore\starcore-workspace\raspberry\RPI_nymea\Finalni soubory\Vytvoření komplexního údržbového skriptu.sh",".sh","Stažení údržbového skriptu"
"starcore-workspace","starcore/starcore-workspace","starcore\starcore-workspace\raspberry\RPI_nymea\Finalni soubory\Vytvoření nového projektu.sh",".sh","Skript Vytvoření nového projektu.sh"
"starcore-workspace","starcore/starcore-workspace","starcore\starcore-workspace\raspberry\RPI_nymea\Finalni soubory\Vzdálený přístup a zálohování.sh",".sh","Nastavení SSH klíčů pro bezpečnější přístup"
"starcore-workspace","starcore/starcore-workspace","starcore\starcore-workspace\raspberry\RPI_nymea\Finalni soubory\Zabezpeceni systemu.sh",".sh","Instalace základních bezpečnostních nástrojů"
"starcore-workspace","starcore/starcore-workspace","starcore\starcore-workspace\raspberry\RPI_nymea\Finalni soubory\Zakázání nepotřebných služeb2.sh",".sh","Seznam a zastavení nepotřebných služeb"
"starcore-workspace","starcore/starcore-workspace","starcore\starcore-workspace\raspberry\RPI_nymea\Finalni soubory\Zobrazení hodnocení.sh",".sh","Skript Zobrazení hodnocení.sh"
"starcore-workspace","starcore/starcore-workspace","starcore\starcore-workspace\raspberry\RPI_nymea\guide\Příprava Raspberry Pi 5.sh",".sh","Instalace základního OS"
"starcore-workspace","starcore/starcore-workspace","starcore\starcore-workspace\raspberry\RPI_nymea\guide\Spuštění inicializačního skriptu.sh",".sh","Stažení a spuštění inicializačního skriptu"
"starcore-workspace","starcore/starcore-workspace","starcore\starcore-workspace\raspberry\RPI_nymea\guide\Stažení a příprava obrazu nymea-kiosk.sh",".sh","Stažení nejnovějšího obrazu nymea:kiosk"
"starcore-workspace","starcore/starcore-workspace","starcore\starcore-workspace\raspberry\RPI_nymea\guide\Stažení_instalace_instalačního_skriptu.sh",".sh","Stažení instalačního skriptu"
"starcore-workspace","starcore/starcore-workspace","starcore\starcore-workspace\raspberry\RPI_nymea\guide\Výchozí přihlašovací údaje.sh",".sh","Přihlaste se a změňte heslo pro uživatele nymea"
"starcore-workspace","starcore/starcore-workspace","starcore\starcore-workspace\raspberry\RPI_nymea\instal skripty\Hlavní instalační skript.sh",".sh","!/bin/bash"
"starcore-workspace","starcore/starcore-workspace","starcore\starcore-workspace\raspberry\RPI_nymea\instal skripty\Instalace systému.sh",".sh","Spuštění instalačního skriptu"
"starcore-workspace","starcore/starcore-workspace","starcore\starcore-workspace\raspberry\RPI_nymea\instal skripty\Stažení vzdělávacího systému.sh",".sh","Naklonování repozitáře"
"starcore-workspace","starcore/starcore-workspace","starcore\starcore-workspace\raspberry\RPI_nymea\Kompletní konfigurační skript\Kompletní konfigurační skript.sh",".sh","!/bin/bash"
"starcore-workspace","starcore/starcore-workspace","starcore\starcore-workspace\raspberry\RPI_nymea\nastaveni\Aktualizace systému.sh",".sh","Aktualizace seznamu balíčků"
"starcore-workspace","starcore/starcore-workspace","starcore\starcore-workspace\raspberry\RPI_nymea\nastaveni\Diagnostika problémů.sh",".sh","Zobrazení logů nymea v reálném čase"
"starcore-workspace","starcore/starcore-workspace","starcore\starcore-workspace\raspberry\RPI_nymea\nastaveni\Instalace monitorovacích nástrojů.sh",".sh","Instalace Netdata pro detailní monitoring"
"starcore-workspace","starcore/starcore-workspace","starcore\starcore-workspace\raspberry\RPI_nymea\nastaveni\Kalibrace dotykového displeje.sh",".sh","Instalace kalibračních nástrojů"
"starcore-workspace","starcore/starcore-workspace","starcore\starcore-workspace\raspberry\RPI_nymea\nastaveni\Konfigurace časového pásma a lokalizace.sh",".sh","Nastavení časového pásma pro ČR"
"starcore-workspace","starcore/starcore-workspace","starcore\starcore-workspace\raspberry\RPI_nymea\nastaveni\Konfigurace sítě a připojení.sh",".sh","Spuštění síťového konfiguračního skriptu"
"starcore-workspace","starcore/starcore-workspace","starcore\starcore-workspace\raspberry\RPI_nymea\nastaveni\Konfigurace systému.sh",".sh","Úprava konfigurace"
"starcore-workspace","starcore/starcore-workspace","starcore\starcore-workspace\raspberry\RPI_nymea\nastaveni\Monitorování výkonu.sh",".sh","Instalace monitorovacích nástrojů"
"starcore-workspace","starcore/starcore-workspace","starcore\starcore-workspace\raspberry\RPI_nymea\nastaveni\Nastavení kiosk režimu.sh",".sh","Úprava konfigurace kiosk režimu"
"starcore-workspace","starcore/starcore-workspace","starcore\starcore-workspace\raspberry\RPI_nymea\nastaveni\Nastavení monitorovacích nástrojů.sh",".sh","Spuštění monitorovacího skriptu"
"starcore-workspace","starcore/starcore-workspace","starcore\starcore-workspace\raspberry\RPI_nymea\nastaveni\Nastavení notifikací.sh",".sh","Instalace notifikačních pluginů"
"starcore-workspace","starcore/starcore-workspace","starcore\starcore-workspace\raspberry\RPI_nymea\nastaveni\Nastavení otáčení obrazovky.sh",".sh","Úprava konfigurace pro otočení obrazovky"
"starcore-workspace","starcore/starcore-workspace","starcore\starcore-workspace\raspberry\RPI_nymea\nastaveni\Nastavení vzdáleného přístupu.sh",".sh","Metoda 1: SSH tunel (bezpečné)"
"starcore-workspace","starcore/starcore-workspace","starcore\starcore-workspace\raspberry\RPI_nymea\nastaveni\Nastavení zálohování.sh",".sh","Vytvoření zálohovacího skriptu"
"starcore-workspace","starcore/starcore-workspace","starcore\starcore-workspace\raspberry\RPI_nymea\nastaveni\Nastavení zálohování2.sh",".sh","!/bin/bash"
"starcore-workspace","starcore/starcore-workspace","starcore\starcore-workspace\raspberry\RPI_nymea\nastaveni\Nastavení zálohování3.sh",".sh","Nastavení práv a spuštění"
"starcore-workspace","starcore/starcore-workspace","starcore\starcore-workspace\raspberry\RPI_nymea\nastaveni\Optimalizace souborového systému.sh",".sh","Přidání optimalizací do /etc/fstab"
"starcore-workspace","starcore/starcore-workspace","starcore\starcore-workspace\raspberry\RPI_nymea\nastaveni\Připojení k síti.sh",".sh","Zobrazení dostupných WiFi sítí"
"starcore-workspace","starcore/starcore-workspace","starcore\starcore-workspace\raspberry\RPI_nymea\nastaveni\setup-network.sh",".sh","!/bin/bash"
"starcore-workspace","starcore/starcore-workspace","starcore\starcore-workspace\raspberry\RPI_nymea\nastaveni\Skript pro automatické diagnostiku a opravy.sh",".sh","Skript pro automatické diagnostiku a opravy"
"starcore-workspace","starcore/starcore-workspace","starcore\starcore-workspace\raspberry\RPI_nymea\nastaveni\Spuštění kontejnerů.sh",".sh","Build a spuštění Docker kontejnerů"
"starcore-workspace","starcore/starcore-workspace","starcore\starcore-workspace\raspberry\RPI_nymea\nastaveni\Statická IP adresa.sh",".sh","Editace síťového nastavení"
"starcore-workspace","starcore/starcore-workspace","starcore\starcore-workspace\raspberry\RPI_nymea\nastaveni\Testování funkcionality.sh",".sh","Testování Zigbee sítě"
"starcore-workspace","starcore/starcore-workspace","starcore\starcore-workspace\raspberry\RPI_nymea\nastaveni\Testování základních funkcí.sh",".sh","Kontrola stavu nymea služby"
"starcore-workspace","starcore/starcore-workspace","starcore\starcore-workspace\raspberry\RPI_nymea\nastaveni\Vzdálený přístup a zálohování.sh",".sh","Nastavení SSH klíčů pro bezpečnější přístup"
"starcore-workspace","starcore/starcore-workspace","starcore\starcore-workspace\raspberry\RPI_nymea\nastaveni\Zabezpeceni systemu.sh",".sh","Instalace základních bezpečnostních nástrojů"
"starcore-workspace","starcore/starcore-workspace","starcore\starcore-workspace\raspberry\RPI_nymea\nastaveni\Zakázání nepotřebných služeb2.sh",".sh","Seznam a zastavení nepotřebných služeb"
"starcore-workspace","starcore/starcore-workspace","starcore\starcore-workspace\raspberry\RPI_nymea\puvodni instalacni soubory\rpi5-advanced-auto-setup.sh",".sh","!/bin/bash"
"starcore-workspace","starcore/starcore-workspace","starcore\starcore-workspace\raspberry\RPI_nymea\puvodni instalacni soubory\rpi5-advanced-setup.sh",".sh","!/bin/bash"
"starcore-workspace","starcore/starcore-workspace","starcore\starcore-workspace\raspberry\RPI_nymea\puvodni instalacni soubory\rpi5-setup_v2.sh",".sh","!/bin/bash"
"starcore-workspace","starcore/starcore-workspace","starcore\starcore-workspace\raspberry\RPI_nymea\puvodni instalacni soubory\rpi5-setup.sh",".sh","!/bin/bash"
"starcore-workspace","starcore/starcore-workspace","starcore\starcore-workspace\raspberry\RPI_nymea\puvodni instalacni soubory\rpi5-ultra-advanced-auto-setup.sh",".sh","!/bin/bash"
"starcore-workspace","starcore/starcore-workspace","starcore\starcore-workspace\raspberry\RPI_nymea\sprava\Instalace a konfigurace nymea pluginů.sh",".sh","Spuštění skriptu pro instalaci pluginů"
"starcore-workspace","starcore/starcore-workspace","starcore\starcore-workspace\raspberry\RPI_nymea\sprava\Instalace dalších pluginů.sh",".sh","Zobrazení dostupných pluginů"
"starcore-workspace","starcore/starcore-workspace","starcore\starcore-workspace\raspberry\RPI_nymea\sprava\Integrace s Home Assistant.sh",".sh","Instalace Home Assistant pomocí Docker"
"starcore-workspace","starcore/starcore-workspace","starcore\starcore-workspace\raspberry\RPI_nymea\sprava\Konfigurace MQTT brokeru (pokud potřebujete).sh",".sh","Instalace Mosquitto MQTT brokeru"
"starcore-workspace","starcore/starcore-workspace","starcore\starcore-workspace\raspberry\RPI_nymea\sprava\Nastavení vlastních skriptů a automatizací.sh",".sh","Vytvoření adresáře pro vlastní skripty"
"starcore-workspace","starcore/starcore-workspace","starcore\starcore-workspace\raspberry\RPI_nymea\sprava\Nastavení vzdáleného přístupu a zálohování.sh",".sh","Spuštění skriptu pro vzdálený přístup"
"starcore-workspace","starcore/starcore-workspace","starcore\starcore-workspace\raspberry\RPI_nymea\sprava\Optimalizace SWAP a paměti.sh",".sh","Úprava SWAP nastavení"
"starcore-workspace","starcore/starcore-workspace","starcore\starcore-workspace\raspberry\RPI_nymea\sprava\Optimalizace výkonu pro Raspberry Pi.sh",".sh","Spuštění optimalizačního skriptu"
"starcore-workspace","starcore/starcore-workspace","starcore\starcore-workspace\raspberry\RPI_nymea\sprava\Pravidelné aktualizace.sh",".sh","Nastavení automatických aktualizací"
"starcore-workspace","starcore/starcore-workspace","starcore\starcore-workspace\raspberry\RPI_nymea\sprava\Přidání studenta.sh",".sh","Skript Přidání studenta.sh"
"starcore-workspace","starcore/starcore-workspace","starcore\starcore-workspace\raspberry\RPI_nymea\sprava\Přiřazení projektu.sh",".sh","Skript Přiřazení projektu.sh"
"starcore-workspace","starcore/starcore-workspace","starcore\starcore-workspace\raspberry\RPI_nymea\sprava\Úprava vzhledu a chování kiosku.sh",".sh","Editace konfigurace kiosku"
"starcore-workspace","starcore/starcore-workspace","starcore\starcore-workspace\raspberry\RPI_nymea\sprava\Vlastní dashboardy a rozhraní.sh",".sh","Instalace Node-RED pro vlastní dashboardy"
"starcore-workspace","starcore/starcore-workspace","starcore\starcore-workspace\raspberry\RPI_nymea\sprava\Vytvoření dokumentace a shrnutí.sh",".sh","Generování shrnutí nastavení"
"starcore-workspace","starcore/starcore-workspace","starcore\starcore-workspace\raspberry\RPI_nymea\sprava\Vytvoření komplexního údržbového skriptu.sh",".sh","Stažení údržbového skriptu"
"starcore-workspace","starcore/starcore-workspace","starcore\starcore-workspace\raspberry\RPI_nymea\sprava\Vytvoření nového projektu.sh",".sh","Skript Vytvoření nového projektu.sh"
"starcore-workspace","starcore/starcore-workspace","starcore\starcore-workspace\raspberry\RPI_nymea\sprava\Zakázání nepotřebných služeb.sh",".sh","Kontrola aktivních služeb"
"starcore-workspace","starcore/starcore-workspace","starcore\starcore-workspace\raspberry\RPI_nymea\sprava\Základní zabezpečení systému.sh",".sh","Spuštění bezpečnostního skriptu"
"starcore-workspace","starcore/starcore-workspace","starcore\starcore-workspace\raspberry\RPI_nymea\sprava\Zobrazení hodnocení.sh",".sh","Skript Zobrazení hodnocení.sh"
"starcore-workspace","starcore/starcore-workspace","starcore\starcore-workspace\raspberry\RPI_nymea\example.py",".py","Ukázka vytvoření projektové šablony v Pythonu"
"starcore-workspace","starcore/starcore-workspace","starcore\starcore-workspace\raspberry\RPI_nymea\Chytrá meteorologická stanice.py",".py","Projekt: Chytrá meteorologická stanice"
"starcore-workspace","starcore/starcore-workspace","starcore\starcore-workspace\raspberry\RPI_nymea\Implementace projektového managementu.py",".py","Třída pro řízení studentských projektů"
"starcore-workspace","starcore/starcore-workspace","starcore\starcore-workspace\raspberry\RPI_nymea\Systematické vyhodnocování studentských prací.py",".py","Třída pro hodnocení studentských projektů"
"starcore-workspace","starcore/starcore-workspace","starcore\starcore-workspace\raspberry\RPI_nymea\Testovací soubor.py",".py","!/usr/bin/env python3"
"starcore-workspace","starcore/starcore-workspace","starcore\starcore-workspace\raspberry\rpi5-homeassistant-suite\DIAGNOSTICS\deepseek_python_20251108_74e969.py",".py","!/usr/bin/env python3"
"starcore-workspace","starcore/starcore-workspace","starcore\starcore-workspace\raspberry\rpi5-homeassistant-suite\DIAGNOSTICS\device_structure_scan.py",".py","!/usr/bin/env python3"
"starcore-workspace","starcore/starcore-workspace","starcore\starcore-workspace\raspberry\rpi5-homeassistant-suite\DIAGNOSTICS\health_dashboard.sh",".sh","!/bin/bash"
"starcore-workspace","starcore/starcore-workspace","starcore\starcore-workspace\raspberry\rpi5-homeassistant-suite\DIAGNOSTICS\quick_entities.sh",".sh","!/bin/bash"
"starcore-workspace","starcore/starcore-workspace","starcore\starcore-workspace\raspberry\rpi5-homeassistant-suite\DIAGNOSTICS\quick_scan.sh",".sh","!/bin/bash"
"starcore-workspace","starcore/starcore-workspace","starcore\starcore-workspace\raspberry\rpi5-homeassistant-suite\DIAGNOSTICS\repair_homeassistant.py",".py","!/usr/bin/env python3"
"starcore-workspace","starcore/starcore-workspace","starcore\starcore-workspace\raspberry\rpi5-homeassistant-suite\DIAGNOSTICS\storage_analyzer.py",".py","!/usr/bin/env python3"
"starcore-workspace","starcore/starcore-workspace","starcore\starcore-workspace\raspberry\rpi5-homeassistant-suite\DIAGNOSTICS\storage_optimizer.py",".py","!/usr/bin/env python3"
"starcore-workspace","starcore/starcore-workspace","starcore\starcore-workspace\raspberry\rpi5-homeassistant-suite\HARDWARE\mhs35_setup.sh",".sh","!/bin/bash"
"starcore-workspace","starcore/starcore-workspace","starcore\starcore-workspace\raspberry\rpi5-homeassistant-suite\HARDWARE\one_step_fullsuite_starkos_mhs35_interactive.sh",".sh","!/bin/bash"
"starcore-workspace","starcore/starcore-workspace","starcore\starcore-workspace\raspberry\rpi5-homeassistant-suite\INSTALLATION\auto_install.sh",".sh","!/bin/bash"
"starcore-workspace","starcore/starcore-workspace","starcore\starcore-workspace\raspberry\rpi5-homeassistant-suite\INSTALLATION\create_ha_full_suite.sh",".sh","!/usr/bin/env bash"
"starcore-workspace","starcore/starcore-workspace","starcore\starcore-workspace\raspberry\rpi5-homeassistant-suite\INSTALLATION\install_ha_complete.sh",".sh","!/bin/bash"
"starcore-workspace","starcore/starcore-workspace","starcore\starcore-workspace\raspberry\rpi5-homeassistant-suite\INSTALLATION\install_ha_docker_complete.sh",".sh","!/bin/bash"
"starcore-workspace","starcore/starcore-workspace","starcore\starcore-workspace\raspberry\rpi5-homeassistant-suite\INSTALLATION\one_step_ha_full_suite.sh",".sh","!/usr/bin/env bash"
"starcore-workspace","starcore/starcore-workspace","starcore\starcore-workspace\raspberry\rpi5-homeassistant-suite\INSTALLATION\quick_fix_docker_compose.sh",".sh","!/bin/bash"
"starcore-workspace","starcore/starcore-workspace","starcore\starcore-workspace\raspberry\rpi5-homeassistant-suite\POST_INSTALL\install_addons.sh",".sh","!/bin/bash"
"starcore-workspace","starcore/starcore-workspace","starcore\starcore-workspace\raspberry\rpi5-homeassistant-suite\POST_INSTALL\post_install_addons.sh",".sh","!/bin/bash"
"starcore-workspace","starcore/starcore-workspace","starcore\starcore-workspace\raspberry\rpi5-homeassistant-suite\POST_INSTALL\post_install_setup_menu.sh",".sh","!/bin/bash"
"starcore-workspace","starcore/starcore-workspace","starcore\starcore-workspace\raspberry\rpi5-homeassistant-suite\POST_INSTALL\setup_file_explorer.sh",".sh","!/bin/bash"
"starcore-workspace","starcore/starcore-workspace","starcore\starcore-workspace\raspberry\rpi5-homeassistant-suite\POST_INSTALL\setup_gaming_services.sh",".sh","!/bin/bash"
"starcore-workspace","starcore/starcore-workspace","starcore\starcore-workspace\raspberry\rpi5-homeassistant-suite\POST_INSTALL\setup_maintenance.sh",".sh","!/bin/bash"
"starcore-workspace","starcore/starcore-workspace","starcore\starcore-workspace\raspberry\rpi5-homeassistant-suite\POST_INSTALL\setup_monitoring.sh",".sh","!/bin/bash"
"starcore-workspace","starcore/starcore-workspace","starcore\starcore-workspace\raspberry\rpi5-homeassistant-suite\POST_INSTALL\setup_nas.sh",".sh","!/bin/bash"
"starcore-workspace","starcore/starcore-workspace","starcore\starcore-workspace\raspberry\rpi5-homeassistant-suite\POST_INSTALL\setup_storage_auto_mount.sh",".sh","!/bin/bash"
"starcore-workspace","starcore/starcore-workspace","starcore\starcore-workspace\raspberry\rpi5-homeassistant-suite\POST_INSTALL\setup_storage.sh",".sh","!/usr/bin/env bash"
"starcore-workspace","starcore/starcore-workspace","starcore\starcore-workspace\raspberry\rpi5-homeassistant-suite\POST_INSTALL\setup_supervised_env.sh",".sh","!/usr/bin/env bash"
"starcore-workspace","starcore/starcore-workspace","starcore\starcore-workspace\raspberry\rpi5-homeassistant-suite\POST_INSTALL\setup_vmspace.sh",".sh","!/usr/bin/env bash"
"starcore-workspace","starcore/starcore-workspace","starcore\starcore-workspace\raspberry\rpi5-homeassistant-suite\scripts\autocommit.sh",".sh","!/bin/bash"
"starcore-workspace","starcore/starcore-workspace","starcore\starcore-workspace\raspberry\rpi5-homeassistant-suite\scripts\backup_config.sh",".sh","!/bin/bash"
"starcore-workspace","starcore/starcore-workspace","starcore\starcore-workspace\raspberry\rpi5-homeassistant-suite\scripts\cleanup_previous.sh",".sh","!/bin/bash"
"starcore-workspace","starcore/starcore-workspace","starcore\starcore-workspace\raspberry\rpi5-homeassistant-suite\scripts\deploy_to_github.sh",".sh","!/bin/bash"
"starcore-workspace","starcore/starcore-workspace","starcore\starcore-workspace\raspberry\rpi5-homeassistant-suite\scripts\detect_os.sh",".sh","!/bin/bash"
"starcore-workspace","starcore/starcore-workspace","starcore\starcore-workspace\raspberry\rpi5-homeassistant-suite\scripts\fix_configuration_yaml.sh",".sh","!/bin/bash"
"starcore-workspace","starcore/starcore-workspace","starcore\starcore-workspace\raspberry\rpi5-homeassistant-suite\scripts\fix_docker_dns_and_compose.sh",".sh","!/bin/bash"
"starcore-workspace","starcore/starcore-workspace","starcore\starcore-workspace\raspberry\rpi5-homeassistant-suite\scripts\check_configs.sh",".sh","!/bin/bash"
"starcore-workspace","starcore/starcore-workspace","starcore\starcore-workspace\raspberry\rpi5-homeassistant-suite\scripts\install_hacs_repos.sh",".sh","!/bin/bash"
"starcore-workspace","starcore/starcore-workspace","starcore\starcore-workspace\raspberry\rpi5-homeassistant-suite\scripts\merge_configs.sh",".sh","!/bin/bash"
"starcore-workspace","starcore/starcore-workspace","starcore\starcore-workspace\raspberry\rpi5-homeassistant-suite\scripts\migrate_to_nvme.sh",".sh","!/bin/bash"
"starcore-workspace","starcore/starcore-workspace","starcore\starcore-workspace\raspberry\rpi5-homeassistant-suite\scripts\mount_storage.sh",".sh","!/bin/bash"
"starcore-workspace","starcore/starcore-workspace","starcore\starcore-workspace\raspberry\rpi5-homeassistant-suite\scripts\setup_cron_backup.sh",".sh","!/bin/bash"
"starcore-workspace","starcore/starcore-workspace","starcore\starcore-workspace\raspberry\rpi5-homeassistant-suite\scripts\storage_analyzer.sh",".sh","!/bin/bash"
"starcore-workspace","starcore/starcore-workspace","starcore\starcore-workspace\raspberry\rpi5-homeassistant-suite\scripts\storage_setup_wizard.sh",".sh","!/bin/bash"
"starcore-workspace","starcore/starcore-workspace","starcore\starcore-workspace\raspberry\rpi5-homeassistant-suite\scripts\sync_config.sh",".sh","!/bin/bash"
"starcore-workspace","starcore/starcore-workspace","starcore\starcore-workspace\raspberry\rpi5-homeassistant-suite\scripts\system_check.sh",".sh","!/bin/bash"
"starcore-workspace","starcore/starcore-workspace","starcore\starcore-workspace\raspberry\rpi5-homeassistant-suite\scripts\validate_ha_config.py",".py","!/usr/bin/env python3"
"starcore-workspace","starcore/starcore-workspace","starcore\starcore-workspace\raspberry\rpi5-homeassistant-suite\scripts\validate_yaml.sh",".sh","!/bin/bash"
"starcore-workspace","starcore/starcore-workspace","starcore\starcore-workspace\raspberry\rpi5-homeassistant-suite\scripts\verify_installation.sh",".sh","!/bin/bash"
"starcore-workspace","starcore/starcore-workspace","starcore\starcore-workspace\raspberry\rpi5-homeassistant-suite\STORAGE\auto_mount_setup.sh",".sh","!/bin/bash"
"starcore-workspace","starcore/starcore-workspace","starcore\starcore-workspace\raspberry\rpi5-homeassistant-suite\tests\test_scripts.sh",".sh","!/bin/bash"
"starcore-workspace","starcore/starcore-workspace","starcore\starcore-workspace\raspberry\rpi5-homeassistant-suite\install.sh",".sh","!/bin/bash"
"starcore-workspace","starcore/starcore-workspace","starcore\starcore-workspace\raspberry\rpi5-homeassistant-suite\setup_master.sh",".sh","!/bin/bash"
"starcore-workspace","starcore/starcore-workspace","starcore\starcore-workspace\tools\modules\project_analyzer.ps1",".ps1","modules/project_analyzer.ps1"
"starcore-workspace","starcore/starcore-workspace","starcore\starcore-workspace\tools\modules\project_audit.ps1",".ps1","modules/project_audit.ps1"
"starcore-workspace","starcore/starcore-workspace","starcore\starcore-workspace\tools\modules\project_classifier.ps1",".ps1","modules/project_classifier.ps1"
"starcore-workspace","starcore/starcore-workspace","starcore\starcore-workspace\tools\Powershell\install_powershell_pro_max.ps1",".ps1","============================================================"
"starcore-workspace","starcore/starcore-workspace","starcore\starcore-workspace\tools\Powershell\install_pro_max_extreme.ps1",".ps1","============================================================"
"starcore-workspace","starcore/starcore-workspace","starcore\starcore-workspace\tools\Powershell\install-PS7-context.bat",".bat","Skript install-PS7-context.bat"
"starcore-workspace","starcore/starcore-workspace","starcore\starcore-workspace\tools\Powershell\PSLauncher.ps1",".ps1","======================================================"
"starcore-workspace","starcore/starcore-workspace","starcore\starcore-workspace\tools\Powershell\starko_dashboard_server.ps1",".ps1","starko_dashboard_server.ps1"
"starko-rpi5-ai-workspace","rpi5/starko-rpi5-ai-workspace","rpi5\starko-rpi5-ai-workspace\ai_engine\local_ai.py",".py","!/usr/bin/env python3"
"starko-rpi5-ai-workspace","rpi5/starko-rpi5-ai-workspace","rpi5\starko-rpi5-ai-workspace\ai_engine\memory_system.py",".py","!/usr/bin/env python3"
"starko-rpi5-ai-workspace","rpi5/starko-rpi5-ai-workspace","rpi5\starko-rpi5-ai-workspace\backup_20251121_093827\ai_engine\local_ai.py",".py","!/usr/bin/env python3"
"starko-rpi5-ai-workspace","rpi5/starko-rpi5-ai-workspace","rpi5\starko-rpi5-ai-workspace\backup_20251121_093827\ai_engine\memory_system.py",".py","!/usr/bin/env python3"
"starko-rpi5-ai-workspace","rpi5/starko-rpi5-ai-workspace","rpi5\starko-rpi5-ai-workspace\backup_20251121_093827\projects\project_manager.py",".py","!/usr/bin/env python3"
"starko-rpi5-ai-workspace","rpi5/starko-rpi5-ai-workspace","rpi5\starko-rpi5-ai-workspace\backup_20251121_093827\web_gui\app.py",".py","!/usr/bin/env python3"
"starko-rpi5-ai-workspace","rpi5/starko-rpi5-ai-workspace","rpi5\starko-rpi5-ai-workspace\backup_20251121_162024\ai_engine\local_ai.py",".py","!/usr/bin/env python3"
"starko-rpi5-ai-workspace","rpi5/starko-rpi5-ai-workspace","rpi5\starko-rpi5-ai-workspace\backup_20251121_162024\ai_engine\memory_system.py",".py","!/usr/bin/env python3"
"starko-rpi5-ai-workspace","rpi5/starko-rpi5-ai-workspace","rpi5\starko-rpi5-ai-workspace\backup_20251121_162024\projects\project_manager.py",".py","!/usr/bin/env python3"
"starko-rpi5-ai-workspace","rpi5/starko-rpi5-ai-workspace","rpi5\starko-rpi5-ai-workspace\backup_20251121_162024\scripts\network_monitor.sh",".sh","!/bin/bash"
"starko-rpi5-ai-workspace","rpi5/starko-rpi5-ai-workspace","rpi5\starko-rpi5-ai-workspace\backup_20251121_162024\scripts\pentest_scanner.py",".py","!/usr/bin/env python3"
"starko-rpi5-ai-workspace","rpi5/starko-rpi5-ai-workspace","rpi5\starko-rpi5-ai-workspace\backup_20251121_162024\scripts\profile_manager.py",".py","!/usr/bin/env python3"
"starko-rpi5-ai-workspace","rpi5/starko-rpi5-ai-workspace","rpi5\starko-rpi5-ai-workspace\backup_20251121_162024\scripts\quick_scan.sh",".sh","!/bin/bash"
"starko-rpi5-ai-workspace","rpi5/starko-rpi5-ai-workspace","rpi5\starko-rpi5-ai-workspace\backup_20251121_162024\scripts\test_pentest.py",".py","!/usr/bin/env python3"
"starko-rpi5-ai-workspace","rpi5/starko-rpi5-ai-workspace","rpi5\starko-rpi5-ai-workspace\backup_20251121_162024\web_gui\app.py",".py","!/usr/bin/env python"
"starko-rpi5-ai-workspace","rpi5/starko-rpi5-ai-workspace","rpi5\starko-rpi5-ai-workspace\date-time-picker\src\lib\utils.ts",".ts","Skript utils.ts"
"starko-rpi5-ai-workspace","rpi5/starko-rpi5-ai-workspace","rpi5\starko-rpi5-ai-workspace\date-time-picker\eslint.config.js",".js","Skript eslint.config.js"
"starko-rpi5-ai-workspace","rpi5/starko-rpi5-ai-workspace","rpi5\starko-rpi5-ai-workspace\date-time-picker\vite.config.ts",".ts","https://vite.dev/config/"
"starko-rpi5-ai-workspace","rpi5/starko-rpi5-ai-workspace","rpi5\starko-rpi5-ai-workspace\installers\linux\install_starko_linux.sh",".sh","!/bin/bash"
"starko-rpi5-ai-workspace","rpi5/starko-rpi5-ai-workspace","rpi5\starko-rpi5-ai-workspace\installers\linux\install_starko_pentest.sh",".sh","!/bin/bash"
"starko-rpi5-ai-workspace","rpi5/starko-rpi5-ai-workspace","rpi5\starko-rpi5-ai-workspace\installers\linux\update_starko_4.0.sh",".sh","!/bin/bash"
"starko-rpi5-ai-workspace","rpi5/starko-rpi5-ai-workspace","rpi5\starko-rpi5-ai-workspace\installers\windows\install_starko_pentest.ps1",".ps1","Skript install_starko_pentest.ps1"
"starko-rpi5-ai-workspace","rpi5/starko-rpi5-ai-workspace","rpi5\starko-rpi5-ai-workspace\installers\windows\install_starko_windows.ps1",".ps1","Proměnné"
"starko-rpi5-ai-workspace","rpi5/starko-rpi5-ai-workspace","rpi5\starko-rpi5-ai-workspace\projects\project_manager.py",".py","!/usr/bin/env python3"
"starko-rpi5-ai-workspace","rpi5/starko-rpi5-ai-workspace","rpi5\starko-rpi5-ai-workspace\scripts\automation\backup.py",".py","!/usr/bin/env python3"
"starko-rpi5-ai-workspace","rpi5/starko-rpi5-ai-workspace","rpi5\starko-rpi5-ai-workspace\scripts\security\scan.py",".py","!/usr/bin/env python3"
"starko-rpi5-ai-workspace","rpi5/starko-rpi5-ai-workspace","rpi5\starko-rpi5-ai-workspace\scripts\system\cleanup.py",".py","!/usr/bin/env python3"
"starko-rpi5-ai-workspace","rpi5/starko-rpi5-ai-workspace","rpi5\starko-rpi5-ai-workspace\scripts\network_monitor.sh",".sh","!/bin/bash"
"starko-rpi5-ai-workspace","rpi5/starko-rpi5-ai-workspace","rpi5\starko-rpi5-ai-workspace\scripts\pentest_scanner.py",".py","!/usr/bin/env python3"
"starko-rpi5-ai-workspace","rpi5/starko-rpi5-ai-workspace","rpi5\starko-rpi5-ai-workspace\scripts\profile_manager.py",".py","!/usr/bin/env python3"
"starko-rpi5-ai-workspace","rpi5/starko-rpi5-ai-workspace","rpi5\starko-rpi5-ai-workspace\scripts\quick_scan.sh",".sh","!/bin/bash"
"starko-rpi5-ai-workspace","rpi5/starko-rpi5-ai-workspace","rpi5\starko-rpi5-ai-workspace\scripts\test_pentest.py",".py","!/usr/bin/env python3"
"starko-rpi5-ai-workspace","rpi5/starko-rpi5-ai-workspace","rpi5\starko-rpi5-ai-workspace\STARKO_WORKSPACE\install_starko_pentest.ps1",".ps1","Skript install_starko_pentest.ps1"
"starko-rpi5-ai-workspace","rpi5/starko-rpi5-ai-workspace","rpi5\starko-rpi5-ai-workspace\STARKO_WORKSPACE\install_starko_pentest.sh",".sh","!/bin/bash"
"starko-rpi5-ai-workspace","rpi5/starko-rpi5-ai-workspace","rpi5\starko-rpi5-ai-workspace\STARKO_WORKSPACE\starko_generator_workspace.sh",".sh","!/bin/bash"
"starko-rpi5-ai-workspace","rpi5/starko-rpi5-ai-workspace","rpi5\starko-rpi5-ai-workspace\STARKO_WORKSPACE\update_starko_4.0.sh",".sh","!/bin/bash"
"starko-rpi5-ai-workspace","rpi5/starko-rpi5-ai-workspace","rpi5\starko-rpi5-ai-workspace\tests\test_system.py",".py","test_system.py"
"starko-rpi5-ai-workspace","rpi5/starko-rpi5-ai-workspace","rpi5\starko-rpi5-ai-workspace\web_gui\production_server.py",".py","web_gui/production_server.py"
"starko-rpi5-ai-workspace","rpi5/starko-rpi5-ai-workspace","rpi5\starko-rpi5-ai-workspace\install_starko_pentest.sh",".sh","!/bin/bash"
"starko-rpi5-ai-workspace","rpi5/starko-rpi5-ai-workspace","rpi5\starko-rpi5-ai-workspace\install_starko_workspace.sh",".sh","!/bin/bash"
"starko-rpi5-ai-workspace","rpi5/starko-rpi5-ai-workspace","rpi5\starko-rpi5-ai-workspace\install_workspace.py",".py","!/usr/bin/env python3"
"starko-rpi5-ai-workspace","rpi5/starko-rpi5-ai-workspace","rpi5\starko-rpi5-ai-workspace\start_webgui.bat",".bat","Skript start_webgui.bat"
"starko-rpi5-ai-workspace","rpi5/starko-rpi5-ai-workspace","rpi5\starko-rpi5-ai-workspace\start_webgui.sh",".sh","!/bin/bash"
"starko-rpi5-ai-workspace","rpi5/starko-rpi5-ai-workspace","rpi5\starko-rpi5-ai-workspace\start_workspace.py",".py","!/usr/bin/env python3"
"starko-rpi5-ai-workspace","rpi5/starko-rpi5-ai-workspace","rpi5\starko-rpi5-ai-workspace\update_starko_4.0.sh",".sh","!/bin/bash"
"starko-rpi5-ai-workspace","rpi5/starko-rpi5-ai-workspace","rpi5\starko-rpi5-ai-workspace\workspace_structure.py",".py","!/usr/bin/env python3"
"starko-ultimate-recovery-usb","infrastructure/starko-ultimate-recovery-usb","infrastructure\starko-ultimate-recovery-usb\install_starko_recovery.sh",".sh","!/bin/bash"
"starko-ultimate-recovery-usb","infrastructure/starko-ultimate-recovery-usb","infrastructure\starko-ultimate-recovery-usb\starko_linux.sh",".sh","!/bin/bash"
"starko-ultimate-recovery-usb","infrastructure/starko-ultimate-recovery-usb","infrastructure\starko-ultimate-recovery-usb\Starko_Recovery_AIO_Generator.ps1",".ps1","Skript Starko_Recovery_AIO_Generator.ps1"
"starko-ultimate-recovery-usb","infrastructure/starko-ultimate-recovery-usb","infrastructure\starko-ultimate-recovery-usb\Starko_Recovery_AIO_ULTIMATE.ps1",".ps1","================================================================="
"starko-ultimate-recovery-usb","infrastructure/starko-ultimate-recovery-usb","infrastructure\starko-ultimate-recovery-usb\Starko_Recovery_AIO_v5.ps1",".ps1","================================================================="
"starko-ultimate-recovery-usb","infrastructure/starko-ultimate-recovery-usb","infrastructure\starko-ultimate-recovery-usb\Starko_Recovery_Builder_FINAL.cmd",".cmd","Skript Starko_Recovery_Builder_FINAL.cmd"
"starko-ultimate-recovery-usb","infrastructure/starko-ultimate-recovery-usb","infrastructure\starko-ultimate-recovery-usb\starko_termux_full_v11.sh",".sh","!/data/data/com.termux/files/usr/bin/bash"
"starko-ultimate-recovery-usb","infrastructure/starko-ultimate-recovery-usb","infrastructure\starko-ultimate-recovery-usb\starko_termux_full_v12.3_interactive.sh",".sh","!/data/data/com.termux/files/usr/bin/bash"
"starko-ultimate-recovery-usb","infrastructure/starko-ultimate-recovery-usb","infrastructure\starko-ultimate-recovery-usb\starko_termux_full_v12.3-ultra.sh",".sh","!/data/data/com.termux/files/usr/bin/bash"
"sui","tools/sui","tools\sui\template\magisk_module\customize.sh",".sh","Extract verify.sh"
"sui","tools/sui","tools\sui\template\magisk_module\post-fs-data.sh",".sh","!/system/bin/sh"
"sui","tools/sui","tools\sui\template\magisk_module\post-install.example.sh",".sh","This script will be loaded during the installation process of Sui."
"sui","tools/sui","tools\sui\template\magisk_module\riru.sh",".sh","!/sbin/sh"
"sui","tools/sui","tools\sui\template\magisk_module\uninstall.sh",".sh","!/sbin/sh"
"sui","tools/sui","tools\sui\template\magisk_module\util_functions.sh",".sh","Skript util_functions.sh"
"sui","tools/sui","tools\sui\template\magisk_module\verify.sh",".sh","Skript verify.sh"
"sui","tools/sui","tools\sui\gradlew.bat",".bat","Skript gradlew.bat"
"supernastroj","tools/supernastroj","tools\supernastroj\INSTALL.bat",".bat","Skript INSTALL.bat"
"supernastroj","tools/supernastroj","tools\supernastroj\START.bat",".bat","Skript START.bat"
"supernastroj","tools/supernastroj","tools\supernastroj\super_nastroj_v5.ps1",".ps1","requires -RunAsAdministrator"
"supernastroj","tools/supernastroj","tools\supernastroj\supernastroj_android.sh",".sh","!/data/data/com.termux/files/usr/bin/bash"
"supernastroj","tools/supernastroj","tools\supernastroj\SuperNastroj_Complete.bat",".bat","Skript SuperNastroj_Complete.bat"
"supernastroj","tools/supernastroj","tools\supernastroj\SuperNastroj_Launcher.bat",".bat","Skript SuperNastroj_Launcher.bat"
"supernastroj","tools/supernastroj","tools\supernastroj\SuperNastroj_Linux.sh",".sh","!/bin/bash"
"supernastroj","tools/supernastroj","tools\supernastroj\SuperNastroj_Main.bat",".bat","Skript SuperNastroj_Main.bat"
"supernastroj","tools/supernastroj","tools\supernastroj\supernastroj_updater.sh",".sh","!/bin/bash"
"supernastroj","tools/supernastroj","tools\supernastroj\supernastroj_v5_tui.sh",".sh","!/bin/bash"
"supernastroj","tools/supernastroj","tools\supernastroj\universal_launcher.sh",".sh","!/bin/bash"
"tsx","tools/tsx","tools\tsx\docs\.vitepress\theme\index.ts",".ts","Skript index.ts"
"tsx","tools/tsx","tools\tsx\docs\.vitepress\config.ts",".ts","Skript config.ts"
"tsx","tools/tsx","tools\tsx\docs\scripts\hash-class-names.js",".js","Skript hash-class-names.js"
"tsx","tools/tsx","tools\tsx\docs\postcss.config.js",".js","Skript postcss.config.js"
"tsx","tools/tsx","tools\tsx\docs\tailwind.config.js",".js","** @type {import('tailwindcss').Config} */"
"tsx","tools/tsx","tools\tsx\src\@types\es-module-lexer.d.ts",".ts","Skript es-module-lexer.d.ts"
"tsx","tools/tsx","tools\tsx\src\@types\module.d.ts",".ts","Skript module.d.ts"
"tsx","tools/tsx","tools\tsx\src\cjs\api\module-resolve-filename\index.ts",".ts","Skript index.ts"
"tsx","tools/tsx","tools\tsx\src\cjs\api\module-resolve-filename\interop-cjs-exports.ts",".ts","Skript interop-cjs-exports.ts"
"tsx","tools/tsx","tools\tsx\src\cjs\api\module-resolve-filename\is-from-cjs-lexer.ts",".ts","Skript is-from-cjs-lexer.ts"
"tsx","tools/tsx","tools\tsx\src\cjs\api\module-resolve-filename\preserve-query.ts",".ts","Skript preserve-query.ts"
"tsx","tools/tsx","tools\tsx\src\cjs\api\module-resolve-filename\resolve-implicit-extensions.ts",".ts","Skript resolve-implicit-extensions.ts"
"tsx","tools/tsx","tools\tsx\src\cjs\api\module-resolve-filename\resolve-ts-extensions.ts",".ts","Skript resolve-ts-extensions.ts"
"tsx","tools/tsx","tools\tsx\src\cjs\api\index.ts",".ts","Skript index.ts"
"tsx","tools/tsx","tools\tsx\src\cjs\api\module-extensions.ts",".ts","Skript module-extensions.ts"
"tsx","tools/tsx","tools\tsx\src\cjs\api\register.ts",".ts","Skript register.ts"
"tsx","tools/tsx","tools\tsx\src\cjs\api\require.ts",".ts","Skript require.ts"
"tsx","tools/tsx","tools\tsx\src\cjs\api\types.ts",".ts","Skript types.ts"
"tsx","tools/tsx","tools\tsx\src\cjs\index.ts",".ts","Skript index.ts"
"tsx","tools/tsx","tools\tsx\src\esm\api\index.ts",".ts","Skript index.ts"
"tsx","tools/tsx","tools\tsx\src\esm\api\register.ts",".ts","Skript register.ts"
"tsx","tools/tsx","tools\tsx\src\esm\api\scoped-import.ts",".ts","Skript scoped-import.ts"
"tsx","tools/tsx","tools\tsx\src\esm\api\ts-import.ts",".ts","Skript ts-import.ts"
"tsx","tools/tsx","tools\tsx\src\esm\hook\index.ts",".ts","Skript index.ts"
"tsx","tools/tsx","tools\tsx\src\esm\hook\initialize.ts",".ts","Skript initialize.ts"
"tsx","tools/tsx","tools\tsx\src\esm\hook\load.ts",".ts","Skript load.ts"
"tsx","tools/tsx","tools\tsx\src\esm\hook\package-json.ts",".ts","Skript package-json.ts"
"tsx","tools/tsx","tools\tsx\src\esm\hook\resolve.ts",".ts","Skript resolve.ts"
"tsx","tools/tsx","tools\tsx\src\esm\hook\utils.ts",".ts","Skript utils.ts"
"tsx","tools/tsx","tools\tsx\src\esm\index.ts",".ts","Loaded via --import flag"
"tsx","tools/tsx","tools\tsx\src\esm\types.ts",".ts","Skript types.ts"
"tsx","tools/tsx","tools\tsx\src\utils\ipc\client.ts",".ts","Skript client.ts"
"tsx","tools/tsx","tools\tsx\src\utils\ipc\get-pipe-path.ts",".ts","Skript get-pipe-path.ts"
"tsx","tools/tsx","tools\tsx\src\utils\ipc\server.ts",".ts","Skript server.ts"
"tsx","tools/tsx","tools\tsx\src\utils\transform\apply-transformers.ts",".ts","Skript apply-transformers.ts"
"tsx","tools/tsx","tools\tsx\src\utils\transform\cache.ts",".ts","Skript cache.ts"
"tsx","tools/tsx","tools\tsx\src\utils\transform\get-esbuild-options.ts",".ts","Skript get-esbuild-options.ts"
"tsx","tools/tsx","tools\tsx\src\utils\transform\index.ts",".ts","Skript index.ts"
"tsx","tools/tsx","tools\tsx\src\utils\transform\transform-dynamic-import.ts",".ts","Skript transform-dynamic-import.ts"
"tsx","tools/tsx","tools\tsx\src\utils\debug.ts",".ts","Skript debug.ts"
"tsx","tools/tsx","tools\tsx\src\utils\es-module-lexer.ts",".ts","When Node's --jitless flag is set, WebAssembly is not available"
"tsx","tools/tsx","tools\tsx\src\utils\is-windows.ts",".ts","Skript is-windows.ts"
"tsx","tools/tsx","tools\tsx\src\utils\map-ts-extensions.ts",".ts","Skript map-ts-extensions.ts"
"tsx","tools/tsx","tools\tsx\src\utils\node-features.ts",".ts","Is v1 greater or equal to v2?"
"tsx","tools/tsx","tools\tsx\src\utils\path-utils.ts",".ts","**"
"tsx","tools/tsx","tools\tsx\src\utils\read-json-file.ts",".ts","Skript read-json-file.ts"
"tsx","tools/tsx","tools\tsx\src\utils\sha1.ts",".ts","Skript sha1.ts"
"tsx","tools/tsx","tools\tsx\src\utils\temporary-directory.ts",".ts","**"
"tsx","tools/tsx","tools\tsx\src\utils\tsconfig.ts",".ts","Skript tsconfig.ts"
"tsx","tools/tsx","tools\tsx\src\utils\url-search-params-stringify.ts",".ts","URLSearchParams#size not implemented in Node 18.0.0"
"tsx","tools/tsx","tools\tsx\src\watch\index.ts",".ts","Skript index.ts"
"tsx","tools/tsx","tools\tsx\src\watch\utils.ts",".ts","Skript utils.ts"
"tsx","tools/tsx","tools\tsx\src\cli.ts",".ts","Skript cli.ts"
"tsx","tools/tsx","tools\tsx\src\loader.ts",".ts","Hook require() to transform to CJS"
"tsx","tools/tsx","tools\tsx\src\patch-repl.ts",".ts","Skript patch-repl.ts"
"tsx","tools/tsx","tools\tsx\src\remove-argv-flags.ts",".ts","Skript remove-argv-flags.ts"
"tsx","tools/tsx","tools\tsx\src\repl.ts",".ts","Deprecated: Delete entry-point in next major in favor of patch-repl.ts"
"tsx","tools/tsx","tools\tsx\src\run.ts",".ts","Skript run.ts"
"tsx","tools/tsx","tools\tsx\src\source-map.ts",".ts","TODO: Build this logic into inlineSourceMap"
"tsx","tools/tsx","tools\tsx\src\types.ts",".ts","Skript types.ts"
"tsx","tools/tsx","tools\tsx\tests\specs\api.ts",".ts","Skript api.ts"
"tsx","tools/tsx","tools\tsx\tests\specs\cli.ts",".ts","Skript cli.ts"
"tsx","tools/tsx","tools\tsx\tests\specs\loaders.ts",".ts","Skript loaders.ts"
"tsx","tools/tsx","tools\tsx\tests\specs\repl.ts",".ts","Skript repl.ts"
"tsx","tools/tsx","tools\tsx\tests\specs\smoke.ts",".ts","Skript smoke.ts"
"tsx","tools/tsx","tools\tsx\tests\specs\transform.ts",".ts","Skript transform.ts"
"tsx","tools/tsx","tools\tsx\tests\specs\tsconfig.ts",".ts","Skript tsconfig.ts"
"tsx","tools/tsx","tools\tsx\tests\specs\watch.ts",".ts","Skript watch.ts"
"tsx","tools/tsx","tools\tsx\tests\utils\pty-shell\index.ts",".ts","Skript index.ts"
"tsx","tools/tsx","tools\tsx\tests\utils\coverage-sources-content.ts",".ts","Skript coverage-sources-content.ts"
"tsx","tools/tsx","tools\tsx\tests\utils\expect-match-in-order.ts",".ts","Skript expect-match-in-order.ts"
"tsx","tools/tsx","tools\tsx\tests\utils\get-node.ts",".ts","Skript get-node.ts"
"tsx","tools/tsx","tools\tsx\tests\utils\is-process-alive.ts",".ts","Skript is-process-alive.ts"
"tsx","tools/tsx","tools\tsx\tests\utils\is-windows.ts",".ts","Skript is-windows.ts"
"tsx","tools/tsx","tools\tsx\tests\utils\node-versions.ts",".ts","**"
"tsx","tools/tsx","tools\tsx\tests\utils\package-types.ts",".ts","Skript package-types.ts"
"tsx","tools/tsx","tools\tsx\tests\utils\process-interact.ts",".ts","Skript process-interact.ts"
"tsx","tools/tsx","tools\tsx\tests\utils\tsx.ts",".ts","Skript tsx.ts"
"tsx","tools/tsx","tools\tsx\tests\fixtures.ts",".ts","Skript fixtures.ts"
"tsx","tools/tsx","tools\tsx\tests\index.ts",".ts","Skript index.ts"
"twisteros-supermanager","rpi5/twisteros-supermanager","rpi5\twisteros-supermanager\ai_workspace\ai_cli.sh",".sh","!/bin/bash"
"twisteros-supermanager","rpi5/twisteros-supermanager","rpi5\twisteros-supermanager\ai_workspace\ai_engine.sh",".sh","!/bin/bash"
"twisteros-supermanager","rpi5/twisteros-supermanager","rpi5\twisteros-supermanager\ai_workspace\ai_plugin_workspace.sh",".sh","!/bin/bash"
"twisteros-supermanager","rpi5/twisteros-supermanager","rpi5\twisteros-supermanager\ai_workspace\ai_workspace_server.py",".py","!/usr/bin/env python3"
"twisteros-supermanager","rpi5/twisteros-supermanager","rpi5\twisteros-supermanager\api\app.py",".py","!/usr/bin/env python3"
"twisteros-supermanager","rpi5/twisteros-supermanager","rpi5\twisteros-supermanager\bin\wine-box64.sh",".sh","!/bin/bash"
"twisteros-supermanager","rpi5/twisteros-supermanager","rpi5\twisteros-supermanager\build\twisteros-supermanager\opt\twisteros_supermanager\api\app.py",".py","!/usr/bin/env python3"
"twisteros-supermanager","rpi5/twisteros-supermanager","rpi5\twisteros-supermanager\build\twisteros-supermanager\opt\twisteros_supermanager\scripts\add_system_icons.sh",".sh","!/bin/bash"
"twisteros-supermanager","rpi5/twisteros-supermanager","rpi5\twisteros-supermanager\build\twisteros-supermanager\opt\twisteros_supermanager\scripts\apk_to_waydroid.sh",".sh","!/bin/bash"
"twisteros-supermanager","rpi5/twisteros-supermanager","rpi5\twisteros-supermanager\build\twisteros-supermanager\opt\twisteros_supermanager\scripts\config_reset.sh",".sh","!/bin/bash"
"twisteros-supermanager","rpi5/twisteros-supermanager","rpi5\twisteros-supermanager\build\twisteros-supermanager\opt\twisteros_supermanager\scripts\detect_mhs.sh",".sh","!/bin/bash"
"twisteros-supermanager","rpi5/twisteros-supermanager","rpi5\twisteros-supermanager\build\twisteros-supermanager\opt\twisteros_supermanager\scripts\fix_scripts.sh",".sh","!/bin/bash"
"twisteros-supermanager","rpi5/twisteros-supermanager","rpi5\twisteros-supermanager\build\twisteros-supermanager\opt\twisteros_supermanager\scripts\import_roms.sh",".sh","!/bin/bash"
"twisteros-supermanager","rpi5/twisteros-supermanager","rpi5\twisteros-supermanager\build\twisteros-supermanager\opt\twisteros_supermanager\scripts\install_ai_station.sh",".sh","!/bin/bash"
"twisteros-supermanager","rpi5/twisteros-supermanager","rpi5\twisteros-supermanager\build\twisteros-supermanager\opt\twisteros_supermanager\scripts\install_all.sh",".sh","!/bin/bash"
"twisteros-supermanager","rpi5/twisteros-supermanager","rpi5\twisteros-supermanager\build\twisteros-supermanager\opt\twisteros_supermanager\scripts\install_twister_smart_suite.sh",".sh","!/bin/bash"
"twisteros-supermanager","rpi5/twisteros-supermanager","rpi5\twisteros-supermanager\build\twisteros-supermanager\opt\twisteros_supermanager\scripts\kernel_selfheal.sh",".sh","!/bin/bash"
"twisteros-supermanager","rpi5/twisteros-supermanager","rpi5\twisteros-supermanager\build\twisteros-supermanager\opt\twisteros_supermanager\scripts\mhs_detect.sh",".sh","!/bin/bash"
"twisteros-supermanager","rpi5/twisteros-supermanager","rpi5\twisteros-supermanager\build\twisteros-supermanager\opt\twisteros_supermanager\scripts\mount_nas.sh",".sh","!/bin/bash"
"twisteros-supermanager","rpi5/twisteros-supermanager","rpi5\twisteros-supermanager\build\twisteros-supermanager\opt\twisteros_supermanager\scripts\network_diagnose.sh",".sh","!/bin/bash"
"twisteros-supermanager","rpi5/twisteros-supermanager","rpi5\twisteros-supermanager\build\twisteros-supermanager\opt\twisteros_supermanager\scripts\repair_boot.sh",".sh","!/bin/bash"
"twisteros-supermanager","rpi5/twisteros-supermanager","rpi5\twisteros-supermanager\build\twisteros-supermanager\opt\twisteros_supermanager\scripts\repair_fs.sh",".sh","!/bin/bash"
"twisteros-supermanager","rpi5/twisteros-supermanager","rpi5\twisteros-supermanager\build\twisteros-supermanager\opt\twisteros_supermanager\scripts\scrape_artwork.sh",".sh","!/bin/bash"
"twisteros-supermanager","rpi5/twisteros-supermanager","rpi5\twisteros-supermanager\build\twisteros-supermanager\opt\twisteros_supermanager\scripts\security_audit.sh",".sh","!/bin/bash"
"twisteros-supermanager","rpi5/twisteros-supermanager","rpi5\twisteros-supermanager\build\twisteros-supermanager\opt\twisteros_supermanager\scripts\self_healing_deamon.sh",".sh","!/bin/bash"
"twisteros-supermanager","rpi5/twisteros-supermanager","rpi5\twisteros-supermanager\build\twisteros-supermanager\opt\twisteros_supermanager\scripts\setup_mhs.sh",".sh","!/bin/bash"
"twisteros-supermanager","rpi5/twisteros-supermanager","rpi5\twisteros-supermanager\build\twisteros-supermanager\opt\twisteros_supermanager\scripts\setup_services.sh",".sh","!/bin/bash"
"twisteros-supermanager","rpi5/twisteros-supermanager","rpi5\twisteros-supermanager\build\twisteros-supermanager\opt\twisteros_supermanager\scripts\smart_menu.sh",".sh","!/bin/bash"
"twisteros-supermanager","rpi5/twisteros-supermanager","rpi5\twisteros-supermanager\build\twisteros-supermanager\opt\twisteros_supermanager\scripts\start_retroarch.sh",".sh","!/bin/bash"
"twisteros-supermanager","rpi5/twisteros-supermanager","rpi5\twisteros-supermanager\build\twisteros-supermanager\opt\twisteros_supermanager\scripts\start_twister_suite.sh",".sh","!/bin/bash"
"twisteros-supermanager","rpi5/twisteros-supermanager","rpi5\twisteros-supermanager\build\twisteros-supermanager\opt\twisteros_supermanager\scripts\start_wine_game.sh",".sh","!/bin/bash"
"twisteros-supermanager","rpi5/twisteros-supermanager","rpi5\twisteros-supermanager\build\twisteros-supermanager\opt\twisteros_supermanager\scripts\stav_SSH_sluzby.sh",".sh","!/bin/bash"
"twisteros-supermanager","rpi5/twisteros-supermanager","rpi5\twisteros-supermanager\build\twisteros-supermanager\opt\twisteros_supermanager\scripts\sync_bios.sh",".sh","!/bin/bash"
"twisteros-supermanager","rpi5/twisteros-supermanager","rpi5\twisteros-supermanager\build\twisteros-supermanager\opt\twisteros_supermanager\scripts\sync_roms.sh",".sh","!/bin/bash"
"twisteros-supermanager","rpi5/twisteros-supermanager","rpi5\twisteros-supermanager\build\twisteros-supermanager\opt\twisteros_supermanager\scripts\system_cleaner.sh",".sh","!/bin/bash"
"twisteros-supermanager","rpi5/twisteros-supermanager","rpi5\twisteros-supermanager\build\twisteros-supermanager\opt\twisteros_supermanager\scripts\system_info.sh",".sh","!/bin/bash"
"twisteros-supermanager","rpi5/twisteros-supermanager","rpi5\twisteros-supermanager\build\twisteros-supermanager\opt\twisteros_supermanager\scripts\test_mhs.sh",".sh","!/bin/bash"
"twisteros-supermanager","rpi5/twisteros-supermanager","rpi5\twisteros-supermanager\build\twisteros-supermanager\opt\twisteros_supermanager\scripts\theme_installer.sh",".sh","!/bin/bash"
"twisteros-supermanager","rpi5/twisteros-supermanager","rpi5\twisteros-supermanager\build\twisteros-supermanager\opt\twisteros_supermanager\scripts\update_all.sh",".sh","!/bin/bash"
"twisteros-supermanager","rpi5/twisteros-supermanager","rpi5\twisteros-supermanager\build\twisteros-supermanager\opt\twisteros_supermanager\scripts\watchdog_services.sh",".sh","!/bin/bash"
"twisteros-supermanager","rpi5/twisteros-supermanager","rpi5\twisteros-supermanager\deb_build\usr\local\twisteros_supermanager.sh",".sh","Skript twisteros_supermanager.sh"
"twisteros-supermanager","rpi5/twisteros-supermanager","rpi5\twisteros-supermanager\modules\fsck_module.sh",".sh","!/bin/bash"
"twisteros-supermanager","rpi5/twisteros-supermanager","rpi5\twisteros-supermanager\modules\mbr_gpt_module.sh",".sh","!/bin/bash"
"twisteros-supermanager","rpi5/twisteros-supermanager","rpi5\twisteros-supermanager\modules\network_check.sh",".sh","!/bin/bash"
"twisteros-supermanager","rpi5/twisteros-supermanager","rpi5\twisteros-supermanager\modules\plugin_loader.sh",".sh","!/bin/bash"
"twisteros-supermanager","rpi5/twisteros-supermanager","rpi5\twisteros-supermanager\plugins\plugin_ai_assistant.sh",".sh","!/bin/bash"
"twisteros-supermanager","rpi5/twisteros-supermanager","rpi5\twisteros-supermanager\plugins\plugin_ai_workspace.sh",".sh","!/bin/bash"
"twisteros-supermanager","rpi5/twisteros-supermanager","rpi5\twisteros-supermanager\plugins\plugin_backup_restore.sh",".sh","!/bin/bash"
"twisteros-supermanager","rpi5/twisteros-supermanager","rpi5\twisteros-supermanager\plugins\plugin_backup.sh",".sh","!/bin/bash"
"twisteros-supermanager","rpi5/twisteros-supermanager","rpi5\twisteros-supermanager\plugins\plugin_disk_health.sh",".sh","!/bin/bash"
"twisteros-supermanager","rpi5/twisteros-supermanager","rpi5\twisteros-supermanager\plugins\plugin_esp32_gateway.sh",".sh","!/bin/bash"
"twisteros-supermanager","rpi5/twisteros-supermanager","rpi5\twisteros-supermanager\plugins\plugin_firewall.sh",".sh","!/bin/bash"
"twisteros-supermanager","rpi5/twisteros-supermanager","rpi5\twisteros-supermanager\plugins\plugin_iot_sensors.sh",".sh","!/bin/bash"
"twisteros-supermanager","rpi5/twisteros-supermanager","rpi5\twisteros-supermanager\plugins\plugin_kernel_update.sh",".sh","!/bin/bash"
"twisteros-supermanager","rpi5/twisteros-supermanager","rpi5\twisteros-supermanager\plugins\plugin_led_relay.sh",".sh","!/bin/bash"
"twisteros-supermanager","rpi5/twisteros-supermanager","rpi5\twisteros-supermanager\plugins\plugin_log_monitoring.sh",".sh","!/bin/bash"
"twisteros-supermanager","rpi5/twisteros-supermanager","rpi5\twisteros-supermanager\plugins\plugin_logs_analyzer.sh",".sh","!/bin/bash"
"twisteros-supermanager","rpi5/twisteros-supermanager","rpi5\twisteros-supermanager\plugins\plugin_mobile_upload.sh",".sh","!/bin/bash"
"twisteros-supermanager","rpi5/twisteros-supermanager","rpi5\twisteros-supermanager\plugins\plugin_rom_scanner.sh",".sh","!/bin/bash"
"twisteros-supermanager","rpi5/twisteros-supermanager","rpi5\twisteros-supermanager\plugins\plugin_self_health.sh",".sh","!/bin/bash"
"twisteros-supermanager","rpi5/twisteros-supermanager","rpi5\twisteros-supermanager\plugins\plugin_sensors.sh",".sh","!/bin/bash"
"twisteros-supermanager","rpi5/twisteros-supermanager","rpi5\twisteros-supermanager\plugins\plugin_system_stats.sh",".sh","!/bin/bash"
"twisteros-supermanager","rpi5/twisteros-supermanager","rpi5\twisteros-supermanager\plugins\plugin-conky.sh",".sh","!/bin/bash"
"twisteros-supermanager","rpi5/twisteros-supermanager","rpi5\twisteros-supermanager\plugins\plugin-dashboard.sh",".sh","!/bin/bash"
"twisteros-supermanager","rpi5/twisteros-supermanager","rpi5\twisteros-supermanager\plugins\plugin-fix_scripts.sh",".sh","!/bin/bash"
"twisteros-supermanager","rpi5/twisteros-supermanager","rpi5\twisteros-supermanager\plugins\plugin-fsck_module.sh",".sh","!/bin/bash"
"twisteros-supermanager","rpi5/twisteros-supermanager","rpi5\twisteros-supermanager\plugins\plugin-home_assistant.sh",".sh","!/bin/bash"
"twisteros-supermanager","rpi5/twisteros-supermanager","rpi5\twisteros-supermanager\plugins\plugin-mbr-gpt_module.sh",".sh","!/bin/bash"
"twisteros-supermanager","rpi5/twisteros-supermanager","rpi5\twisteros-supermanager\plugins\plugin-network_check.sh",".sh","!/bin/bash"
"twisteros-supermanager","rpi5/twisteros-supermanager","rpi5\twisteros-supermanager\plugins\plugin-retro_games.sh",".sh","!/bin/bash"
"twisteros-supermanager","rpi5/twisteros-supermanager","rpi5\twisteros-supermanager\scripts\add_system_icons.sh",".sh","!/bin/bash"
"twisteros-supermanager","rpi5/twisteros-supermanager","rpi5\twisteros-supermanager\scripts\apk_to_waydroid.sh",".sh","!/bin/bash"
"twisteros-supermanager","rpi5/twisteros-supermanager","rpi5\twisteros-supermanager\scripts\config_reset.sh",".sh","!/bin/bash"
"twisteros-supermanager","rpi5/twisteros-supermanager","rpi5\twisteros-supermanager\scripts\detect_mhs.sh",".sh","!/bin/bash"
"twisteros-supermanager","rpi5/twisteros-supermanager","rpi5\twisteros-supermanager\scripts\emulator_manager.sh",".sh","!/bin/bash"
"twisteros-supermanager","rpi5/twisteros-supermanager","rpi5\twisteros-supermanager\scripts\fix_scripts.sh",".sh","!/bin/bash"
"twisteros-supermanager","rpi5/twisteros-supermanager","rpi5\twisteros-supermanager\scripts\import_roms.sh",".sh","!/bin/bash"
"twisteros-supermanager","rpi5/twisteros-supermanager","rpi5\twisteros-supermanager\scripts\install_ai_station.sh",".sh","!/bin/bash"
"twisteros-supermanager","rpi5/twisteros-supermanager","rpi5\twisteros-supermanager\scripts\install_all.sh",".sh","!/bin/bash"
"twisteros-supermanager","rpi5/twisteros-supermanager","rpi5\twisteros-supermanager\scripts\install_twister_smart_suite.sh",".sh","!/bin/bash"
"twisteros-supermanager","rpi5/twisteros-supermanager","rpi5\twisteros-supermanager\scripts\kernel_selfheal.sh",".sh","!/bin/bash"
"twisteros-supermanager","rpi5/twisteros-supermanager","rpi5\twisteros-supermanager\scripts\logger.sh",".sh","Skript logger.sh"
"twisteros-supermanager","rpi5/twisteros-supermanager","rpi5\twisteros-supermanager\scripts\menu.sh",".sh","!/bin/bash"
"twisteros-supermanager","rpi5/twisteros-supermanager","rpi5\twisteros-supermanager\scripts\mhs_detect.sh",".sh","!/bin/bash"
"twisteros-supermanager","rpi5/twisteros-supermanager","rpi5\twisteros-supermanager\scripts\mount_nas.sh",".sh","!/bin/bash"
"twisteros-supermanager","rpi5/twisteros-supermanager","rpi5\twisteros-supermanager\scripts\nas_manager.sh",".sh","!/bin/bash"
"twisteros-supermanager","rpi5/twisteros-supermanager","rpi5\twisteros-supermanager\scripts\network_diagnose.sh",".sh","!/bin/bash"
"twisteros-supermanager","rpi5/twisteros-supermanager","rpi5\twisteros-supermanager\scripts\plugin_manager.sh",".sh","!/bin/bash"
"twisteros-supermanager","rpi5/twisteros-supermanager","rpi5\twisteros-supermanager\scripts\repair_boot.sh",".sh","!/bin/bash"
"twisteros-supermanager","rpi5/twisteros-supermanager","rpi5\twisteros-supermanager\scripts\repair_fs.sh",".sh","!/bin/bash"
"twisteros-supermanager","rpi5/twisteros-supermanager","rpi5\twisteros-supermanager\scripts\scrape_artwork.sh",".sh","!/bin/bash"
"twisteros-supermanager","rpi5/twisteros-supermanager","rpi5\twisteros-supermanager\scripts\security_audit.sh",".sh","!/bin/bash"
"twisteros-supermanager","rpi5/twisteros-supermanager","rpi5\twisteros-supermanager\scripts\self_healing_deamon.sh",".sh","!/bin/bash"
"twisteros-supermanager","rpi5/twisteros-supermanager","rpi5\twisteros-supermanager\scripts\setup_emulators.sh",".sh","!/bin/bash"
"twisteros-supermanager","rpi5/twisteros-supermanager","rpi5\twisteros-supermanager\scripts\setup_mhs.sh",".sh","!/bin/bash"
"twisteros-supermanager","rpi5/twisteros-supermanager","rpi5\twisteros-supermanager\scripts\setup_services.sh",".sh","!/bin/bash"
"twisteros-supermanager","rpi5/twisteros-supermanager","rpi5\twisteros-supermanager\scripts\smart_menu.sh",".sh","!/bin/bash"
"twisteros-supermanager","rpi5/twisteros-supermanager","rpi5\twisteros-supermanager\scripts\start_retroarch.sh",".sh","!/bin/bash"
"twisteros-supermanager","rpi5/twisteros-supermanager","rpi5\twisteros-supermanager\scripts\start_twister_suite.sh",".sh","!/bin/bash"
"twisteros-supermanager","rpi5/twisteros-supermanager","rpi5\twisteros-supermanager\scripts\start_wine_game.sh",".sh","!/bin/bash"
"twisteros-supermanager","rpi5/twisteros-supermanager","rpi5\twisteros-supermanager\scripts\stav_SSH_sluzby.sh",".sh","!/bin/bash"
"twisteros-supermanager","rpi5/twisteros-supermanager","rpi5\twisteros-supermanager\scripts\sync_bios.sh",".sh","!/bin/bash"
"twisteros-supermanager","rpi5/twisteros-supermanager","rpi5\twisteros-supermanager\scripts\sync_roms.sh",".sh","!/bin/bash"
"twisteros-supermanager","rpi5/twisteros-supermanager","rpi5\twisteros-supermanager\scripts\system_cleaner.sh",".sh","!/bin/bash"
"twisteros-supermanager","rpi5/twisteros-supermanager","rpi5\twisteros-supermanager\scripts\system_info.sh",".sh","!/bin/bash"
"twisteros-supermanager","rpi5/twisteros-supermanager","rpi5\twisteros-supermanager\scripts\test_mhs.sh",".sh","!/bin/bash"
"twisteros-supermanager","rpi5/twisteros-supermanager","rpi5\twisteros-supermanager\scripts\theme_installer.sh",".sh","!/bin/bash"
"twisteros-supermanager","rpi5/twisteros-supermanager","rpi5\twisteros-supermanager\scripts\update_all.sh",".sh","!/bin/bash"
"twisteros-supermanager","rpi5/twisteros-supermanager","rpi5\twisteros-supermanager\scripts\watchdog_services.sh",".sh","!/bin/bash"
"twisteros-supermanager","rpi5/twisteros-supermanager","rpi5\twisteros-supermanager\twister_gui\twister_gui.py",".py","!/usr/bin/env python3"
"twisteros-supermanager","rpi5/twisteros-supermanager","rpi5\twisteros-supermanager\twister-dashboard\js\display_manager.js",".js","Skript display_manager.js"
"twisteros-supermanager","rpi5/twisteros-supermanager","rpi5\twisteros-supermanager\twister-dashboard\js\nas_storage.js",".js","Skript nas_storage.js"
"twisteros-supermanager","rpi5/twisteros-supermanager","rpi5\twisteros-supermanager\twister-dashboard\js\rom_manager.js",".js","Skript rom_manager.js"
"twisteros-supermanager","rpi5/twisteros-supermanager","rpi5\twisteros-supermanager\twister-dashboard\node_modules\.bin\mime.cmd",".cmd","Skript mime.cmd"
"twisteros-supermanager","rpi5/twisteros-supermanager","rpi5\twisteros-supermanager\twister-dashboard\node_modules\.bin\mime.ps1",".ps1","!/usr/bin/env pwsh"
"twisteros-supermanager","rpi5/twisteros-supermanager","rpi5\twisteros-supermanager\twister-dashboard\node_modules\.bin\mkdirp.cmd",".cmd","Skript mkdirp.cmd"
"twisteros-supermanager","rpi5/twisteros-supermanager","rpi5\twisteros-supermanager\twister-dashboard\node_modules\.bin\mkdirp.ps1",".ps1","!/usr/bin/env pwsh"
"twisteros-supermanager","rpi5/twisteros-supermanager","rpi5\twisteros-supermanager\twister-dashboard\node_modules\accepts\index.js",".js","*!"
"twisteros-supermanager","rpi5/twisteros-supermanager","rpi5\twisteros-supermanager\twister-dashboard\node_modules\append-field\lib\parse-path.js",".js","Skript parse-path.js"
"twisteros-supermanager","rpi5/twisteros-supermanager","rpi5\twisteros-supermanager\twister-dashboard\node_modules\append-field\lib\set-value.js",".js","Skript set-value.js"
"twisteros-supermanager","rpi5/twisteros-supermanager","rpi5\twisteros-supermanager\twister-dashboard\node_modules\append-field\test\forms.js",".js","* eslint-env mocha */"
"twisteros-supermanager","rpi5/twisteros-supermanager","rpi5\twisteros-supermanager\twister-dashboard\node_modules\append-field\index.js",".js","Skript index.js"
"twisteros-supermanager","rpi5/twisteros-supermanager","rpi5\twisteros-supermanager\twister-dashboard\node_modules\array-flatten\array-flatten.js",".js","**"
"twisteros-supermanager","rpi5/twisteros-supermanager","rpi5\twisteros-supermanager\twister-dashboard\node_modules\body-parser\lib\types\json.js",".js","*!"
"twisteros-supermanager","rpi5/twisteros-supermanager","rpi5\twisteros-supermanager\twister-dashboard\node_modules\body-parser\lib\types\raw.js",".js","*!"
"twisteros-supermanager","rpi5/twisteros-supermanager","rpi5\twisteros-supermanager\twister-dashboard\node_modules\body-parser\lib\types\text.js",".js","*!"
"twisteros-supermanager","rpi5/twisteros-supermanager","rpi5\twisteros-supermanager\twister-dashboard\node_modules\body-parser\lib\types\urlencoded.js",".js","*!"
"twisteros-supermanager","rpi5/twisteros-supermanager","rpi5\twisteros-supermanager\twister-dashboard\node_modules\body-parser\lib\read.js",".js","*!"
"twisteros-supermanager","rpi5/twisteros-supermanager","rpi5\twisteros-supermanager\twister-dashboard\node_modules\body-parser\index.js",".js","*!"
"twisteros-supermanager","rpi5/twisteros-supermanager","rpi5\twisteros-supermanager\twister-dashboard\node_modules\buffer-from\index.js",".js","* eslint-disable node/no-deprecated-api */"
"twisteros-supermanager","rpi5/twisteros-supermanager","rpi5\twisteros-supermanager\twister-dashboard\node_modules\busboy\bench\bench-multipart-fields-100mb-big.js",".js","Skript bench-multipart-fields-100mb-big.js"
"twisteros-supermanager","rpi5/twisteros-supermanager","rpi5\twisteros-supermanager\twister-dashboard\node_modules\busboy\bench\bench-multipart-fields-100mb-small.js",".js","Skript bench-multipart-fields-100mb-small.js"
"twisteros-supermanager","rpi5/twisteros-supermanager","rpi5\twisteros-supermanager\twister-dashboard\node_modules\busboy\bench\bench-multipart-files-100mb-big.js",".js","Skript bench-multipart-files-100mb-big.js"
"twisteros-supermanager","rpi5/twisteros-supermanager","rpi5\twisteros-supermanager\twister-dashboard\node_modules\busboy\bench\bench-multipart-files-100mb-small.js",".js","Skript bench-multipart-files-100mb-small.js"
"twisteros-supermanager","rpi5/twisteros-supermanager","rpi5\twisteros-supermanager\twister-dashboard\node_modules\busboy\bench\bench-urlencoded-fields-100pairs-small.js",".js","Skript bench-urlencoded-fields-100pairs-small.js"
"twisteros-supermanager","rpi5/twisteros-supermanager","rpi5\twisteros-supermanager\twister-dashboard\node_modules\busboy\bench\bench-urlencoded-fields-900pairs-small-alt.js",".js","Skript bench-urlencoded-fields-900pairs-small-alt.js"
"twisteros-supermanager","rpi5/twisteros-supermanager","rpi5\twisteros-supermanager\twister-dashboard\node_modules\busboy\lib\types\multipart.js",".js","Skript multipart.js"
"twisteros-supermanager","rpi5/twisteros-supermanager","rpi5\twisteros-supermanager\twister-dashboard\node_modules\busboy\lib\types\urlencoded.js",".js","Skript urlencoded.js"
"twisteros-supermanager","rpi5/twisteros-supermanager","rpi5\twisteros-supermanager\twister-dashboard\node_modules\busboy\lib\index.js",".js","Skript index.js"
"twisteros-supermanager","rpi5/twisteros-supermanager","rpi5\twisteros-supermanager\twister-dashboard\node_modules\busboy\lib\utils.js",".js","Skript utils.js"
"twisteros-supermanager","rpi5/twisteros-supermanager","rpi5\twisteros-supermanager\twister-dashboard\node_modules\busboy\test\common.js",".js","Skript common.js"
"twisteros-supermanager","rpi5/twisteros-supermanager","rpi5\twisteros-supermanager\twister-dashboard\node_modules\busboy\test\test-types-multipart-charsets.js",".js","Skript test-types-multipart-charsets.js"
"twisteros-supermanager","rpi5/twisteros-supermanager","rpi5\twisteros-supermanager\twister-dashboard\node_modules\busboy\test\test-types-multipart-stream-pause.js",".js","Skript test-types-multipart-stream-pause.js"
"twisteros-supermanager","rpi5/twisteros-supermanager","rpi5\twisteros-supermanager\twister-dashboard\node_modules\busboy\test\test-types-multipart.js",".js","Skript test-types-multipart.js"
"twisteros-supermanager","rpi5/twisteros-supermanager","rpi5\twisteros-supermanager\twister-dashboard\node_modules\busboy\test\test-types-urlencoded.js",".js","Skript test-types-urlencoded.js"
"twisteros-supermanager","rpi5/twisteros-supermanager","rpi5\twisteros-supermanager\twister-dashboard\node_modules\busboy\test\test.js",".js","Skript test.js"
"twisteros-supermanager","rpi5/twisteros-supermanager","rpi5\twisteros-supermanager\twister-dashboard\node_modules\busboy\.eslintrc.js",".js","Skript .eslintrc.js"
"twisteros-supermanager","rpi5/twisteros-supermanager","rpi5\twisteros-supermanager\twister-dashboard\node_modules\bytes\index.js",".js","*!"
"twisteros-supermanager","rpi5/twisteros-supermanager","rpi5\twisteros-supermanager\twister-dashboard\node_modules\call-bind-apply-helpers\test\index.js",".js","Skript index.js"
"twisteros-supermanager","rpi5/twisteros-supermanager","rpi5\twisteros-supermanager\twister-dashboard\node_modules\call-bind-apply-helpers\actualApply.d.ts",".ts","Skript actualApply.d.ts"
"twisteros-supermanager","rpi5/twisteros-supermanager","rpi5\twisteros-supermanager\twister-dashboard\node_modules\call-bind-apply-helpers\actualApply.js",".js","Skript actualApply.js"
"twisteros-supermanager","rpi5/twisteros-supermanager","rpi5\twisteros-supermanager\twister-dashboard\node_modules\call-bind-apply-helpers\applyBind.d.ts",".ts","Skript applyBind.d.ts"
"twisteros-supermanager","rpi5/twisteros-supermanager","rpi5\twisteros-supermanager\twister-dashboard\node_modules\call-bind-apply-helpers\applyBind.js",".js","Skript applyBind.js"
"twisteros-supermanager","rpi5/twisteros-supermanager","rpi5\twisteros-supermanager\twister-dashboard\node_modules\call-bind-apply-helpers\functionApply.d.ts",".ts","Skript functionApply.d.ts"
"twisteros-supermanager","rpi5/twisteros-supermanager","rpi5\twisteros-supermanager\twister-dashboard\node_modules\call-bind-apply-helpers\functionApply.js",".js","** @type {import('./functionApply')} */"
"twisteros-supermanager","rpi5/twisteros-supermanager","rpi5\twisteros-supermanager\twister-dashboard\node_modules\call-bind-apply-helpers\functionCall.d.ts",".ts","Skript functionCall.d.ts"
"twisteros-supermanager","rpi5/twisteros-supermanager","rpi5\twisteros-supermanager\twister-dashboard\node_modules\call-bind-apply-helpers\functionCall.js",".js","** @type {import('./functionCall')} */"
"twisteros-supermanager","rpi5/twisteros-supermanager","rpi5\twisteros-supermanager\twister-dashboard\node_modules\call-bind-apply-helpers\index.d.ts",".ts","Skript index.d.ts"
"twisteros-supermanager","rpi5/twisteros-supermanager","rpi5\twisteros-supermanager\twister-dashboard\node_modules\call-bind-apply-helpers\index.js",".js","Skript index.js"
"twisteros-supermanager","rpi5/twisteros-supermanager","rpi5\twisteros-supermanager\twister-dashboard\node_modules\call-bind-apply-helpers\reflectApply.d.ts",".ts","Skript reflectApply.d.ts"
"twisteros-supermanager","rpi5/twisteros-supermanager","rpi5\twisteros-supermanager\twister-dashboard\node_modules\call-bind-apply-helpers\reflectApply.js",".js","** @type {import('./reflectApply')} */"
"twisteros-supermanager","rpi5/twisteros-supermanager","rpi5\twisteros-supermanager\twister-dashboard\node_modules\call-bound\test\index.js",".js","Skript index.js"
"twisteros-supermanager","rpi5/twisteros-supermanager","rpi5\twisteros-supermanager\twister-dashboard\node_modules\call-bound\index.d.ts",".ts","Skript index.d.ts"
"twisteros-supermanager","rpi5/twisteros-supermanager","rpi5\twisteros-supermanager\twister-dashboard\node_modules\call-bound\index.js",".js","Skript index.js"
"twisteros-supermanager","rpi5/twisteros-supermanager","rpi5\twisteros-supermanager\twister-dashboard\node_modules\concat-stream\index.js",".js","Skript index.js"
"twisteros-supermanager","rpi5/twisteros-supermanager","rpi5\twisteros-supermanager\twister-dashboard\node_modules\content-disposition\index.js",".js","*!"
"twisteros-supermanager","rpi5/twisteros-supermanager","rpi5\twisteros-supermanager\twister-dashboard\node_modules\content-type\index.js",".js","*!"
"twisteros-supermanager","rpi5/twisteros-supermanager","rpi5\twisteros-supermanager\twister-dashboard\node_modules\cookie\index.js",".js","*!"
"twisteros-supermanager","rpi5/twisteros-supermanager","rpi5\twisteros-supermanager\twister-dashboard\node_modules\cookie-signature\index.js",".js","**"
"twisteros-supermanager","rpi5/twisteros-supermanager","rpi5\twisteros-supermanager\twister-dashboard\node_modules\core-util-is\lib\util.js",".js","Copyright Joyent, Inc. and other Node contributors."
"twisteros-supermanager","rpi5/twisteros-supermanager","rpi5\twisteros-supermanager\twister-dashboard\node_modules\debug\src\browser.js",".js","**"
"twisteros-supermanager","rpi5/twisteros-supermanager","rpi5\twisteros-supermanager\twister-dashboard\node_modules\debug\src\debug.js",".js","**"
"twisteros-supermanager","rpi5/twisteros-supermanager","rpi5\twisteros-supermanager\twister-dashboard\node_modules\debug\src\index.js",".js","**"
"twisteros-supermanager","rpi5/twisteros-supermanager","rpi5\twisteros-supermanager\twister-dashboard\node_modules\debug\src\inspector-log.js",".js","black hole"
"twisteros-supermanager","rpi5/twisteros-supermanager","rpi5\twisteros-supermanager\twister-dashboard\node_modules\debug\src\node.js",".js","**"
"twisteros-supermanager","rpi5/twisteros-supermanager","rpi5\twisteros-supermanager\twister-dashboard\node_modules\debug\karma.conf.js",".js","Karma configuration"
"twisteros-supermanager","rpi5/twisteros-supermanager","rpi5\twisteros-supermanager\twister-dashboard\node_modules\debug\node.js",".js","Skript node.js"
"twisteros-supermanager","rpi5/twisteros-supermanager","rpi5\twisteros-supermanager\twister-dashboard\node_modules\depd\lib\browser\index.js",".js","*!"
"twisteros-supermanager","rpi5/twisteros-supermanager","rpi5\twisteros-supermanager\twister-dashboard\node_modules\depd\index.js",".js","*!"
"twisteros-supermanager","rpi5/twisteros-supermanager","rpi5\twisteros-supermanager\twister-dashboard\node_modules\destroy\index.js",".js","*!"
"twisteros-supermanager","rpi5/twisteros-supermanager","rpi5\twisteros-supermanager\twister-dashboard\node_modules\dunder-proto\test\get.js",".js","Skript get.js"
"twisteros-supermanager","rpi5/twisteros-supermanager","rpi5\twisteros-supermanager\twister-dashboard\node_modules\dunder-proto\test\index.js",".js","Skript index.js"
"twisteros-supermanager","rpi5/twisteros-supermanager","rpi5\twisteros-supermanager\twister-dashboard\node_modules\dunder-proto\test\set.js",".js","Skript set.js"
"twisteros-supermanager","rpi5/twisteros-supermanager","rpi5\twisteros-supermanager\twister-dashboard\node_modules\dunder-proto\get.d.ts",".ts","Skript get.d.ts"
"twisteros-supermanager","rpi5/twisteros-supermanager","rpi5\twisteros-supermanager\twister-dashboard\node_modules\dunder-proto\get.js",".js","Skript get.js"
"twisteros-supermanager","rpi5/twisteros-supermanager","rpi5\twisteros-supermanager\twister-dashboard\node_modules\dunder-proto\set.d.ts",".ts","Skript set.d.ts"
"twisteros-supermanager","rpi5/twisteros-supermanager","rpi5\twisteros-supermanager\twister-dashboard\node_modules\dunder-proto\set.js",".js","Skript set.js"
"twisteros-supermanager","rpi5/twisteros-supermanager","rpi5\twisteros-supermanager\twister-dashboard\node_modules\ee-first\index.js",".js","*!"
"twisteros-supermanager","rpi5/twisteros-supermanager","rpi5\twisteros-supermanager\twister-dashboard\node_modules\encodeurl\index.js",".js","*!"
"twisteros-supermanager","rpi5/twisteros-supermanager","rpi5\twisteros-supermanager\twister-dashboard\node_modules\es-define-property\test\index.js",".js","Skript index.js"
"twisteros-supermanager","rpi5/twisteros-supermanager","rpi5\twisteros-supermanager\twister-dashboard\node_modules\es-define-property\index.d.ts",".ts","Skript index.d.ts"
"twisteros-supermanager","rpi5/twisteros-supermanager","rpi5\twisteros-supermanager\twister-dashboard\node_modules\es-define-property\index.js",".js","** @type {import('.')} */"
"twisteros-supermanager","rpi5/twisteros-supermanager","rpi5\twisteros-supermanager\twister-dashboard\node_modules\es-errors\test\index.js",".js","Skript index.js"
"twisteros-supermanager","rpi5/twisteros-supermanager","rpi5\twisteros-supermanager\twister-dashboard\node_modules\es-errors\eval.d.ts",".ts","Skript eval.d.ts"
"twisteros-supermanager","rpi5/twisteros-supermanager","rpi5\twisteros-supermanager\twister-dashboard\node_modules\es-errors\eval.js",".js","** @type {import('./eval')} */"
"twisteros-supermanager","rpi5/twisteros-supermanager","rpi5\twisteros-supermanager\twister-dashboard\node_modules\es-errors\index.d.ts",".ts","Skript index.d.ts"
"twisteros-supermanager","rpi5/twisteros-supermanager","rpi5\twisteros-supermanager\twister-dashboard\node_modules\es-errors\index.js",".js","** @type {import('.')} */"
"twisteros-supermanager","rpi5/twisteros-supermanager","rpi5\twisteros-supermanager\twister-dashboard\node_modules\es-errors\range.d.ts",".ts","Skript range.d.ts"
"twisteros-supermanager","rpi5/twisteros-supermanager","rpi5\twisteros-supermanager\twister-dashboard\node_modules\es-errors\range.js",".js","** @type {import('./range')} */"
"twisteros-supermanager","rpi5/twisteros-supermanager","rpi5\twisteros-supermanager\twister-dashboard\node_modules\es-errors\ref.d.ts",".ts","Skript ref.d.ts"
"twisteros-supermanager","rpi5/twisteros-supermanager","rpi5\twisteros-supermanager\twister-dashboard\node_modules\es-errors\ref.js",".js","** @type {import('./ref')} */"
"twisteros-supermanager","rpi5/twisteros-supermanager","rpi5\twisteros-supermanager\twister-dashboard\node_modules\es-errors\syntax.d.ts",".ts","Skript syntax.d.ts"
"twisteros-supermanager","rpi5/twisteros-supermanager","rpi5\twisteros-supermanager\twister-dashboard\node_modules\es-errors\syntax.js",".js","** @type {import('./syntax')} */"
"twisteros-supermanager","rpi5/twisteros-supermanager","rpi5\twisteros-supermanager\twister-dashboard\node_modules\es-errors\type.d.ts",".ts","Skript type.d.ts"
"twisteros-supermanager","rpi5/twisteros-supermanager","rpi5\twisteros-supermanager\twister-dashboard\node_modules\es-errors\type.js",".js","** @type {import('./type')} */"
"twisteros-supermanager","rpi5/twisteros-supermanager","rpi5\twisteros-supermanager\twister-dashboard\node_modules\es-errors\uri.d.ts",".ts","Skript uri.d.ts"
"twisteros-supermanager","rpi5/twisteros-supermanager","rpi5\twisteros-supermanager\twister-dashboard\node_modules\es-errors\uri.js",".js","** @type {import('./uri')} */"
"twisteros-supermanager","rpi5/twisteros-supermanager","rpi5\twisteros-supermanager\twister-dashboard\node_modules\es-object-atoms\test\index.js",".js","Skript index.js"
"twisteros-supermanager","rpi5/twisteros-supermanager","rpi5\twisteros-supermanager\twister-dashboard\node_modules\es-object-atoms\index.d.ts",".ts","Skript index.d.ts"
"twisteros-supermanager","rpi5/twisteros-supermanager","rpi5\twisteros-supermanager\twister-dashboard\node_modules\es-object-atoms\index.js",".js","** @type {import('.')} */"
"twisteros-supermanager","rpi5/twisteros-supermanager","rpi5\twisteros-supermanager\twister-dashboard\node_modules\es-object-atoms\isObject.d.ts",".ts","Skript isObject.d.ts"
"twisteros-supermanager","rpi5/twisteros-supermanager","rpi5\twisteros-supermanager\twister-dashboard\node_modules\es-object-atoms\isObject.js",".js","** @type {import('./isObject')} */"
"twisteros-supermanager","rpi5/twisteros-supermanager","rpi5\twisteros-supermanager\twister-dashboard\node_modules\es-object-atoms\RequireObjectCoercible.d.ts",".ts","Skript RequireObjectCoercible.d.ts"
"twisteros-supermanager","rpi5/twisteros-supermanager","rpi5\twisteros-supermanager\twister-dashboard\node_modules\es-object-atoms\RequireObjectCoercible.js",".js","** @type {import('./RequireObjectCoercible')} */"
"twisteros-supermanager","rpi5/twisteros-supermanager","rpi5\twisteros-supermanager\twister-dashboard\node_modules\es-object-atoms\ToObject.d.ts",".ts","Skript ToObject.d.ts"
"twisteros-supermanager","rpi5/twisteros-supermanager","rpi5\twisteros-supermanager\twister-dashboard\node_modules\es-object-atoms\ToObject.js",".js","Skript ToObject.js"
"twisteros-supermanager","rpi5/twisteros-supermanager","rpi5\twisteros-supermanager\twister-dashboard\node_modules\escape-html\index.js",".js","*!"
"twisteros-supermanager","rpi5/twisteros-supermanager","rpi5\twisteros-supermanager\twister-dashboard\node_modules\etag\index.js",".js","*!"
"twisteros-supermanager","rpi5/twisteros-supermanager","rpi5\twisteros-supermanager\twister-dashboard\node_modules\express\lib\middleware\init.js",".js","*!"
"twisteros-supermanager","rpi5/twisteros-supermanager","rpi5\twisteros-supermanager\twister-dashboard\node_modules\express\lib\middleware\query.js",".js","*!"
"twisteros-supermanager","rpi5/twisteros-supermanager","rpi5\twisteros-supermanager\twister-dashboard\node_modules\express\lib\router\index.js",".js","*!"
"twisteros-supermanager","rpi5/twisteros-supermanager","rpi5\twisteros-supermanager\twister-dashboard\node_modules\express\lib\router\layer.js",".js","*!"
"twisteros-supermanager","rpi5/twisteros-supermanager","rpi5\twisteros-supermanager\twister-dashboard\node_modules\express\lib\router\route.js",".js","*!"
"twisteros-supermanager","rpi5/twisteros-supermanager","rpi5\twisteros-supermanager\twister-dashboard\node_modules\express\lib\application.js",".js","*!"
"twisteros-supermanager","rpi5/twisteros-supermanager","rpi5\twisteros-supermanager\twister-dashboard\node_modules\express\lib\express.js",".js","*!"
"twisteros-supermanager","rpi5/twisteros-supermanager","rpi5\twisteros-supermanager\twister-dashboard\node_modules\express\lib\request.js",".js","*!"
"twisteros-supermanager","rpi5/twisteros-supermanager","rpi5\twisteros-supermanager\twister-dashboard\node_modules\express\lib\response.js",".js","*!"
"twisteros-supermanager","rpi5/twisteros-supermanager","rpi5\twisteros-supermanager\twister-dashboard\node_modules\express\lib\utils.js",".js","*!"
"twisteros-supermanager","rpi5/twisteros-supermanager","rpi5\twisteros-supermanager\twister-dashboard\node_modules\express\lib\view.js",".js","*!"
"twisteros-supermanager","rpi5/twisteros-supermanager","rpi5\twisteros-supermanager\twister-dashboard\node_modules\express\index.js",".js","*!"
"twisteros-supermanager","rpi5/twisteros-supermanager","rpi5\twisteros-supermanager\twister-dashboard\node_modules\finalhandler\index.js",".js","*!"
"twisteros-supermanager","rpi5/twisteros-supermanager","rpi5\twisteros-supermanager\twister-dashboard\node_modules\forwarded\index.js",".js","*!"
"twisteros-supermanager","rpi5/twisteros-supermanager","rpi5\twisteros-supermanager\twister-dashboard\node_modules\fresh\index.js",".js","*!"
"twisteros-supermanager","rpi5/twisteros-supermanager","rpi5\twisteros-supermanager\twister-dashboard\node_modules\function-bind\test\index.js",".js","jscs:disable requireUseStrict"
"twisteros-supermanager","rpi5/twisteros-supermanager","rpi5\twisteros-supermanager\twister-dashboard\node_modules\function-bind\implementation.js",".js","* eslint no-invalid-this: 1 */"
"twisteros-supermanager","rpi5/twisteros-supermanager","rpi5\twisteros-supermanager\twister-dashboard\node_modules\function-bind\index.js",".js","Skript index.js"
"twisteros-supermanager","rpi5/twisteros-supermanager","rpi5\twisteros-supermanager\twister-dashboard\node_modules\get-intrinsic\test\GetIntrinsic.js",".js","Skript GetIntrinsic.js"
"twisteros-supermanager","rpi5/twisteros-supermanager","rpi5\twisteros-supermanager\twister-dashboard\node_modules\get-intrinsic\index.js",".js","Skript index.js"
"twisteros-supermanager","rpi5/twisteros-supermanager","rpi5\twisteros-supermanager\twister-dashboard\node_modules\get-proto\test\index.js",".js","Skript index.js"
"twisteros-supermanager","rpi5/twisteros-supermanager","rpi5\twisteros-supermanager\twister-dashboard\node_modules\get-proto\index.d.ts",".ts","Skript index.d.ts"
"twisteros-supermanager","rpi5/twisteros-supermanager","rpi5\twisteros-supermanager\twister-dashboard\node_modules\get-proto\index.js",".js","Skript index.js"
"twisteros-supermanager","rpi5/twisteros-supermanager","rpi5\twisteros-supermanager\twister-dashboard\node_modules\get-proto\Object.getPrototypeOf.d.ts",".ts","Skript Object.getPrototypeOf.d.ts"
"twisteros-supermanager","rpi5/twisteros-supermanager","rpi5\twisteros-supermanager\twister-dashboard\node_modules\get-proto\Object.getPrototypeOf.js",".js","** @type {import('./Object.getPrototypeOf')} */"
"twisteros-supermanager","rpi5/twisteros-supermanager","rpi5\twisteros-supermanager\twister-dashboard\node_modules\get-proto\Reflect.getPrototypeOf.d.ts",".ts","Skript Reflect.getPrototypeOf.d.ts"
"twisteros-supermanager","rpi5/twisteros-supermanager","rpi5\twisteros-supermanager\twister-dashboard\node_modules\get-proto\Reflect.getPrototypeOf.js",".js","** @type {import('./Reflect.getPrototypeOf')} */"
"twisteros-supermanager","rpi5/twisteros-supermanager","rpi5\twisteros-supermanager\twister-dashboard\node_modules\gopd\test\index.js",".js","Skript index.js"
"twisteros-supermanager","rpi5/twisteros-supermanager","rpi5\twisteros-supermanager\twister-dashboard\node_modules\gopd\gOPD.d.ts",".ts","Skript gOPD.d.ts"
"twisteros-supermanager","rpi5/twisteros-supermanager","rpi5\twisteros-supermanager\twister-dashboard\node_modules\gopd\gOPD.js",".js","** @type {import('./gOPD')} */"
"twisteros-supermanager","rpi5/twisteros-supermanager","rpi5\twisteros-supermanager\twister-dashboard\node_modules\gopd\index.d.ts",".ts","Skript index.d.ts"
"twisteros-supermanager","rpi5/twisteros-supermanager","rpi5\twisteros-supermanager\twister-dashboard\node_modules\gopd\index.js",".js","** @type {import('.')} */"
"twisteros-supermanager","rpi5/twisteros-supermanager","rpi5\twisteros-supermanager\twister-dashboard\node_modules\has-symbols\test\shams\core-js.js",".js","Skript core-js.js"
"twisteros-supermanager","rpi5/twisteros-supermanager","rpi5\twisteros-supermanager\twister-dashboard\node_modules\has-symbols\test\shams\get-own-property-symbols.js",".js","Skript get-own-property-symbols.js"
"twisteros-supermanager","rpi5/twisteros-supermanager","rpi5\twisteros-supermanager\twister-dashboard\node_modules\has-symbols\test\index.js",".js","Skript index.js"
"twisteros-supermanager","rpi5/twisteros-supermanager","rpi5\twisteros-supermanager\twister-dashboard\node_modules\has-symbols\test\tests.js",".js","** @type {(t: import('tape').Test) => false | void} */"
"twisteros-supermanager","rpi5/twisteros-supermanager","rpi5\twisteros-supermanager\twister-dashboard\node_modules\has-symbols\index.d.ts",".ts","Skript index.d.ts"
"twisteros-supermanager","rpi5/twisteros-supermanager","rpi5\twisteros-supermanager\twister-dashboard\node_modules\has-symbols\index.js",".js","Skript index.js"
"twisteros-supermanager","rpi5/twisteros-supermanager","rpi5\twisteros-supermanager\twister-dashboard\node_modules\has-symbols\shams.d.ts",".ts","Skript shams.d.ts"
"twisteros-supermanager","rpi5/twisteros-supermanager","rpi5\twisteros-supermanager\twister-dashboard\node_modules\has-symbols\shams.js",".js","** @type {import('./shams')} */"
"twisteros-supermanager","rpi5/twisteros-supermanager","rpi5\twisteros-supermanager\twister-dashboard\node_modules\hasown\index.d.ts",".ts","Skript index.d.ts"
"twisteros-supermanager","rpi5/twisteros-supermanager","rpi5\twisteros-supermanager\twister-dashboard\node_modules\hasown\index.js",".js","Skript index.js"
"twisteros-supermanager","rpi5/twisteros-supermanager","rpi5\twisteros-supermanager\twister-dashboard\node_modules\http-errors\index.js",".js","*!"
"twisteros-supermanager","rpi5/twisteros-supermanager","rpi5\twisteros-supermanager\twister-dashboard\node_modules\iconv-lite\encodings\dbcs-codec.js",".js","Multibyte codec. In this scheme, a character is represented by 1 or more bytes."
"twisteros-supermanager","rpi5/twisteros-supermanager","rpi5\twisteros-supermanager\twister-dashboard\node_modules\iconv-lite\encodings\dbcs-data.js",".js","Description of supported double byte encodings and aliases."
"twisteros-supermanager","rpi5/twisteros-supermanager","rpi5\twisteros-supermanager\twister-dashboard\node_modules\iconv-lite\encodings\index.js",".js","Update this array if you add/rename/remove files in this directory."
"twisteros-supermanager","rpi5/twisteros-supermanager","rpi5\twisteros-supermanager\twister-dashboard\node_modules\iconv-lite\encodings\internal.js",".js","Export Node.js internal encodings."
"twisteros-supermanager","rpi5/twisteros-supermanager","rpi5\twisteros-supermanager\twister-dashboard\node_modules\iconv-lite\encodings\sbcs-codec.js",".js","Single-byte codec. Needs a 'chars' string parameter that contains 256 or 128 chars that"
"twisteros-supermanager","rpi5/twisteros-supermanager","rpi5\twisteros-supermanager\twister-dashboard\node_modules\iconv-lite\encodings\sbcs-data-generated.js",".js","Generated data for sbcs codec. Don't edit manually. Regenerate using generation/gen-sbcs.js script."
"twisteros-supermanager","rpi5/twisteros-supermanager","rpi5\twisteros-supermanager\twister-dashboard\node_modules\iconv-lite\encodings\sbcs-data.js",".js","Manually added data to be used by sbcs codec in addition to generated one."
"twisteros-supermanager","rpi5/twisteros-supermanager","rpi5\twisteros-supermanager\twister-dashboard\node_modules\iconv-lite\encodings\utf16.js",".js","Note: UTF16-LE (or UCS2) codec is Node.js native. See encodings/internal.js"
"twisteros-supermanager","rpi5/twisteros-supermanager","rpi5\twisteros-supermanager\twister-dashboard\node_modules\iconv-lite\encodings\utf7.js",".js","UTF-7 codec, according to https://tools.ietf.org/html/rfc2152"
"twisteros-supermanager","rpi5/twisteros-supermanager","rpi5\twisteros-supermanager\twister-dashboard\node_modules\iconv-lite\lib\bom-handling.js",".js","Skript bom-handling.js"
"twisteros-supermanager","rpi5/twisteros-supermanager","rpi5\twisteros-supermanager\twister-dashboard\node_modules\iconv-lite\lib\extend-node.js",".js","Note: not polyfilled with safer-buffer on a purpose, as overrides Buffer"
"twisteros-supermanager","rpi5/twisteros-supermanager","rpi5\twisteros-supermanager\twister-dashboard\node_modules\iconv-lite\lib\index.d.ts",".ts","*---------------------------------------------------------------------------------------------"
"twisteros-supermanager","rpi5/twisteros-supermanager","rpi5\twisteros-supermanager\twister-dashboard\node_modules\iconv-lite\lib\index.js",".js","Some environments don't have global Buffer (e.g. React Native)."
"twisteros-supermanager","rpi5/twisteros-supermanager","rpi5\twisteros-supermanager\twister-dashboard\node_modules\iconv-lite\lib\streams.js",".js","Skript streams.js"
"twisteros-supermanager","rpi5/twisteros-supermanager","rpi5\twisteros-supermanager\twister-dashboard\node_modules\inherits\inherits_browser.js",".js","implementation from standard node.js 'util' module"
"twisteros-supermanager","rpi5/twisteros-supermanager","rpi5\twisteros-supermanager\twister-dashboard\node_modules\inherits\inherits.js",".js","* istanbul ignore next */"
"twisteros-supermanager","rpi5/twisteros-supermanager","rpi5\twisteros-supermanager\twister-dashboard\node_modules\ipaddr.js\lib\ipaddr.js",".js","Skript ipaddr.js"
"twisteros-supermanager","rpi5/twisteros-supermanager","rpi5\twisteros-supermanager\twister-dashboard\node_modules\ipaddr.js\lib\ipaddr.js.d.ts",".ts","Skript ipaddr.js.d.ts"
"twisteros-supermanager","rpi5/twisteros-supermanager","rpi5\twisteros-supermanager\twister-dashboard\node_modules\ipaddr.js\ipaddr.min.js",".js","Skript ipaddr.min.js"
"twisteros-supermanager","rpi5/twisteros-supermanager","rpi5\twisteros-supermanager\twister-dashboard\node_modules\isarray\index.js",".js","Skript index.js"
"twisteros-supermanager","rpi5/twisteros-supermanager","rpi5\twisteros-supermanager\twister-dashboard\node_modules\isarray\test.js",".js","Skript test.js"
"twisteros-supermanager","rpi5/twisteros-supermanager","rpi5\twisteros-supermanager\twister-dashboard\node_modules\math-intrinsics\constants\maxArrayLength.d.ts",".ts","Skript maxArrayLength.d.ts"
"twisteros-supermanager","rpi5/twisteros-supermanager","rpi5\twisteros-supermanager\twister-dashboard\node_modules\math-intrinsics\constants\maxArrayLength.js",".js","** @type {import('./maxArrayLength')} */"
"twisteros-supermanager","rpi5/twisteros-supermanager","rpi5\twisteros-supermanager\twister-dashboard\node_modules\math-intrinsics\constants\maxSafeInteger.d.ts",".ts","Skript maxSafeInteger.d.ts"
"twisteros-supermanager","rpi5/twisteros-supermanager","rpi5\twisteros-supermanager\twister-dashboard\node_modules\math-intrinsics\constants\maxSafeInteger.js",".js","** @type {import('./maxSafeInteger')} */"
"twisteros-supermanager","rpi5/twisteros-supermanager","rpi5\twisteros-supermanager\twister-dashboard\node_modules\math-intrinsics\constants\maxValue.d.ts",".ts","Skript maxValue.d.ts"
"twisteros-supermanager","rpi5/twisteros-supermanager","rpi5\twisteros-supermanager\twister-dashboard\node_modules\math-intrinsics\constants\maxValue.js",".js","** @type {import('./maxValue')}  */"
"twisteros-supermanager","rpi5/twisteros-supermanager","rpi5\twisteros-supermanager\twister-dashboard\node_modules\math-intrinsics\test\index.js",".js","Skript index.js"
"twisteros-supermanager","rpi5/twisteros-supermanager","rpi5\twisteros-supermanager\twister-dashboard\node_modules\math-intrinsics\abs.d.ts",".ts","Skript abs.d.ts"
"twisteros-supermanager","rpi5/twisteros-supermanager","rpi5\twisteros-supermanager\twister-dashboard\node_modules\math-intrinsics\abs.js",".js","** @type {import('./abs')} */"
"twisteros-supermanager","rpi5/twisteros-supermanager","rpi5\twisteros-supermanager\twister-dashboard\node_modules\math-intrinsics\floor.d.ts",".ts","Skript floor.d.ts"
"twisteros-supermanager","rpi5/twisteros-supermanager","rpi5\twisteros-supermanager\twister-dashboard\node_modules\math-intrinsics\floor.js",".js","** @type {import('./floor')} */"
"twisteros-supermanager","rpi5/twisteros-supermanager","rpi5\twisteros-supermanager\twister-dashboard\node_modules\math-intrinsics\isFinite.d.ts",".ts","Skript isFinite.d.ts"
"twisteros-supermanager","rpi5/twisteros-supermanager","rpi5\twisteros-supermanager\twister-dashboard\node_modules\math-intrinsics\isFinite.js",".js","** @type {import('./isFinite')} */"
"twisteros-supermanager","rpi5/twisteros-supermanager","rpi5\twisteros-supermanager\twister-dashboard\node_modules\math-intrinsics\isInteger.d.ts",".ts","Skript isInteger.d.ts"
"twisteros-supermanager","rpi5/twisteros-supermanager","rpi5\twisteros-supermanager\twister-dashboard\node_modules\math-intrinsics\isInteger.js",".js","Skript isInteger.js"
"twisteros-supermanager","rpi5/twisteros-supermanager","rpi5\twisteros-supermanager\twister-dashboard\node_modules\math-intrinsics\isNaN.d.ts",".ts","Skript isNaN.d.ts"
"twisteros-supermanager","rpi5/twisteros-supermanager","rpi5\twisteros-supermanager\twister-dashboard\node_modules\math-intrinsics\isNaN.js",".js","** @type {import('./isNaN')} */"
"twisteros-supermanager","rpi5/twisteros-supermanager","rpi5\twisteros-supermanager\twister-dashboard\node_modules\math-intrinsics\isNegativeZero.d.ts",".ts","Skript isNegativeZero.d.ts"
"twisteros-supermanager","rpi5/twisteros-supermanager","rpi5\twisteros-supermanager\twister-dashboard\node_modules\math-intrinsics\isNegativeZero.js",".js","** @type {import('./isNegativeZero')} */"
"twisteros-supermanager","rpi5/twisteros-supermanager","rpi5\twisteros-supermanager\twister-dashboard\node_modules\math-intrinsics\max.d.ts",".ts","Skript max.d.ts"
"twisteros-supermanager","rpi5/twisteros-supermanager","rpi5\twisteros-supermanager\twister-dashboard\node_modules\math-intrinsics\max.js",".js","** @type {import('./max')} */"
"twisteros-supermanager","rpi5/twisteros-supermanager","rpi5\twisteros-supermanager\twister-dashboard\node_modules\math-intrinsics\min.d.ts",".ts","Skript min.d.ts"
"twisteros-supermanager","rpi5/twisteros-supermanager","rpi5\twisteros-supermanager\twister-dashboard\node_modules\math-intrinsics\min.js",".js","** @type {import('./min')} */"
"twisteros-supermanager","rpi5/twisteros-supermanager","rpi5\twisteros-supermanager\twister-dashboard\node_modules\math-intrinsics\mod.d.ts",".ts","Skript mod.d.ts"
"twisteros-supermanager","rpi5/twisteros-supermanager","rpi5\twisteros-supermanager\twister-dashboard\node_modules\math-intrinsics\mod.js",".js","** @type {import('./mod')} */"
"twisteros-supermanager","rpi5/twisteros-supermanager","rpi5\twisteros-supermanager\twister-dashboard\node_modules\math-intrinsics\pow.d.ts",".ts","Skript pow.d.ts"
"twisteros-supermanager","rpi5/twisteros-supermanager","rpi5\twisteros-supermanager\twister-dashboard\node_modules\math-intrinsics\pow.js",".js","** @type {import('./pow')} */"
"twisteros-supermanager","rpi5/twisteros-supermanager","rpi5\twisteros-supermanager\twister-dashboard\node_modules\math-intrinsics\round.d.ts",".ts","Skript round.d.ts"
"twisteros-supermanager","rpi5/twisteros-supermanager","rpi5\twisteros-supermanager\twister-dashboard\node_modules\math-intrinsics\round.js",".js","** @type {import('./round')} */"
"twisteros-supermanager","rpi5/twisteros-supermanager","rpi5\twisteros-supermanager\twister-dashboard\node_modules\math-intrinsics\sign.d.ts",".ts","Skript sign.d.ts"
"twisteros-supermanager","rpi5/twisteros-supermanager","rpi5\twisteros-supermanager\twister-dashboard\node_modules\math-intrinsics\sign.js",".js","** @type {import('./sign')} */"
"twisteros-supermanager","rpi5/twisteros-supermanager","rpi5\twisteros-supermanager\twister-dashboard\node_modules\media-typer\index.js",".js","*!"
"twisteros-supermanager","rpi5/twisteros-supermanager","rpi5\twisteros-supermanager\twister-dashboard\node_modules\merge-descriptors\index.js",".js","*!"
"twisteros-supermanager","rpi5/twisteros-supermanager","rpi5\twisteros-supermanager\twister-dashboard\node_modules\methods\index.js",".js","*!"
"twisteros-supermanager","rpi5/twisteros-supermanager","rpi5\twisteros-supermanager\twister-dashboard\node_modules\mime\src\build.js",".js","!/usr/bin/env node"
"twisteros-supermanager","rpi5/twisteros-supermanager","rpi5\twisteros-supermanager\twister-dashboard\node_modules\mime\src\test.js",".js","**"
"twisteros-supermanager","rpi5/twisteros-supermanager","rpi5\twisteros-supermanager\twister-dashboard\node_modules\mime\cli.js",".js","!/usr/bin/env node"
"twisteros-supermanager","rpi5/twisteros-supermanager","rpi5\twisteros-supermanager\twister-dashboard\node_modules\mime\mime.js",".js","Map of extension -> mime type"
"twisteros-supermanager","rpi5/twisteros-supermanager","rpi5\twisteros-supermanager\twister-dashboard\node_modules\mime-db\index.js",".js","*!"
"twisteros-supermanager","rpi5/twisteros-supermanager","rpi5\twisteros-supermanager\twister-dashboard\node_modules\mime-types\index.js",".js","*!"
"twisteros-supermanager","rpi5/twisteros-supermanager","rpi5\twisteros-supermanager\twister-dashboard\node_modules\minimist\example\parse.js",".js","Skript parse.js"
"twisteros-supermanager","rpi5/twisteros-supermanager","rpi5\twisteros-supermanager\twister-dashboard\node_modules\minimist\test\all_bool.js",".js","Skript all_bool.js"
"twisteros-supermanager","rpi5/twisteros-supermanager","rpi5\twisteros-supermanager\twister-dashboard\node_modules\minimist\test\bool.js",".js","Skript bool.js"
"twisteros-supermanager","rpi5/twisteros-supermanager","rpi5\twisteros-supermanager\twister-dashboard\node_modules\minimist\test\dash.js",".js","Skript dash.js"
"twisteros-supermanager","rpi5/twisteros-supermanager","rpi5\twisteros-supermanager\twister-dashboard\node_modules\minimist\test\default_bool.js",".js","Skript default_bool.js"
"twisteros-supermanager","rpi5/twisteros-supermanager","rpi5\twisteros-supermanager\twister-dashboard\node_modules\minimist\test\dotted.js",".js","Skript dotted.js"
"twisteros-supermanager","rpi5/twisteros-supermanager","rpi5\twisteros-supermanager\twister-dashboard\node_modules\minimist\test\kv_short.js",".js","Skript kv_short.js"
"twisteros-supermanager","rpi5/twisteros-supermanager","rpi5\twisteros-supermanager\twister-dashboard\node_modules\minimist\test\long.js",".js","Skript long.js"
"twisteros-supermanager","rpi5/twisteros-supermanager","rpi5\twisteros-supermanager\twister-dashboard\node_modules\minimist\test\num.js",".js","Skript num.js"
"twisteros-supermanager","rpi5/twisteros-supermanager","rpi5\twisteros-supermanager\twister-dashboard\node_modules\minimist\test\parse_modified.js",".js","Skript parse_modified.js"
"twisteros-supermanager","rpi5/twisteros-supermanager","rpi5\twisteros-supermanager\twister-dashboard\node_modules\minimist\test\parse.js",".js","Skript parse.js"
"twisteros-supermanager","rpi5/twisteros-supermanager","rpi5\twisteros-supermanager\twister-dashboard\node_modules\minimist\test\proto.js",".js","* eslint no-proto: 0 */"
"twisteros-supermanager","rpi5/twisteros-supermanager","rpi5\twisteros-supermanager\twister-dashboard\node_modules\minimist\test\short.js",".js","Skript short.js"
"twisteros-supermanager","rpi5/twisteros-supermanager","rpi5\twisteros-supermanager\twister-dashboard\node_modules\minimist\test\stop_early.js",".js","Skript stop_early.js"
"twisteros-supermanager","rpi5/twisteros-supermanager","rpi5\twisteros-supermanager\twister-dashboard\node_modules\minimist\test\unknown.js",".js","Skript unknown.js"
"twisteros-supermanager","rpi5/twisteros-supermanager","rpi5\twisteros-supermanager\twister-dashboard\node_modules\minimist\test\whitespace.js",".js","Skript whitespace.js"
"twisteros-supermanager","rpi5/twisteros-supermanager","rpi5\twisteros-supermanager\twister-dashboard\node_modules\minimist\index.js",".js","Skript index.js"
"twisteros-supermanager","rpi5/twisteros-supermanager","rpi5\twisteros-supermanager\twister-dashboard\node_modules\mkdirp\bin\cmd.js",".js","!/usr/bin/env node"
"twisteros-supermanager","rpi5/twisteros-supermanager","rpi5\twisteros-supermanager\twister-dashboard\node_modules\mkdirp\index.js",".js","Skript index.js"
"twisteros-supermanager","rpi5/twisteros-supermanager","rpi5\twisteros-supermanager\twister-dashboard\node_modules\ms\index.js",".js","**"
"twisteros-supermanager","rpi5/twisteros-supermanager","rpi5\twisteros-supermanager\twister-dashboard\node_modules\multer\lib\counter.js",".js","Skript counter.js"
"twisteros-supermanager","rpi5/twisteros-supermanager","rpi5\twisteros-supermanager\twister-dashboard\node_modules\multer\lib\file-appender.js",".js","Skript file-appender.js"
"twisteros-supermanager","rpi5/twisteros-supermanager","rpi5\twisteros-supermanager\twister-dashboard\node_modules\multer\lib\make-middleware.js",".js","Skript make-middleware.js"
"twisteros-supermanager","rpi5/twisteros-supermanager","rpi5\twisteros-supermanager\twister-dashboard\node_modules\multer\lib\multer-error.js",".js","Skript multer-error.js"
"twisteros-supermanager","rpi5/twisteros-supermanager","rpi5\twisteros-supermanager\twister-dashboard\node_modules\multer\lib\remove-uploaded-files.js",".js","Skript remove-uploaded-files.js"
"twisteros-supermanager","rpi5/twisteros-supermanager","rpi5\twisteros-supermanager\twister-dashboard\node_modules\multer\storage\disk.js",".js","Skript disk.js"
"twisteros-supermanager","rpi5/twisteros-supermanager","rpi5\twisteros-supermanager\twister-dashboard\node_modules\multer\storage\memory.js",".js","Skript memory.js"
"twisteros-supermanager","rpi5/twisteros-supermanager","rpi5\twisteros-supermanager\twister-dashboard\node_modules\multer\index.js",".js","Skript index.js"
"twisteros-supermanager","rpi5/twisteros-supermanager","rpi5\twisteros-supermanager\twister-dashboard\node_modules\negotiator\lib\encoding.js",".js","**"
"twisteros-supermanager","rpi5/twisteros-supermanager","rpi5\twisteros-supermanager\twister-dashboard\node_modules\negotiator\lib\charset.js",".js","**"
"twisteros-supermanager","rpi5/twisteros-supermanager","rpi5\twisteros-supermanager\twister-dashboard\node_modules\negotiator\lib\language.js",".js","**"
"twisteros-supermanager","rpi5/twisteros-supermanager","rpi5\twisteros-supermanager\twister-dashboard\node_modules\negotiator\lib\mediaType.js",".js","**"
"twisteros-supermanager","rpi5/twisteros-supermanager","rpi5\twisteros-supermanager\twister-dashboard\node_modules\negotiator\index.js",".js","*!"
"twisteros-supermanager","rpi5/twisteros-supermanager","rpi5\twisteros-supermanager\twister-dashboard\node_modules\node-fetch\lib\index.es.js",".js","Skript index.es.js"
"twisteros-supermanager","rpi5/twisteros-supermanager","rpi5\twisteros-supermanager\twister-dashboard\node_modules\node-fetch\lib\index.js",".js","Skript index.js"
"twisteros-supermanager","rpi5/twisteros-supermanager","rpi5\twisteros-supermanager\twister-dashboard\node_modules\node-fetch\browser.js",".js","ref: https://github.com/tc39/proposal-global"
"twisteros-supermanager","rpi5/twisteros-supermanager","rpi5\twisteros-supermanager\twister-dashboard\node_modules\object-assign\index.js",".js","*"
"twisteros-supermanager","rpi5/twisteros-supermanager","rpi5\twisteros-supermanager\twister-dashboard\node_modules\object-inspect\example\all.js",".js","Skript all.js"
"twisteros-supermanager","rpi5/twisteros-supermanager","rpi5\twisteros-supermanager\twister-dashboard\node_modules\object-inspect\example\circular.js",".js","Skript circular.js"
"twisteros-supermanager","rpi5/twisteros-supermanager","rpi5\twisteros-supermanager\twister-dashboard\node_modules\object-inspect\example\fn.js",".js","Skript fn.js"
"twisteros-supermanager","rpi5/twisteros-supermanager","rpi5\twisteros-supermanager\twister-dashboard\node_modules\object-inspect\example\inspect.js",".js","* eslint-env browser */"
"twisteros-supermanager","rpi5/twisteros-supermanager","rpi5\twisteros-supermanager\twister-dashboard\node_modules\object-inspect\test\browser\dom.js",".js","Skript dom.js"
"twisteros-supermanager","rpi5/twisteros-supermanager","rpi5\twisteros-supermanager\twister-dashboard\node_modules\object-inspect\test\bigint.js",".js","Skript bigint.js"
"twisteros-supermanager","rpi5/twisteros-supermanager","rpi5\twisteros-supermanager\twister-dashboard\node_modules\object-inspect\test\circular.js",".js","Skript circular.js"
"twisteros-supermanager","rpi5/twisteros-supermanager","rpi5\twisteros-supermanager\twister-dashboard\node_modules\object-inspect\test\deep.js",".js","Skript deep.js"
"twisteros-supermanager","rpi5/twisteros-supermanager","rpi5\twisteros-supermanager\twister-dashboard\node_modules\object-inspect\test\element.js",".js","Skript element.js"
"twisteros-supermanager","rpi5/twisteros-supermanager","rpi5\twisteros-supermanager\twister-dashboard\node_modules\object-inspect\test\err.js",".js","Skript err.js"
"twisteros-supermanager","rpi5/twisteros-supermanager","rpi5\twisteros-supermanager\twister-dashboard\node_modules\object-inspect\test\fakes.js",".js","Skript fakes.js"
"twisteros-supermanager","rpi5/twisteros-supermanager","rpi5\twisteros-supermanager\twister-dashboard\node_modules\object-inspect\test\fn.js",".js","Skript fn.js"
"twisteros-supermanager","rpi5/twisteros-supermanager","rpi5\twisteros-supermanager\twister-dashboard\node_modules\object-inspect\test\global.js",".js","Skript global.js"
"twisteros-supermanager","rpi5/twisteros-supermanager","rpi5\twisteros-supermanager\twister-dashboard\node_modules\object-inspect\test\has.js",".js","Skript has.js"
"twisteros-supermanager","rpi5/twisteros-supermanager","rpi5\twisteros-supermanager\twister-dashboard\node_modules\object-inspect\test\holes.js",".js","Skript holes.js"
"twisteros-supermanager","rpi5/twisteros-supermanager","rpi5\twisteros-supermanager\twister-dashboard\node_modules\object-inspect\test\indent-option.js",".js","Skript indent-option.js"
"twisteros-supermanager","rpi5/twisteros-supermanager","rpi5\twisteros-supermanager\twister-dashboard\node_modules\object-inspect\test\inspect.js",".js","Skript inspect.js"
"twisteros-supermanager","rpi5/twisteros-supermanager","rpi5\twisteros-supermanager\twister-dashboard\node_modules\object-inspect\test\lowbyte.js",".js","Skript lowbyte.js"
"twisteros-supermanager","rpi5/twisteros-supermanager","rpi5\twisteros-supermanager\twister-dashboard\node_modules\object-inspect\test\number.js",".js","Skript number.js"
"twisteros-supermanager","rpi5/twisteros-supermanager","rpi5\twisteros-supermanager\twister-dashboard\node_modules\object-inspect\test\quoteStyle.js",".js","Skript quoteStyle.js"
"twisteros-supermanager","rpi5/twisteros-supermanager","rpi5\twisteros-supermanager\twister-dashboard\node_modules\object-inspect\test\toStringTag.js",".js","Skript toStringTag.js"
"twisteros-supermanager","rpi5/twisteros-supermanager","rpi5\twisteros-supermanager\twister-dashboard\node_modules\object-inspect\test\undef.js",".js","Skript undef.js"
"twisteros-supermanager","rpi5/twisteros-supermanager","rpi5\twisteros-supermanager\twister-dashboard\node_modules\object-inspect\test\values.js",".js","Skript values.js"
"twisteros-supermanager","rpi5/twisteros-supermanager","rpi5\twisteros-supermanager\twister-dashboard\node_modules\object-inspect\index.js",".js","Skript index.js"
"twisteros-supermanager","rpi5/twisteros-supermanager","rpi5\twisteros-supermanager\twister-dashboard\node_modules\object-inspect\test-core-js.js",".js","Skript test-core-js.js"
"twisteros-supermanager","rpi5/twisteros-supermanager","rpi5\twisteros-supermanager\twister-dashboard\node_modules\object-inspect\util.inspect.js",".js","Skript util.inspect.js"
"twisteros-supermanager","rpi5/twisteros-supermanager","rpi5\twisteros-supermanager\twister-dashboard\node_modules\on-finished\index.js",".js","*!"
"twisteros-supermanager","rpi5/twisteros-supermanager","rpi5\twisteros-supermanager\twister-dashboard\node_modules\parseurl\index.js",".js","*!"
"twisteros-supermanager","rpi5/twisteros-supermanager","rpi5\twisteros-supermanager\twister-dashboard\node_modules\path-to-regexp\index.js",".js","**"
"twisteros-supermanager","rpi5/twisteros-supermanager","rpi5\twisteros-supermanager\twister-dashboard\node_modules\process-nextick-args\index.js",".js","Skript index.js"
"twisteros-supermanager","rpi5/twisteros-supermanager","rpi5\twisteros-supermanager\twister-dashboard\node_modules\proxy-addr\index.js",".js","*!"
"twisteros-supermanager","rpi5/twisteros-supermanager","rpi5\twisteros-supermanager\twister-dashboard\node_modules\qs\dist\qs.js",".js","Skript qs.js"
"twisteros-supermanager","rpi5/twisteros-supermanager","rpi5\twisteros-supermanager\twister-dashboard\node_modules\qs\lib\formats.js",".js","Skript formats.js"
"twisteros-supermanager","rpi5/twisteros-supermanager","rpi5\twisteros-supermanager\twister-dashboard\node_modules\qs\lib\index.js",".js","Skript index.js"
"twisteros-supermanager","rpi5/twisteros-supermanager","rpi5\twisteros-supermanager\twister-dashboard\node_modules\qs\lib\parse.js",".js","Skript parse.js"
"twisteros-supermanager","rpi5/twisteros-supermanager","rpi5\twisteros-supermanager\twister-dashboard\node_modules\qs\lib\stringify.js",".js","Skript stringify.js"
"twisteros-supermanager","rpi5/twisteros-supermanager","rpi5\twisteros-supermanager\twister-dashboard\node_modules\qs\lib\utils.js",".js","Skript utils.js"
"twisteros-supermanager","rpi5/twisteros-supermanager","rpi5\twisteros-supermanager\twister-dashboard\node_modules\qs\test\empty-keys-cases.js",".js","Skript empty-keys-cases.js"
"twisteros-supermanager","rpi5/twisteros-supermanager","rpi5\twisteros-supermanager\twister-dashboard\node_modules\qs\test\parse.js",".js","Skript parse.js"
"twisteros-supermanager","rpi5/twisteros-supermanager","rpi5\twisteros-supermanager\twister-dashboard\node_modules\qs\test\stringify.js",".js","Skript stringify.js"
"twisteros-supermanager","rpi5/twisteros-supermanager","rpi5\twisteros-supermanager\twister-dashboard\node_modules\qs\test\utils.js",".js","Skript utils.js"
"twisteros-supermanager","rpi5/twisteros-supermanager","rpi5\twisteros-supermanager\twister-dashboard\node_modules\range-parser\index.js",".js","*!"
"twisteros-supermanager","rpi5/twisteros-supermanager","rpi5\twisteros-supermanager\twister-dashboard\node_modules\raw-body\index.d.ts",".ts","Skript index.d.ts"
"twisteros-supermanager","rpi5/twisteros-supermanager","rpi5\twisteros-supermanager\twister-dashboard\node_modules\raw-body\index.js",".js","*!"
"twisteros-supermanager","rpi5/twisteros-supermanager","rpi5\twisteros-supermanager\twister-dashboard\node_modules\readable-stream\lib\internal\streams\BufferList.js",".js","Skript BufferList.js"
"twisteros-supermanager","rpi5/twisteros-supermanager","rpi5\twisteros-supermanager\twister-dashboard\node_modules\readable-stream\lib\internal\streams\destroy.js",".js","*<replacement>*/"
"twisteros-supermanager","rpi5/twisteros-supermanager","rpi5\twisteros-supermanager\twister-dashboard\node_modules\readable-stream\lib\internal\streams\stream-browser.js",".js","Skript stream-browser.js"
"twisteros-supermanager","rpi5/twisteros-supermanager","rpi5\twisteros-supermanager\twister-dashboard\node_modules\readable-stream\lib\internal\streams\stream.js",".js","Skript stream.js"
"twisteros-supermanager","rpi5/twisteros-supermanager","rpi5\twisteros-supermanager\twister-dashboard\node_modules\readable-stream\lib\_stream_duplex.js",".js","Copyright Joyent, Inc. and other Node contributors."
"twisteros-supermanager","rpi5/twisteros-supermanager","rpi5\twisteros-supermanager\twister-dashboard\node_modules\readable-stream\lib\_stream_passthrough.js",".js","Copyright Joyent, Inc. and other Node contributors."
"twisteros-supermanager","rpi5/twisteros-supermanager","rpi5\twisteros-supermanager\twister-dashboard\node_modules\readable-stream\lib\_stream_readable.js",".js","Copyright Joyent, Inc. and other Node contributors."
"twisteros-supermanager","rpi5/twisteros-supermanager","rpi5\twisteros-supermanager\twister-dashboard\node_modules\readable-stream\lib\_stream_transform.js",".js","Copyright Joyent, Inc. and other Node contributors."
"twisteros-supermanager","rpi5/twisteros-supermanager","rpi5\twisteros-supermanager\twister-dashboard\node_modules\readable-stream\lib\_stream_writable.js",".js","Copyright Joyent, Inc. and other Node contributors."
"twisteros-supermanager","rpi5/twisteros-supermanager","rpi5\twisteros-supermanager\twister-dashboard\node_modules\readable-stream\node_modules\safe-buffer\index.d.ts",".ts","Skript index.d.ts"
"twisteros-supermanager","rpi5/twisteros-supermanager","rpi5\twisteros-supermanager\twister-dashboard\node_modules\readable-stream\node_modules\safe-buffer\index.js",".js","* eslint-disable node/no-deprecated-api */"
"twisteros-supermanager","rpi5/twisteros-supermanager","rpi5\twisteros-supermanager\twister-dashboard\node_modules\readable-stream\duplex-browser.js",".js","Skript duplex-browser.js"
"twisteros-supermanager","rpi5/twisteros-supermanager","rpi5\twisteros-supermanager\twister-dashboard\node_modules\readable-stream\duplex.js",".js","Skript duplex.js"
"twisteros-supermanager","rpi5/twisteros-supermanager","rpi5\twisteros-supermanager\twister-dashboard\node_modules\readable-stream\passthrough.js",".js","Skript passthrough.js"
"twisteros-supermanager","rpi5/twisteros-supermanager","rpi5\twisteros-supermanager\twister-dashboard\node_modules\readable-stream\readable-browser.js",".js","Skript readable-browser.js"
"twisteros-supermanager","rpi5/twisteros-supermanager","rpi5\twisteros-supermanager\twister-dashboard\node_modules\readable-stream\readable.js",".js","Skript readable.js"
"twisteros-supermanager","rpi5/twisteros-supermanager","rpi5\twisteros-supermanager\twister-dashboard\node_modules\readable-stream\transform.js",".js","Skript transform.js"
"twisteros-supermanager","rpi5/twisteros-supermanager","rpi5\twisteros-supermanager\twister-dashboard\node_modules\readable-stream\writable-browser.js",".js","Skript writable-browser.js"
"twisteros-supermanager","rpi5/twisteros-supermanager","rpi5\twisteros-supermanager\twister-dashboard\node_modules\readable-stream\writable.js",".js","Skript writable.js"
"twisteros-supermanager","rpi5/twisteros-supermanager","rpi5\twisteros-supermanager\twister-dashboard\node_modules\safe-buffer\index.d.ts",".ts","Skript index.d.ts"
"twisteros-supermanager","rpi5/twisteros-supermanager","rpi5\twisteros-supermanager\twister-dashboard\node_modules\safe-buffer\index.js",".js","*! safe-buffer. MIT License. Feross Aboukhadijeh <https://feross.org/opensource> */"
"twisteros-supermanager","rpi5/twisteros-supermanager","rpi5\twisteros-supermanager\twister-dashboard\node_modules\safer-buffer\dangerous.js",".js","* eslint-disable node/no-deprecated-api */"
"twisteros-supermanager","rpi5/twisteros-supermanager","rpi5\twisteros-supermanager\twister-dashboard\node_modules\safer-buffer\safer.js",".js","* eslint-disable node/no-deprecated-api */"
"twisteros-supermanager","rpi5/twisteros-supermanager","rpi5\twisteros-supermanager\twister-dashboard\node_modules\safer-buffer\tests.js",".js","* eslint-disable node/no-deprecated-api */"
"twisteros-supermanager","rpi5/twisteros-supermanager","rpi5\twisteros-supermanager\twister-dashboard\node_modules\send\node_modules\encodeurl\index.js",".js","*!"
"twisteros-supermanager","rpi5/twisteros-supermanager","rpi5\twisteros-supermanager\twister-dashboard\node_modules\send\node_modules\ms\index.js",".js","**"
"twisteros-supermanager","rpi5/twisteros-supermanager","rpi5\twisteros-supermanager\twister-dashboard\node_modules\send\index.js",".js","*!"
"twisteros-supermanager","rpi5/twisteros-supermanager","rpi5\twisteros-supermanager\twister-dashboard\node_modules\serve-static\index.js",".js","*!"
"twisteros-supermanager","rpi5/twisteros-supermanager","rpi5\twisteros-supermanager\twister-dashboard\node_modules\setprototypeof\test\index.js",".js","* eslint-env mocha */"
"twisteros-supermanager","rpi5/twisteros-supermanager","rpi5\twisteros-supermanager\twister-dashboard\node_modules\setprototypeof\index.d.ts",".ts","Skript index.d.ts"
"twisteros-supermanager","rpi5/twisteros-supermanager","rpi5\twisteros-supermanager\twister-dashboard\node_modules\setprototypeof\index.js",".js","* eslint no-proto: 0 */"
"twisteros-supermanager","rpi5/twisteros-supermanager","rpi5\twisteros-supermanager\twister-dashboard\node_modules\side-channel\test\index.js",".js","Skript index.js"
"twisteros-supermanager","rpi5/twisteros-supermanager","rpi5\twisteros-supermanager\twister-dashboard\node_modules\side-channel\index.d.ts",".ts","Skript index.d.ts"
"twisteros-supermanager","rpi5/twisteros-supermanager","rpi5\twisteros-supermanager\twister-dashboard\node_modules\side-channel\index.js",".js","Skript index.js"
"twisteros-supermanager","rpi5/twisteros-supermanager","rpi5\twisteros-supermanager\twister-dashboard\node_modules\side-channel-list\test\index.js",".js","Skript index.js"
"twisteros-supermanager","rpi5/twisteros-supermanager","rpi5\twisteros-supermanager\twister-dashboard\node_modules\side-channel-list\index.d.ts",".ts","Skript index.d.ts"
"twisteros-supermanager","rpi5/twisteros-supermanager","rpi5\twisteros-supermanager\twister-dashboard\node_modules\side-channel-list\index.js",".js","Skript index.js"
"twisteros-supermanager","rpi5/twisteros-supermanager","rpi5\twisteros-supermanager\twister-dashboard\node_modules\side-channel-list\list.d.ts",".ts","Skript list.d.ts"
"twisteros-supermanager","rpi5/twisteros-supermanager","rpi5\twisteros-supermanager\twister-dashboard\node_modules\side-channel-map\test\index.js",".js","Skript index.js"
"twisteros-supermanager","rpi5/twisteros-supermanager","rpi5\twisteros-supermanager\twister-dashboard\node_modules\side-channel-map\index.d.ts",".ts","Skript index.d.ts"
"twisteros-supermanager","rpi5/twisteros-supermanager","rpi5\twisteros-supermanager\twister-dashboard\node_modules\side-channel-map\index.js",".js","Skript index.js"
"twisteros-supermanager","rpi5/twisteros-supermanager","rpi5\twisteros-supermanager\twister-dashboard\node_modules\side-channel-weakmap\test\index.js",".js","Skript index.js"
"twisteros-supermanager","rpi5/twisteros-supermanager","rpi5\twisteros-supermanager\twister-dashboard\node_modules\side-channel-weakmap\index.d.ts",".ts","Skript index.d.ts"
"twisteros-supermanager","rpi5/twisteros-supermanager","rpi5\twisteros-supermanager\twister-dashboard\node_modules\side-channel-weakmap\index.js",".js","Skript index.js"
"twisteros-supermanager","rpi5/twisteros-supermanager","rpi5\twisteros-supermanager\twister-dashboard\node_modules\statuses\index.js",".js","*!"
"twisteros-supermanager","rpi5/twisteros-supermanager","rpi5\twisteros-supermanager\twister-dashboard\node_modules\streamsearch\lib\sbmh.js",".js","*"
"twisteros-supermanager","rpi5/twisteros-supermanager","rpi5\twisteros-supermanager\twister-dashboard\node_modules\streamsearch\test\test.js",".js","Skript test.js"
"twisteros-supermanager","rpi5/twisteros-supermanager","rpi5\twisteros-supermanager\twister-dashboard\node_modules\streamsearch\.eslintrc.js",".js","Skript .eslintrc.js"
"twisteros-supermanager","rpi5/twisteros-supermanager","rpi5\twisteros-supermanager\twister-dashboard\node_modules\string_decoder\lib\string_decoder.js",".js","Copyright Joyent, Inc. and other Node contributors."
"twisteros-supermanager","rpi5/twisteros-supermanager","rpi5\twisteros-supermanager\twister-dashboard\node_modules\string_decoder\node_modules\safe-buffer\index.d.ts",".ts","Skript index.d.ts"
"twisteros-supermanager","rpi5/twisteros-supermanager","rpi5\twisteros-supermanager\twister-dashboard\node_modules\string_decoder\node_modules\safe-buffer\index.js",".js","* eslint-disable node/no-deprecated-api */"
"twisteros-supermanager","rpi5/twisteros-supermanager","rpi5\twisteros-supermanager\twister-dashboard\node_modules\toidentifier\index.js",".js","*!"
"twisteros-supermanager","rpi5/twisteros-supermanager","rpi5\twisteros-supermanager\twister-dashboard\node_modules\tr46\index.js",".js","Skript index.js"
"twisteros-supermanager","rpi5/twisteros-supermanager","rpi5\twisteros-supermanager\twister-dashboard\node_modules\type-is\index.js",".js","*!"
"twisteros-supermanager","rpi5/twisteros-supermanager","rpi5\twisteros-supermanager\twister-dashboard\node_modules\typedarray\example\tarray.js",".js","Skript tarray.js"
"twisteros-supermanager","rpi5/twisteros-supermanager","rpi5\twisteros-supermanager\twister-dashboard\node_modules\typedarray\test\server\undef_globals.js",".js","Skript undef_globals.js"
"twisteros-supermanager","rpi5/twisteros-supermanager","rpi5\twisteros-supermanager\twister-dashboard\node_modules\typedarray\test\tarray.js",".js","Skript tarray.js"
"twisteros-supermanager","rpi5/twisteros-supermanager","rpi5\twisteros-supermanager\twister-dashboard\node_modules\typedarray\index.js",".js","Beyond this value, index getters/setters (i.e. array[0], array[1]) are so slow to"
"twisteros-supermanager","rpi5/twisteros-supermanager","rpi5\twisteros-supermanager\twister-dashboard\node_modules\unpipe\index.js",".js","*!"
"twisteros-supermanager","rpi5/twisteros-supermanager","rpi5\twisteros-supermanager\twister-dashboard\node_modules\util-deprecate\browser.js",".js","**"
"twisteros-supermanager","rpi5/twisteros-supermanager","rpi5\twisteros-supermanager\twister-dashboard\node_modules\util-deprecate\node.js",".js","**"
"twisteros-supermanager","rpi5/twisteros-supermanager","rpi5\twisteros-supermanager\twister-dashboard\node_modules\utils-merge\index.js",".js","**"
"twisteros-supermanager","rpi5/twisteros-supermanager","rpi5\twisteros-supermanager\twister-dashboard\node_modules\vary\index.js",".js","*!"
"twisteros-supermanager","rpi5/twisteros-supermanager","rpi5\twisteros-supermanager\twister-dashboard\node_modules\webidl-conversions\lib\index.js",".js","Skript index.js"
"twisteros-supermanager","rpi5/twisteros-supermanager","rpi5\twisteros-supermanager\twister-dashboard\node_modules\whatwg-url\lib\public-api.js",".js","Skript public-api.js"
"twisteros-supermanager","rpi5/twisteros-supermanager","rpi5\twisteros-supermanager\twister-dashboard\node_modules\whatwg-url\lib\URL-impl.js",".js","Skript URL-impl.js"
"twisteros-supermanager","rpi5/twisteros-supermanager","rpi5\twisteros-supermanager\twister-dashboard\node_modules\whatwg-url\lib\url-state-machine.js",".js","Skript url-state-machine.js"
"twisteros-supermanager","rpi5/twisteros-supermanager","rpi5\twisteros-supermanager\twister-dashboard\node_modules\whatwg-url\lib\URL.js",".js","Skript URL.js"
"twisteros-supermanager","rpi5/twisteros-supermanager","rpi5\twisteros-supermanager\twister-dashboard\node_modules\whatwg-url\lib\utils.js",".js","Skript utils.js"
"twisteros-supermanager","rpi5/twisteros-supermanager","rpi5\twisteros-supermanager\twister-dashboard\node_modules\xtend\immutable.js",".js","Skript immutable.js"
"twisteros-supermanager","rpi5/twisteros-supermanager","rpi5\twisteros-supermanager\twister-dashboard\node_modules\xtend\mutable.js",".js","Skript mutable.js"
"twisteros-supermanager","rpi5/twisteros-supermanager","rpi5\twisteros-supermanager\twister-dashboard\node_modules\xtend\test.js",".js","Skript test.js"
"twisteros-supermanager","rpi5/twisteros-supermanager","rpi5\twisteros-supermanager\twister-dashboard\ai.js",".js","Skript ai.js"
"twisteros-supermanager","rpi5/twisteros-supermanager","rpi5\twisteros-supermanager\twister-dashboard\app.js",".js","app.js - Twister Dashboard backend (Express)"
"twisteros-supermanager","rpi5/twisteros-supermanager","rpi5\twisteros-supermanager\build_deb.sh",".sh","!/bin/bash"
"twisteros-supermanager","rpi5/twisteros-supermanager","rpi5\twisteros-supermanager\check_project.sh",".sh","!/bin/bash"
"twisteros-supermanager","rpi5/twisteros-supermanager","rpi5\twisteros-supermanager\install_from_github.sh",".sh","!/bin/bash"
"twisteros-supermanager","rpi5/twisteros-supermanager","rpi5\twisteros-supermanager\install.sh",".sh","!/bin/bash"
"twisteros-supermanager","rpi5/twisteros-supermanager","rpi5\twisteros-supermanager\supermanager.sh",".sh","!/bin/bash"
"twisteros-supermanager","rpi5/twisteros-supermanager","rpi5\twisteros-supermanager\twisteros_supermanager_full_installer.sh",".sh","!/bin/bash"
"ubuntu-gameserver","infrastructure/ubuntu-gameserver","infrastructure\ubuntu-gameserver\gamehub\lib\config.sh",".sh","!/bin/bash"
"ubuntu-gameserver","infrastructure/ubuntu-gameserver","infrastructure\ubuntu-gameserver\gamehub\lib\functions.sh",".sh","!/bin/bash"
"ubuntu-gameserver","infrastructure/ubuntu-gameserver","infrastructure\ubuntu-gameserver\gamehub\modules\00_system.sh",".sh","!/bin/bash"
"ubuntu-gameserver","infrastructure/ubuntu-gameserver","infrastructure\ubuntu-gameserver\gamehub\modules\01_database.sh",".sh","!/bin/bash"
"ubuntu-gameserver","infrastructure/ubuntu-gameserver","infrastructure\ubuntu-gameserver\gamehub\modules\02_core.sh",".sh","!/bin/bash"
"ubuntu-gameserver","infrastructure/ubuntu-gameserver","infrastructure\ubuntu-gameserver\gamehub\modules\03_dashboard.sh",".sh","!/bin/bash"
"ubuntu-gameserver","infrastructure/ubuntu-gameserver","infrastructure\ubuntu-gameserver\gamehub\modules\04_gaming.sh",".sh","!/bin/bash"
"ubuntu-gameserver","infrastructure/ubuntu-gameserver","infrastructure\ubuntu-gameserver\gamehub\modules\10_security.sh",".sh","!/bin/bash"
"ubuntu-gameserver","infrastructure/ubuntu-gameserver","infrastructure\ubuntu-gameserver\gamehub\modules\11_performance.sh",".sh","!/bin/bash"
"ubuntu-gameserver","infrastructure/ubuntu-gameserver","infrastructure\ubuntu-gameserver\gamehub\modules\12_docker.sh",".sh","!/bin/bash"
"ubuntu-gameserver","infrastructure/ubuntu-gameserver","infrastructure\ubuntu-gameserver\gamehub\modules\13_monitoring.sh",".sh","!/bin/bash"
"ubuntu-gameserver","infrastructure/ubuntu-gameserver","infrastructure\ubuntu-gameserver\gamehub\modules\14_backup.sh",".sh","!/bin/bash"
"ubuntu-gameserver","infrastructure/ubuntu-gameserver","infrastructure\ubuntu-gameserver\gamehub\modules\20_linuxgsm.sh",".sh","!/bin/bash"
"ubuntu-gameserver","infrastructure/ubuntu-gameserver","infrastructure\ubuntu-gameserver\gamehub\modules\21_filebrowser.sh",".sh","!/bin/bash"
"ubuntu-gameserver","infrastructure/ubuntu-gameserver","infrastructure\ubuntu-gameserver\gamehub\modules\22_voice.sh",".sh","!/bin/bash"
"ubuntu-gameserver","infrastructure/ubuntu-gameserver","infrastructure\ubuntu-gameserver\gamehub\modules\23_desktop.sh",".sh","!/bin/bash"
"ubuntu-gameserver","infrastructure/ubuntu-gameserver","infrastructure\ubuntu-gameserver\gamehub\modules\24_vpn.sh",".sh","!/bin/bash"
"ubuntu-gameserver","infrastructure/ubuntu-gameserver","infrastructure\ubuntu-gameserver\gamehub\modules\25_maintenance.sh",".sh","!/bin/bash"
"ubuntu-gameserver","infrastructure/ubuntu-gameserver","infrastructure\ubuntu-gameserver\gamehub\modules\32_game_engine.sh",".sh","!/bin/bash"
"ubuntu-gameserver","infrastructure/ubuntu-gameserver","infrastructure\ubuntu-gameserver\gamehub\modules\33_web_features.sh",".sh","!/bin/bash"
"ubuntu-gameserver","infrastructure/ubuntu-gameserver","infrastructure\ubuntu-gameserver\gamehub\modules\40_wings.sh",".sh","!/bin/bash"
"ubuntu-gameserver","infrastructure/ubuntu-gameserver","infrastructure\ubuntu-gameserver\gamehub\modules\41_streaming_pro.sh",".sh","!/bin/bash"
"ubuntu-gameserver","infrastructure/ubuntu-gameserver","infrastructure\ubuntu-gameserver\gamehub\modules\42_library.sh",".sh","!/bin/bash"
"ubuntu-gameserver","infrastructure/ubuntu-gameserver","infrastructure\ubuntu-gameserver\gamehub\modules\50_automation.sh",".sh","!/bin/bash"
"ubuntu-gameserver","infrastructure/ubuntu-gameserver","infrastructure\ubuntu-gameserver\gamehub\modules\51_advanced_gui.sh",".sh","!/bin/bash"
"ubuntu-gameserver","infrastructure/ubuntu-gameserver","infrastructure\ubuntu-gameserver\gamehub\modules\60_drivers.sh",".sh","!/bin/bash"
"ubuntu-gameserver","infrastructure/ubuntu-gameserver","infrastructure\ubuntu-gameserver\gamehub\modules\61_bios.sh",".sh","!/bin/bash"
"ubuntu-gameserver","infrastructure/ubuntu-gameserver","infrastructure\ubuntu-gameserver\gamehub\modules\62_roms.sh",".sh","!/bin/bash"
"ubuntu-gameserver","infrastructure/ubuntu-gameserver","infrastructure\ubuntu-gameserver\gamehub\modules\63_system_boost.sh",".sh","!/bin/bash"
"ubuntu-gameserver","infrastructure/ubuntu-gameserver","infrastructure\ubuntu-gameserver\gamehub\modules\70_modern_gui.sh",".sh","!/bin/bash"
"ubuntu-gameserver","infrastructure/ubuntu-gameserver","infrastructure\ubuntu-gameserver\gamehub\modules\71_game_manager.sh",".sh","!/bin/bash"
"ubuntu-gameserver","infrastructure/ubuntu-gameserver","infrastructure\ubuntu-gameserver\gamehub\modules\72_scraper.sh",".sh","!/bin/bash"
"ubuntu-gameserver","infrastructure/ubuntu-gameserver","infrastructure\ubuntu-gameserver\gamehub\modules\80_cleanup.sh",".sh","!/bin/bash"
"ubuntu-gameserver","infrastructure/ubuntu-gameserver","infrastructure\ubuntu-gameserver\gamehub\modules\81_docs.sh",".sh","!/bin/bash"
"ubuntu-gameserver","infrastructure/ubuntu-gameserver","infrastructure\ubuntu-gameserver\gamehub\modules\90_mobile.sh",".sh","!/bin/bash"
"ubuntu-gameserver","infrastructure/ubuntu-gameserver","infrastructure\ubuntu-gameserver\gamehub\modules\91_discord.sh",".sh","!/bin/bash"
"ubuntu-gameserver","infrastructure/ubuntu-gameserver","infrastructure\ubuntu-gameserver\gamehub\modules\92_workshop.sh",".sh","!/bin/bash"
"ubuntu-gameserver","infrastructure/ubuntu-gameserver","infrastructure\ubuntu-gameserver\gamehub\advanced.sh",".sh","!/bin/bash"
"ubuntu-gameserver","infrastructure/ubuntu-gameserver","infrastructure\ubuntu-gameserver\gamehub\backup_streaming.sh",".sh","!/bin/bash"
"ubuntu-gameserver","infrastructure/ubuntu-gameserver","infrastructure\ubuntu-gameserver\gamehub\cleanup_and_docs.sh",".sh","!/bin/bash"
"ubuntu-gameserver","infrastructure/ubuntu-gameserver","infrastructure\ubuntu-gameserver\gamehub\dok.sh",".sh","Vytvoření dokumentace"
"ubuntu-gameserver","infrastructure/ubuntu-gameserver","infrastructure\ubuntu-gameserver\gamehub\extensions.sh",".sh","!/bin/bash"
"ubuntu-gameserver","infrastructure/ubuntu-gameserver","infrastructure\ubuntu-gameserver\gamehub\final_addons.sh",".sh","!/bin/bash"
"ubuntu-gameserver","infrastructure/ubuntu-gameserver","infrastructure\ubuntu-gameserver\gamehub\gamehub_master.sh",".sh","!/bin/bash"
"ubuntu-gameserver","infrastructure/ubuntu-gameserver","infrastructure\ubuntu-gameserver\gamehub\gamehub.sh",".sh","!/bin/bash"
"ubuntu-gameserver","infrastructure/ubuntu-gameserver","infrastructure\ubuntu-gameserver\gamehub\gaming_experience.sh",".sh","!/bin/bash"
"ubuntu-gameserver","infrastructure/ubuntu-gameserver","infrastructure\ubuntu-gameserver\gamehub\hybrid_cloud.sh",".sh","!/bin/bash"
"ubuntu-gameserver","infrastructure/ubuntu-gameserver","infrastructure\ubuntu-gameserver\gamehub\module_manager.sh",".sh","!/bin/bash"
"ubuntu-gameserver","infrastructure/ubuntu-gameserver","infrastructure\ubuntu-gameserver\gamehub\web_and_games.sh",".sh","!/bin/bash"
"ubuntu-gameserver","infrastructure/ubuntu-gameserver","infrastructure\ubuntu-gameserver\gamehub-installer.sh",".sh","!/bin/bash"
"ubuntu-gameserver","infrastructure/ubuntu-gameserver","infrastructure\ubuntu-gameserver\install.sh",".sh","!/bin/bash"
"ubuntu-server1","infrastructure/ubuntu-server1","infrastructure\ubuntu-server1\assets\script.js",".js","Pro případné rozšíření AJAX a live refresh"
"ubuntu-server1","infrastructure/ubuntu-server1","infrastructure\ubuntu-server1\srv\webui\app.py",".py","Skript app.py"
"ubuntu-server1","infrastructure/ubuntu-server1","infrastructure\ubuntu-server1\basic.sh",".sh","Skript basic.sh"
"ubuntu-server1","infrastructure/ubuntu-server1","infrastructure\ubuntu-server1\core-ai-context.sh",".sh","!/usr/bin/env bash"
"ubuntu-server1","infrastructure/ubuntu-server1","infrastructure\ubuntu-server1\core-ai-chat-cli.sh",".sh","!/usr/bin/env bash"
"ubuntu-server1","infrastructure/ubuntu-server1","infrastructure\ubuntu-server1\core-ai-install.sh",".sh","!/usr/bin/env bash"
"ubuntu-server1","infrastructure/ubuntu-server1","infrastructure\ubuntu-server1\core-ai-models.sh",".sh","!/usr/bin/env bash"
"ubuntu-server1","infrastructure/ubuntu-server1","infrastructure\ubuntu-server1\core-ai-nginx.sh",".sh","!/usr/bin/env bash"
"ubuntu-server1","infrastructure/ubuntu-server1","infrastructure\ubuntu-server1\core-ai-webui.sh",".sh","!/usr/bin/env bash"
"ubuntu-server1","infrastructure/ubuntu-server1","infrastructure\ubuntu-server1\core-aiops-analyzer.py",".py","Skript core-aiops-analyzer.py"
"ubuntu-server1","infrastructure/ubuntu-server1","infrastructure\ubuntu-server1\core-aiops-engine.sh",".sh","!/usr/bin/env bash"
"ubuntu-server1","infrastructure/ubuntu-server1","infrastructure\ubuntu-server1\core-aiops-webhook.sh",".sh","!/usr/bin/env bash"
"ubuntu-server1","infrastructure/ubuntu-server1","infrastructure\ubuntu-server1\core-backup-dr.sh",".sh","!/usr/bin/env bash"
"ubuntu-server1","infrastructure/ubuntu-server1","infrastructure\ubuntu-server1\core-backup-snapshots.sh",".sh","!/usr/bin/env bash"
"ubuntu-server1","infrastructure/ubuntu-server1","infrastructure\ubuntu-server1\core-ci-modules.sh",".sh","!/usr/bin/env bash"
"ubuntu-server1","infrastructure/ubuntu-server1","infrastructure\ubuntu-server1\core-gui-install.sh",".sh","!/usr/bin/env bash"
"ubuntu-server1","infrastructure/ubuntu-server1","infrastructure\ubuntu-server1\core-ha-prep.sh",".sh","!/usr/bin/env bash"
"ubuntu-server1","infrastructure/ubuntu-server1","infrastructure\ubuntu-server1\core-install.sh",".sh","!/usr/bin/env bash"
"ubuntu-server1","infrastructure/ubuntu-server1","infrastructure\ubuntu-server1\core-logging-central.sh",".sh","!/usr/bin/env bash"
"ubuntu-server1","infrastructure/ubuntu-server1","infrastructure\ubuntu-server1\core-monitoring-stack.sh",".sh","!/usr/bin/env bash"
"ubuntu-server1","infrastructure/ubuntu-server1","infrastructure\ubuntu-server1\core-os-postsetup.sh",".sh","!/usr/bin/env bash"
"ubuntu-server1","infrastructure/ubuntu-server1","infrastructure\ubuntu-server1\core-platform-install.sh",".sh","!/usr/bin/env bash"
"ubuntu-server1","infrastructure/ubuntu-server1","infrastructure\ubuntu-server1\core-roles-mfa.sh",".sh","!/usr/bin/env bash"
"ubuntu-server1","infrastructure/ubuntu-server1","infrastructure\ubuntu-server1\core-run-all.sh",".sh","!/usr/bin/env bash"
"ubuntu-server1","infrastructure/ubuntu-server1","infrastructure\ubuntu-server1\core-security-hardening.sh",".sh","!/usr/bin/env bash"
"ubuntu-server1","infrastructure/ubuntu-server1","infrastructure\ubuntu-server1\core-selfcheck.sh",".sh","!/usr/bin/env bash"
"ubuntu-server1","infrastructure/ubuntu-server1","infrastructure\ubuntu-server1\core-thinlinc-full.sh",".sh","!/usr/bin/env bash"
"ubuntu-server1","infrastructure/ubuntu-server1","infrastructure\ubuntu-server1\core-user-profiles.sh",".sh","!/usr/bin/env bash"
"ubuntu-server1","infrastructure/ubuntu-server1","infrastructure\ubuntu-server1\core-web-rbac.sh",".sh","!/usr/bin/env bash"
"ubuntu-server1","infrastructure/ubuntu-server1","infrastructure\ubuntu-server1\core-webui-ai-link.sh",".sh","!/usr/bin/env bash"
"ubuntu-server1","infrastructure/ubuntu-server1","infrastructure\ubuntu-server1\core-webui-install.sh",".sh","!/usr/bin/env bash"
"ubuntu-server1","infrastructure/ubuntu-server1","infrastructure\ubuntu-server1\core-webui-nginx.sh",".sh","!/usr/bin/env bash"
"ubuntu-server1","infrastructure/ubuntu-server1","infrastructure\ubuntu-server1\core-webui-service.sh",".sh","!/usr/bin/env bash"
"ubuntu-server1","infrastructure/ubuntu-server1","infrastructure\ubuntu-server1\core-wireguard-client.sh",".sh","!/usr/bin/env bash"
"ubuntu-server1","infrastructure/ubuntu-server1","infrastructure\ubuntu-server1\core-wireguard-mfa.sh",".sh","!/usr/bin/env bash"
"ubuntu-server1","infrastructure/ubuntu-server1","infrastructure\ubuntu-server1\check_zabbix_db.sh",".sh","!/bin/bash"
"ubuntu-server1","infrastructure/ubuntu-server1","infrastructure\ubuntu-server1\install_enterprise.sh",".sh","!/bin/bash"
"ubuntu-server1","infrastructure/ubuntu-server1","infrastructure\ubuntu-server1\ubuntu_server_setup.sh",".sh","!/bin/bash"
"ultra","tools/ultra","tools\ultra\core\ai_daemon.sh",".sh","!/bin/bash"
"ultra","tools/ultra","tools\ultra\core\ai_engine.sh",".sh","!/bin/bash"
"ultra","tools/ultra","tools\ultra\core\ai_plugin_recommender.py",".py","Skript ai_plugin_recommender.py"
"ultra","tools/ultra","tools\ultra\core\ai_plugin_recommender.sh",".sh","!/bin/bash"
"ultra","tools/ultra","tools\ultra\core\ai_recommender.py",".py","Skript ai_recommender.py"
"ultra","tools/ultra","tools\ultra\core\ai_repair.sh",".sh","!/bin/bash"
"ultra","tools/ultra","tools\ultra\core\analyzer.sh",".sh","Skript analyzer.sh"
"ultra","tools/ultra","tools\ultra\core\auto_extract.sh",".sh","Skript auto_extract.sh"
"ultra","tools/ultra","tools\ultra\core\auto_generate_missing.sh",".sh","!/bin/bash"
"ultra","tools/ultra","tools\ultra\core\dependency_manager.sh",".sh","Skript dependency_manager.sh"
"ultra","tools/ultra","tools\ultra\core\downloader.sh",".sh","Skript downloader.sh"
"ultra","tools/ultra","tools\ultra\core\env.sh",".sh","Skript env.sh"
"ultra","tools/ultra","tools\ultra\core\extractor.sh",".sh","Skript extractor.sh"
"ultra","tools/ultra","tools\ultra\core\generator.sh",".sh","Skript generator.sh"
"ultra","tools/ultra","tools\ultra\core\install_profiles.sh",".sh","zde se budou volat moduly"
"ultra","tools/ultra","tools\ultra\core\log.sh",".sh","Skript log.sh"
"ultra","tools/ultra","tools\ultra\core\logger.sh",".sh","Skript logger.sh"
"ultra","tools/ultra","tools\ultra\core\main.py",".py","!/usr/bin/env python3"
"ultra","tools/ultra","tools\ultra\core\module_loader.sh",".sh","!/bin/bash"
"ultra","tools/ultra","tools\ultra\core\plugin_recommender.sh",".sh","!/bin/bash"
"ultra","tools/ultra","tools\ultra\core\repair.sh",".sh","Skript repair.sh"
"ultra","tools/ultra","tools\ultra\core\rollback.sh",".sh","připraveno pro snapshot / backup"
"ultra","tools/ultra","tools\ultra\core\snapshot.sh",".sh","!/bin/bash"
"ultra","tools/ultra","tools\ultra\core\structure_guard.sh",".sh","!/bin/bash"
"ultra","tools/ultra","tools\ultra\core\system_check.sh",".sh","Skript system_check.sh"
"ultra","tools/ultra","tools\ultra\core\updater.sh",".sh","GitHub API logika"
"ultra","tools/ultra","tools\ultra\gui\desktop_gui.py",".py","Skript desktop_gui.py"
"ultra","tools/ultra","tools\ultra\gui\service-worker.js",".js","Skript service-worker.js"
"ultra","tools/ultra","tools\ultra\modules\ai\ai_config.py",".py","Nastavení pro AI engine"
"ultra","tools/ultra","tools\ultra\modules\ai\ai_core.py",".py","Skript ai_core.py"
"ultra","tools/ultra","tools\ultra\modules\ai\ai_install.sh",".sh","!/bin/bash"
"ultra","tools/ultra","tools\ultra\modules\ai\ai_logs.py",".py","Skript ai_logs.py"
"ultra","tools/ultra","tools\ultra\modules\ai\offline_llm.sh",".sh","Skript offline_llm.sh"
"ultra","tools/ultra","tools\ultra\modules\ai\plugin_ai.py",".py","Skript plugin_ai.py"
"ultra","tools/ultra","tools\ultra\modules\android\adb_fastboot.sh",".sh","Skript adb_fastboot.sh"
"ultra","tools/ultra","tools\ultra\modules\android\android_install.sh",".sh","Skript android_install.sh"
"ultra","tools/ultra","tools\ultra\modules\android\device_detect.sh",".sh","Skript device_detect.sh"
"ultra","tools/ultra","tools\ultra\modules\android\magisk_manager.sh",".sh","Skript magisk_manager.sh"
"ultra","tools/ultra","tools\ultra\modules\android\security_audit.sh",".sh","Skript security_audit.sh"
"ultra","tools/ultra","tools\ultra\modules\backend\app.py",".py","Skript app.py"
"ultra","tools/ultra","tools\ultra\modules\gui-installer\gui.sh",".sh","!/bin/bash"
"ultra","tools/ultra","tools\ultra\modules\pentest\kali_chroot.sh",".sh","Skript kali_chroot.sh"
"ultra","tools/ultra","tools\ultra\modules\pentest\pentest_install.sh",".sh","!/bin/bash"
"ultra","tools/ultra","tools\ultra\modules\pentest\tools_install.sh",".sh","Skript tools_install.sh"
"ultra","tools/ultra","tools\ultra\modules\pentest\wordlists.sh",".sh","Skript wordlists.sh"
"ultra","tools/ultra","tools\ultra\modules\pwa\pwa_install.sh",".sh","!/bin/bash"
"ultra","tools/ultra","tools\ultra\modules\web\backend\api_ai.py",".py","Skript api_ai.py"
"ultra","tools/ultra","tools\ultra\modules\web\backend\api_install.py",".py","Skript api_install.py"
"ultra","tools/ultra","tools\ultra\modules\web\backend\api_plugins.py",".py","Skript api_plugins.py"
"ultra","tools/ultra","tools\ultra\modules\web\backend\app.py",".py","Skript app.py"
"ultra","tools/ultra","tools\ultra\modules\web\backend\auth.py",".py","Skript auth.py"
"ultra","tools/ultra","tools\ultra\modules\web\backend\log_stream.py",".py","Skript log_stream.py"
"ultra","tools/ultra","tools\ultra\modules\web\frontend\service-worker.js",".js","Skript service-worker.js"
"ultra","tools/ultra","tools\ultra\modules\web\service.sh",".sh","!/bin/bash"
"ultra","tools/ultra","tools\ultra\modules\web\web_install.sh",".sh","!/bin/bash"
"ultra","tools/ultra","tools\ultra\plugins\default\ai-extensions\install.sh",".sh","!/bin/bash"
"ultra","tools/ultra","tools\ultra\plugins\default\android-helper\install.sh",".sh","!/bin/bash"
"ultra","tools/ultra","tools\ultra\plugins\default\security-baseline\install.sh",".sh","!/bin/bash"
"ultra","tools/ultra","tools\ultra\plugins\marketplace\plugin_manager.sh",".sh","Skript plugin_manager.sh"
"ultra","tools/ultra","tools\ultra\plugins\ai_plugin_recommender.sh",".sh","!/bin/bash"
"ultra","tools/ultra","tools\ultra\plugins\marketplace_server.py",".py","Skript marketplace_server.py"
"ultra","tools/ultra","tools\ultra\plugins\plugin_manager.sh",".sh","Skript plugin_manager.sh"
"ultra","tools/ultra","tools\ultra\plugins\start_marketplace.sh",".sh","!/bin/bash"
"ultra","tools/ultra","tools\ultra\web\installer_gui.py",".py","Skript installer_gui.py"
"ultra","tools/ultra","tools\ultra\web\installer_web.py",".py","Skript installer_web.py"
"ultra","tools/ultra","tools\ultra\web\installer.py",".py","Skript installer.py"
"ultra","tools/ultra","tools\ultra\web\marketplace.py",".py","Skript marketplace.py"
"ultra","tools/ultra","tools\ultra\web\start_installer.sh",".sh","!/bin/bash"
"ultra","tools/ultra","tools\ultra\web\start_marketplace.sh",".sh","!/bin/bash"
"ultra","tools/ultra","tools\ultra\build_ultra_final_release.sh",".sh","!/bin/bash"
"ultra","tools/ultra","tools\ultra\build_ultra_v16.sh",".sh","!/bin/bash"
"ultra","tools/ultra","tools\ultra\install_integ.sh",".sh","!/usr/bin/env bash"
"ultra","tools/ultra","tools\ultra\install_v15.sh",".sh","!/bin/bash"
"ultra","tools/ultra","tools\ultra\install_v16.sh",".sh","!/bin/bash"
"ultra","tools/ultra","tools\ultra\install_v17.sh",".sh","!/bin/bash"
"ultra","tools/ultra","tools\ultra\install.sh",".sh","!/bin/bash"
"ultra","tools/ultra","tools\ultra\ultra_generator.sh",".sh","!/bin/bash"
"universal-ai-codespace","tools/universal-ai-codespace","tools\universal-ai-codespace\.codespaces\start.sh",".sh","!/bin/bash"
"universal-ai-codespace","tools/universal-ai-codespace","tools\universal-ai-codespace\.devcontainer\setup.sh",".sh","!/bin/bash"
"universal-ai-codespace","tools/universal-ai-codespace","tools\universal-ai-codespace\scripts\scripts\ai-assistant.sh",".sh","!/bin/bash"
"universal-ai-codespace","tools/universal-ai-codespace","tools\universal-ai-codespace\scripts\ai-assistant.sh",".sh","vytvoř složku pokud neexistuje"
"uwp","tools/uwp","tools\uwp\modules\ai_module\ai_main.py",".py","!/usr/bin/env python3"
"uwp","tools/uwp","tools\uwp\modules\ai_module\utils.py",".py","Skript utils.py"
"uwp","tools/uwp","tools\uwp\modules\deployment_module\deploy_core.sh",".sh","!/usr/bin/env bash"
"uwp","tools/uwp","tools\uwp\modules\dev_module\scripts\setup_env.sh",".sh","!/usr/bin/env bash"
"uwp","tools/uwp","tools\uwp\modules\docker_module\docker_setup.sh",".sh","!/usr/bin/env bash"
"uwp","tools/uwp","tools\uwp\modules\terminal_module\terminal_config.sh",".sh","!/usr/bin/env bash"
"uwp","tools/uwp","tools\uwp\modules\validator_module\validator.sh",".sh","!/usr/bin/env bash"
"uwp","tools/uwp","tools\uwp\scripts\entrypoint.sh",".sh","!/bin/bash"
"uwp","tools/uwp","tools\uwp\scripts\healthcheck.sh",".sh","!/bin/bash"
"uwp","tools/uwp","tools\uwp\ai-analyzer.sh",".sh","!/usr/bin/env bash"
"uwp","tools/uwp","tools\uwp\auto_install.sh",".sh","**auto_install.sh**"
"uwp","tools/uwp","tools\uwp\uwp_all_modules.sh",".sh","Module 1: AI Workspace Module - modules/ai/install.sh"
"uwp","tools/uwp","tools\uwp\uwp_auto_install.sh",".sh","!/usr/bin/env bash"
"uwp","tools/uwp","tools\uwp\uwp_bin_cli.sh",".sh","!/usr/bin/env bash"
"uwp","tools/uwp","tools\uwp\uwp_build_package_system.sh",".sh","!/usr/bin/env bash"
"uwp","tools/uwp","tools\uwp\uwp_core_library.sh",".sh","!/usr/bin/env bash"
"uwp","tools/uwp","tools\uwp\uwp_deployment_system.sh",".sh","!/usr/bin/env bash"
"uwp","tools/uwp","tools\uwp\uwp_extended_modules.sh",".sh","Extended Modules for Universal Workspace Platform v4.0"
"uwp","tools/uwp","tools\uwp\uwp_gui_installer.sh",".sh","!/usr/bin/env bash"
"uwp","tools/uwp","tools\uwp\uwp_install_main.sh",".sh","!/usr/bin/env bash"
"uwp","tools/uwp","tools\uwp\uwp_installer_complete.sh",".sh","!/bin/bash"
"uwp","tools/uwp","tools\uwp\uwp_installer_complete2.sh",".sh","!/bin/bash"
"uwp","tools/uwp","tools\uwp\uwp_master_installer.sh",".sh","!/usr/bin/env bash"
"uwp","tools/uwp","tools\uwp\uwp_validator_tester.sh",".sh","!/usr/bin/env bash"
"uwp","tools/uwp","tools\uwp\uwp-docker.sh",".sh","!/bin/bash"
"uwp","tools/uwp","tools\uwp\uwp-installer.sh",".sh","!/usr/bin/env bash"
"uwp","tools/uwp","tools\uwp\uwp-packager.sh",".sh","!/usr/bin/env bash"
